selectionOrdinal,name,family,renderCost,referenceStatus,route,outcome,cluster,refusalCode,primaryDiagnosticCode,diagnosticCodes,dispatch,refuse,similarity,minSimilarity,isPassing,noScoreCause,referenceAvailable,generatedAvailable,width,height
0,bigblurs,BLUR,non-blocking,trusted,refusal,refused,strokes,unsupported.stroke.rect_anti_alias,unsupported.stroke.rect_anti_alias,unsupported.stroke.rect_anti_alias,0,0,,31.0,,generated-render-missing,True,False,320,512
1,blur2rects,BLUR,non-blocking,trusted,gpu,rendered,other,,,,3,0,96.11514285714286,91.4,True,,True,True,700,500
2,blur2rectsnonninepatch,BLUR,non-blocking,trusted,refusal,refused,filters,unsupported.native-mask-blur.mixed-local-sizes,unsupported.native-mask-blur.mixed-local-sizes,unsupported.native-mask-blur.mixed-local-sizes,0,0,,90.5,,generated-render-missing,True,False,700,500
3,BlurBigSigma,BLUR,non-blocking,trusted,gpu,rendered,other,,,,2,0,0.0,0.0,True,,True,True,1024,1024
4,blurcircles2,BLUR,non-blocking,trusted,failure,failed,other,,invalid.surface.prepared.frame-build-contract,invalid.surface.prepared.frame-build-contract,0,0,,49.2,,generated-render-missing,True,False,730,1350
5,blurcircles,BLUR,non-blocking,trusted,failure,failed,other,,invalid.surface.prepared.frame-build-contract,invalid.surface.prepared.frame-build-contract,0,0,,81.6,,generated-render-missing,True,False,950,950
6,BlurDrawImage,BLUR,non-blocking,trusted,refusal,refused,images,unsupported.image.native_binding,unsupported.image.native_binding,unsupported.image.native_binding,0,0,,0.0,,generated-render-missing,True,False,256,256
7,blur_ignore_xform_circle,BLUR,non-blocking,trusted,refusal,refused,path-clip,unsupported.core_primitive.stencil_edge_fan_budget,unsupported.core_primitive.stencil_edge_fan_budget,unsupported.core_primitive.stencil_edge_fan_budget,0,0,,0.0,,generated-render-missing,True,False,375,475
8,blur_ignore_xform_rrect,BLUR,non-blocking,trusted,failure,failed,other,,stale.preflight.resource_generation,stale.preflight.resource_generation,0,0,,0.0,,generated-render-missing,True,False,375,475
9,blur_ignore_xform_rect,BLUR,non-blocking,trusted,failure,failed,other,,stale.preflight.resource_generation,stale.preflight.resource_generation,0,0,,0.0,,generated-render-missing,True,False,375,475
10,blur_image,BLUR,non-blocking,trusted,refusal,refused,images,unsupported.image.native_binding,unsupported.image.native_binding,unsupported.image.native_binding,0,0,,78.4,,generated-render-missing,True,False,500,500
11,blur_matrix_rect,BLUR,non-blocking,trusted,refusal,refused,filters,unsupported.native-mask-blur.mixed-local-sizes,unsupported.native-mask-blur.mixed-local-sizes,unsupported.native-mask-blur.mixed-local-sizes,0,0,,87.0,,generated-render-missing,True,False,650,685
12,check_small_sigma_offset,BLUR,non-blocking,trusted,refusal,refused,strokes,unsupported.stroke.rect_anti_alias,unsupported.stroke.rect_anti_alias,unsupported.stroke.rect_anti_alias,0,0,,91.7,,generated-render-missing,True,False,200,1200
13,blurquickreject,BLUR,non-blocking,trusted,refusal,refused,path-clip,unsupported.geometry.path_key_nondeterministic,unsupported.geometry.path_key_nondeterministic,unsupported.geometry.path_key_nondeterministic,0,0,,70.5,,generated-render-missing,True,False,300,300
14,blurrect_gallery,BLUR,non-blocking,trusted,gpu,rendered,other,,,,55,0,65.05875651041667,64.5,True,,True,True,1200,1024
15,blurrects,BLUR,non-blocking,trusted,refusal,refused,other,unsupported.material.source_unimplemented,unsupported.material.source_unimplemented,unsupported.material.source_unimplemented,0,0,,44.0,,generated-render-missing,True,False,860,820
16,BlurSmallSigma,BLUR,non-blocking,trusted,gpu,rendered,other,,,,4,0,86.71875,82.9,True,,True,True,512,256
17,blurredclippedcircle,BLUR,non-blocking,trusted,failure,failed,other,,invalid.surface.prepared.frame-build-contract,invalid.surface.prepared.frame-build-contract,0,0,,70.5,,generated-render-missing,True,False,1164,802
18,crbug_899512,BLUR,non-blocking,trusted,gpu,rendered,other,,,,2,0,92.14571005917159,87.7,True,,True,True,520,520
19,emboss,BLUR,non-blocking,trusted,refusal,refused,path-clip,unsupported.geometry.path_key_nondeterministic,unsupported.geometry.path_key_nondeterministic,unsupported.geometry.path_key_nondeterministic,0,0,,55.5,,generated-render-missing,True,False,600,120
20,embossmaskfilter,BLUR,non-blocking,trusted,failure,failed,other,,invalid.surface.prepared.frame-build-contract,invalid.surface.prepared.frame-build-contract,0,0,,0.0,,generated-render-missing,True,False,640,960
21,fast_slow_blurimagefilter,BLUR,non-blocking,trusted,refusal,refused,images,unsupported.image.native_binding,unsupported.image.native_binding,unsupported.image.native_binding,0,0,,0.0,,generated-render-missing,True,False,620,260
22,hdr-pip-blur,BLUR,non-blocking,trusted,gpu,rendered,other,,,,5,0,0.0,0.0,True,,True,True,640,360
23,imageblur2,BLUR,non-blocking,trusted,gpu,rendered,other,,,,217,0,8.48,5.0,True,,True,True,500,500
24,imageblurclampmode,BLUR,non-blocking,trusted,refusal,refused,path-clip,unsupported.core_primitive.stencil_edge_fan_budget,unsupported.core_primitive.stencil_edge_fan_budget,unsupported.core_primitive.stencil_edge_fan_budget,0,0,,0.0,,generated-render-missing,True,False,850,920
25,imageblur,BLUR,non-blocking,trusted,gpu,rendered,other,,,,27,0,30.0068,27.9,True,,True,True,500,500
26,imageblurrepeatmode,BLUR,non-blocking,trusted,refusal,refused,path-clip,unsupported.core_primitive.coverage_sample.scalar_aa_not_promoted,unsupported.core_primitive.coverage_sample.scalar_aa_not_promoted,unsupported.core_primitive.coverage_sample.scalar_aa_not_promoted,0,0,,0.0,,generated-render-missing,True,False,850,920
27,imageblurrepeatunclipped,BLUR,non-blocking,trusted,refusal,refused,images,unsupported.image.native_binding,unsupported.image.native_binding,unsupported.image.native_binding,0,0,,0.0,,generated-render-missing,True,False,256,128
28,inverse_fill_filters,BLUR,non-blocking,trusted,refusal,refused,strokes,unsupported.stroke.rect_anti_alias,unsupported.stroke.rect_anti_alias,unsupported.stroke.rect_anti_alias,0,0,,0.0,,generated-render-missing,True,False,384,128
29,inverse_windingmode_filters,BLUR,non-blocking,trusted,refusal,refused,path-clip,unsupported.geometry.path_key_nondeterministic,unsupported.geometry.path_key_nondeterministic,unsupported.geometry.path_key_nondeterministic,0,0,,0.0,,generated-render-missing,True,False,256,100
30,matrixconvolution,BLUR,non-blocking,trusted,gpu,rendered,other,,,,4,0,0.14933333333333332,0.0,True,,True,True,500,300
31,matrixconvolution_big_color,BLUR,non-blocking,trusted,gpu,rendered,other,,,,8,0,0.0,0.0,True,,True,True,500,300
32,matrixconvolution_big,BLUR,non-blocking,trusted,gpu,rendered,other,,,,4,0,2.0353333333333334,0.0,True,,True,True,500,300
33,matrixconvolution_bigger,BLUR,non-blocking,trusted,gpu,rendered,other,,,,5,0,0.0,0.0,True,,True,True,500,300
34,matrixconvolution_biggest,BLUR,non-blocking,trusted,gpu,rendered,other,,,,6,0,0.0,0.0,True,,True,True,500,300
35,matrixconvolution_color,BLUR,non-blocking,trusted,refusal,refused,path-clip,unsupported.core_primitive.stencil_edge_fan_budget,unsupported.core_primitive.stencil_edge_fan_budget,unsupported.core_primitive.stencil_edge_fan_budget,0,0,,0.0,,generated-render-missing,True,False,500,300
36,rrect_blurs,BLUR,non-blocking,trusted,refusal,refused,path-clip,unsupported.geometry.path_key_nondeterministic,unsupported.geometry.path_key_nondeterministic,unsupported.geometry.path_key_nondeterministic,0,0,,0.0,,generated-render-missing,True,False,300,400
37,simpleblurroundrect,BLUR,non-blocking,trusted,refusal,refused,other,unsupported.material.source_unimplemented,unsupported.material.source_unimplemented,unsupported.material.source_unimplemented,0,0,,64.3,,generated-render-missing,True,False,1000,500
38,smallemboss,BLUR,non-blocking,trusted,gpu,rendered,other,,,,2,0,0.0,0.0,True,,True,True,50,50
39,tablemaskfilter,BLUR,non-blocking,trusted,gpu,rendered,other,,,,2,0,83.47375,0.0,True,,True,True,400,400
40,TiledBlurBigSigma,BLUR,non-blocking,trusted,refusal,refused,compositing,unsupported.composite.paint,unsupported.composite.paint,unsupported.composite.paint,0,0,,0.0,,generated-render-missing,True,False,1024,768
41,aaclip,CLIP,non-blocking,trusted,failure,failed,path-clip,,invalid.preflight.core_primitive_path_stencil_msaa_authority,invalid.preflight.core_primitive_path_stencil_msaa_authority,0,0,,88.2,,generated-render-missing,True,False,240,120
42,circular-clips,CLIP,non-blocking,trusted,refusal,refused,path-clip,unsupported.core_primitive.coverage_sample.scalar_aa_not_promoted,unsupported.core_primitive.coverage_sample.scalar_aa_not_promoted,unsupported.core_primitive.coverage_sample.scalar_aa_not_promoted,0,0,,0.0,,generated-render-missing,True,False,800,200
43,clipcubic,CLIP,non-blocking,trusted,refusal,refused,path-clip,unsupported.geometry.path_key_nondeterministic,unsupported.geometry.path_key_nondeterministic,unsupported.geometry.path_key_nondeterministic,0,0,,61.9,,generated-render-missing,True,False,400,410
44,clipdrawdraw,CLIP,non-blocking,trusted,gpu,rendered,other,,,,6,0,99.65286254882812,24.0,True,,True,True,512,512
45,cliplargerect,CLIP,non-blocking,trusted,refusal,refused,path-clip,unsupported.geometry.path_key_nondeterministic,unsupported.geometry.path_key_nondeterministic,unsupported.geometry.path_key_nondeterministic,0,0,,47.7,,generated-render-missing,True,False,256,256
46,clip_region,CLIP,non-blocking,trusted,refusal,refused,path-clip,unsupported.composite.clip,unsupported.composite.clip,unsupported.composite.clip,0,0,,0.0,,generated-render-missing,True,False,256,256
47,clip_sierpinski_region,CLIP,non-blocking,trusted,refusal,refused,path-clip,unsupported.composite.clip,unsupported.composite.clip,unsupported.composite.clip,0,0,,0.0,,generated-render-missing,True,False,263,263
48,clip_strokerect,CLIP,non-blocking,trusted,refusal,refused,strokes,unsupported.stroke.rect_anti_alias,unsupported.stroke.rect_anti_alias,unsupported.stroke.rect_anti_alias,0,0,,71.8,,generated-render-missing,True,False,200,400
49,clipsuperrrect,CLIP,non-blocking,missing,refusal,refused,path-clip,unsupported.core_primitive.stencil_edge_fan_budget,unsupported.core_primitive.stencil_edge_fan_budget,unsupported.core_primitive.stencil_edge_fan_budget,0,0,,0.0,,reference-missing,False,False,256,256
50,complexclip3_complex,CLIP,non-blocking,trusted,refusal,refused,path-clip,unsupported.core_primitive.coverage_sample.scalar_aa_not_promoted,unsupported.core_primitive.coverage_sample.scalar_aa_not_promoted,unsupported.core_primitive.coverage_sample.scalar_aa_not_promoted,0,0,,0.0,,generated-render-missing,True,False,400,950
51,complexclip3_simple,CLIP,non-blocking,trusted,refusal,refused,path-clip,unsupported.core_primitive.coverage_sample.scalar_aa_not_promoted,unsupported.core_primitive.coverage_sample.scalar_aa_not_promoted,unsupported.core_primitive.coverage_sample.scalar_aa_not_promoted,0,0,,0.0,,generated-render-missing,True,False,400,950
52,complexclip4_aa,CLIP,non-blocking,trusted,refusal,refused,path-clip,unsupported.core_primitive.coverage_sample.scalar_aa_not_promoted,unsupported.core_primitive.coverage_sample.scalar_aa_not_promoted,unsupported.core_primitive.coverage_sample.scalar_aa_not_promoted,0,0,,0.0,,generated-render-missing,True,False,970,780
53,complexclip4_bw,CLIP,non-blocking,trusted,refusal,refused,path-clip,unsupported.core_primitive.coverage_sample.scalar_aa_not_promoted,unsupported.core_primitive.coverage_sample.scalar_aa_not_promoted,unsupported.core_primitive.coverage_sample.scalar_aa_not_promoted,0,0,,0.0,,generated-render-missing,True,False,970,780
54,complexclip_aa,CLIP,non-blocking,trusted,refusal,refused,path-clip,unsupported.geometry.path_key_nondeterministic,unsupported.geometry.path_key_nondeterministic,unsupported.geometry.path_key_nondeterministic,0,0,,0.0,,generated-render-missing,True,False,388,780
55,complexclip_aa_invert,CLIP,non-blocking,trusted,refusal,refused,path-clip,unsupported.geometry.path_key_nondeterministic,unsupported.geometry.path_key_nondeterministic,unsupported.geometry.path_key_nondeterministic,0,0,,0.0,,generated-render-missing,True,False,388,780
56,complexclip_aa_layer,CLIP,non-blocking,trusted,refusal,refused,path-clip,unsupported.composite.clip,unsupported.composite.clip,unsupported.composite.clip,0,0,,0.0,,generated-render-missing,True,False,388,780
57,complexclip_aa_layer_invert,CLIP,non-blocking,trusted,refusal,refused,path-clip,unsupported.composite.clip,unsupported.composite.clip,unsupported.composite.clip,0,0,,0.0,,generated-render-missing,True,False,388,780
58,complexclip_blur_tiled,CLIP,non-blocking,trusted,refusal,refused,compositing,unsupported.composite.paint,unsupported.composite.paint,unsupported.composite.paint,0,0,,0.0,,generated-render-missing,True,False,512,512
59,complexclip_bw,CLIP,non-blocking,trusted,refusal,refused,path-clip,unsupported.geometry.path_key_nondeterministic,unsupported.geometry.path_key_nondeterministic,unsupported.geometry.path_key_nondeterministic,0,0,,0.0,,generated-render-missing,True,False,388,780
60,complexclip_bw_invert,CLIP,non-blocking,trusted,refusal,refused,path-clip,unsupported.geometry.path_key_nondeterministic,unsupported.geometry.path_key_nondeterministic,unsupported.geometry.path_key_nondeterministic,0,0,,0.0,,generated-render-missing,True,False,388,780
61,complexclip_bw_layer,CLIP,non-blocking,trusted,refusal,refused,path-clip,unsupported.composite.clip,unsupported.composite.clip,unsupported.composite.clip,0,0,,0.0,,generated-render-missing,True,False,388,780
62,complexclip_bw_layer_invert,CLIP,non-blocking,trusted,refusal,refused,path-clip,unsupported.composite.clip,unsupported.composite.clip,unsupported.composite.clip,0,0,,0.0,,generated-render-missing,True,False,388,780
63,convex_poly_clip,CLIP,non-blocking,trusted,refusal,refused,gradients,unsupported.material.gradient_tile_mode_unsupported,unsupported.material.gradient_tile_mode_unsupported,unsupported.material.gradient_tile_mode_unsupported,0,0,,0.0,,generated-render-missing,True,False,870,540
64,crbug_892988,CLIP,non-blocking,trusted,refusal,refused,strokes,unsupported.stroke.rect_anti_alias,unsupported.stroke.rect_anti_alias,unsupported.stroke.rect_anti_alias,0,0,,9.5,,generated-render-missing,True,False,256,256
65,croppedrects,CLIP,non-blocking,trusted,refusal,refused,strokes,unsupported.stroke.rect_anti_alias,unsupported.stroke.rect_anti_alias,unsupported.stroke.rect_anti_alias,0,0,,0.0,,generated-render-missing,True,False,500,500
66,distantclip,CLIP,non-blocking,trusted,gpu,rendered,other,,,,3,0,100.0,0.0,True,,True,True,100,100
67,fast_constraint_red_is_allowed,CLIP,non-blocking,trusted,gpu,rendered-no-score,other,,,,7,0,,80.0,,size-mismatch,True,True,800,1000
68,fast_constraint_red_is_allowed_manual,CLIP,non-blocking,trusted,gpu,rendered-no-score,other,,,,7,0,,0.0,,size-mismatch,True,True,800,1000
69,inverseclip,CLIP,non-blocking,trusted,refusal,refused,path-clip,unsupported.core_primitive.stencil_edge_fan_budget,unsupported.core_primitive.stencil_edge_fan_budget,unsupported.core_primitive.stencil_edge_fan_budget,0,0,,52.1,,generated-render-missing,True,False,400,400
70,manypathatlases_128,CLIP,non-blocking,trusted,refusal,refused,path-clip,unsupported.core_primitive.stencil_edge_fan_budget,unsupported.core_primitive.stencil_edge_fan_budget,unsupported.core_primitive.stencil_edge_fan_budget,0,0,,0.0,,generated-render-missing,True,False,128,128
71,manypathatlases_2048,CLIP,non-blocking,trusted,refusal,refused,path-clip,unsupported.core_primitive.stencil_edge_fan_budget,unsupported.core_primitive.stencil_edge_fan_budget,unsupported.core_primitive.stencil_edge_fan_budget,0,0,,0.0,,generated-render-missing,True,False,128,128
72,pdf_crbug_772685,CLIP,non-blocking,trusted,failure,failed,other,,invalid.surface.prepared.frame-build-contract,invalid.surface.prepared.frame-build-contract,0,0,,0.0,,generated-render-missing,True,False,612,792
73,perspective_clip,CLIP,non-blocking,trusted,refusal,refused,path-clip,unsupported.core_primitive.stencil_edge_fan_budget,unsupported.core_primitive.stencil_edge_fan_budget,unsupported.core_primitive.stencil_edge_fan_budget,0,0,,0.0,,generated-render-missing,True,False,800,800
74,rrect_clip_aa,CLIP,non-blocking,trusted,refusal,refused,path-clip,unsupported.core_primitive.coverage_sample.scalar_aa_not_promoted,unsupported.core_primitive.coverage_sample.scalar_aa_not_promoted,unsupported.core_primitive.coverage_sample.scalar_aa_not_promoted,0,0,,0.0,,generated-render-missing,True,False,640,480
75,rrect_clip_bw,CLIP,non-blocking,trusted,refusal,refused,path-clip,unsupported.core_primitive.coverage_sample.scalar_aa_not_promoted,unsupported.core_primitive.coverage_sample.scalar_aa_not_promoted,unsupported.core_primitive.coverage_sample.scalar_aa_not_promoted,0,0,,0.0,,generated-render-missing,True,False,640,480
76,rrect_clip_draw_paint,CLIP,non-blocking,trusted,refusal,refused,path-clip,unsupported.composite.clip,unsupported.composite.clip,unsupported.composite.clip,0,0,,0.0,,generated-render-missing,True,False,256,256
77,simpleaaclip_path,CLIP,non-blocking,trusted,refusal,refused,strokes,unsupported.stroke.rect_anti_alias,unsupported.stroke.rect_anti_alias,unsupported.stroke.rect_anti_alias,0,0,,0.0,,generated-render-missing,True,False,500,240
78,simpleaaclip_rect,CLIP,non-blocking,trusted,refusal,refused,strokes,unsupported.stroke.rect_anti_alias,unsupported.stroke.rect_anti_alias,unsupported.stroke.rect_anti_alias,0,0,,0.0,,generated-render-missing,True,False,500,240
79,skbug1719,CLIP,non-blocking,trusted,failure,failed,other,,invalid.surface.prepared.frame-build-contract,invalid.surface.prepared.frame-build-contract,0,0,,0.0,,generated-render-missing,True,False,300,100
80,skbug_9319,CLIP,non-blocking,trusted,failure,failed,other,,invalid.preflight.core_primitive_clip_producer_authority,invalid.preflight.core_primitive_clip_producer_authority,0,0,,0.0,,generated-render-missing,True,False,256,512
81,strict_constraint_batch_no_red_allowed,CLIP,non-blocking,trusted,gpu,rendered-no-score,other,,,,7,0,,80.0,,size-mismatch,True,True,800,1000
82,strict_constraint_batch_no_red_allowed_manual,CLIP,non-blocking,trusted,gpu,rendered-no-score,other,,,,7,0,,0.0,,size-mismatch,True,True,800,1000
83,strict_constraint_no_red_allowed,CLIP,non-blocking,trusted,gpu,rendered-no-score,other,,,,4,0,,80.0,,size-mismatch,True,True,800,1000
84,strict_constraint_no_red_allowed_manual,CLIP,non-blocking,trusted,gpu,rendered-no-score,other,,,,4,0,,0.0,,size-mismatch,True,True,800,1000
85,windowrectangles,CLIP,non-blocking,trusted,refusal,refused,path-clip,unsupported.recording.core_primitive_analytic_shape_clip,unsupported.recording.core_primitive_analytic_shape_clip,unsupported.recording.core_primitive_analytic_shape_clip,0,0,,0.0,,generated-render-missing,True,False,600,600
86,color,COLOR,non-blocking,missing,gpu,rendered-no-score,other,,,,5,0,,0.0,,reference-missing,False,True,256,256
87,filter,COLOR,non-blocking,missing,gpu,rendered-no-score,other,,,,5,0,,0.0,,reference-missing,False,True,256,256
88,orientation,COLOR,non-blocking,missing,gpu,rendered-no-score,other,,,,5,0,,0.0,,reference-missing,False,True,200,160
89,p3_ovals,COLOR,non-blocking,trusted,refusal,refused,path-clip,unsupported.core_primitive.stencil_edge_fan_budget,unsupported.core_primitive.stencil_edge_fan_budget,unsupported.core_primitive.stencil_edge_fan_budget,0,0,,0.0,,generated-render-missing,True,False,450,320
90,paint_alpha_normals_rt,COLOR,non-blocking,trusted,refusal,refused,other,unsupported.material.source_unimplemented,unsupported.material.source_unimplemented,unsupported.material.source_unimplemented,0,0,,0.0,,generated-render-missing,True,False,512,512
91,rect,COLOR,non-blocking,missing,gpu,rendered-no-score,other,,,,6,0,,0.0,,reference-missing,False,True,256,256
92,shader,COLOR,non-blocking,missing,failure,failed,other,,invalid.preflight.core_primitive_direct_geometry_resources,invalid.preflight.core_primitive_direct_geometry_resources,0,0,,0.0,,reference-missing,False,False,256,256
93,aaxfermodes,COMPOSITE,non-blocking,trusted,refusal,refused,compositing,unsupported.composite.picture.budget,unsupported.composite.picture.budget,unsupported.composite.picture.budget,0,0,,14.0,,generated-render-missing,True,False,984,625
94,aarectmodes,COMPOSITE,non-blocking,trusted,refusal,refused,compositing,unsupported.composite.preflight,unsupported.composite.preflight,unsupported.composite.preflight,0,0,,30.8,,generated-render-missing,True,False,640,480
95,arithmode_blender,COMPOSITE,non-blocking,trusted,refusal,refused,compositing,unsupported.composite.operation,unsupported.composite.operation,unsupported.composite.operation,0,0,,0.0,,generated-render-missing,True,False,460,920
96,backdrop_hintrect_clipping,COMPOSITE,non-blocking,trusted,refusal,refused,compositing,unsupported.composite.paint,unsupported.composite.paint,unsupported.composite.paint,0,0,,0.0,,generated-render-missing,True,False,512,1024
97,backdrop_imagefilter_croprect,COMPOSITE,non-blocking,trusted,refusal,refused,compositing,unsupported.composite.paint,unsupported.composite.paint,unsupported.composite.paint,0,0,,0.0,,generated-render-missing,True,False,600,500
98,badpaint,COMPOSITE,non-blocking,trusted,refusal,refused,other,unsupported.material.source_unimplemented,unsupported.material.source_unimplemented,unsupported.material.source_unimplemented,0,0,,31.0,,generated-render-missing,True,False,100,100
99,clip_shader_difference,COMPOSITE,non-blocking,trusted,gpu,rendered,other,,,,1,0,0.0,0.0,True,,True,True,512,512
100,clipshadermatrix,COMPOSITE,non-blocking,trusted,refusal,refused,compositing,unsupported.composite.paint,unsupported.composite.paint,unsupported.composite.paint,0,0,,0.0,,generated-render-missing,True,False,145,128
101,clip_shader_layer,COMPOSITE,non-blocking,trusted,gpu,rendered,other,,,,1,0,58.080668604651166,0.0,True,,True,True,430,320
102,clip_shader_nested,COMPOSITE,non-blocking,trusted,refusal,refused,compositing,unsupported.composite.paint,unsupported.composite.paint,unsupported.composite.paint,0,0,,0.0,,generated-render-missing,True,False,256,256
103,clip_shader_persp,COMPOSITE,non-blocking,trusted,gpu,rendered,other,,,,1,0,76.54000425200198,0.0,True,,True,True,1370,1030
104,clip_shader,COMPOSITE,non-blocking,trusted,gpu,rendered,other,,,,1,0,61.901282051282045,0.0,True,,True,True,840,650
105,color4blendcf,COMPOSITE,non-blocking,trusted,gpu,rendered,other,,,,13,0,82.63888888888889,0.0,True,,True,True,360,480
106,color4shader,COMPOSITE,non-blocking,trusted,gpu,rendered,other,,,,13,0,82.63888888888889,0.0,True,,True,True,360,480
107,colorfilterimagefilter,COMPOSITE,non-blocking,trusted,refusal,refused,path-clip,unsupported.core_primitive.coverage_sample.scalar_aa_not_promoted,unsupported.core_primitive.coverage_sample.scalar_aa_not_promoted,unsupported.core_primitive.coverage_sample.scalar_aa_not_promoted,0,0,,44.8,,generated-render-missing,True,False,435,120
108,colorfilterimagefilter_layer,COMPOSITE,non-blocking,trusted,refusal,refused,compositing,unsupported.composite.paint,unsupported.composite.paint,unsupported.composite.paint,0,0,,0.0,,generated-render-missing,True,False,32,32
109,colorfiltershader,COMPOSITE,non-blocking,trusted,refusal,refused,gradients,unsupported.material.gradient_tile_mode_unsupported,unsupported.material.gradient_tile_mode_unsupported,unsupported.material.gradient_tile_mode_unsupported,0,0,,34.3,,generated-render-missing,True,False,610,610
110,lightingcolorfilter,COMPOSITE,non-blocking,trusted,refusal,refused,path-clip,unsupported.core_primitive.material.path_stencil,unsupported.core_primitive.material.path_stencil,unsupported.core_primitive.material.path_stencil,0,0,,0.0,,generated-render-missing,True,False,620,430
111,colormatrix,COMPOSITE,non-blocking,trusted,refusal,refused,images,unsupported.image.native_binding,unsupported.image.native_binding,unsupported.image.native_binding,0,0,,0.0,,generated-render-missing,True,False,500,160
112,colorcomposefilter_alpha,COMPOSITE,non-blocking,trusted,refusal,refused,path-clip,unsupported.core_primitive.coverage_sample.scalar_aa_not_promoted,unsupported.core_primitive.coverage_sample.scalar_aa_not_promoted,unsupported.core_primitive.coverage_sample.scalar_aa_not_promoted,0,0,,0.0,,generated-render-missing,True,False,790,790
113,colorcomposefilter_wacky,COMPOSITE,non-blocking,trusted,refusal,refused,path-clip,unsupported.core_primitive.coverage_sample.scalar_aa_not_promoted,unsupported.core_primitive.coverage_sample.scalar_aa_not_promoted,unsupported.core_primitive.coverage_sample.scalar_aa_not_promoted,0,0,,0.0,,generated-render-missing,True,False,790,790
114,compare_atlas_vertices,COMPOSITE,non-blocking,trusted,refusal,refused,images,unsupported.image.native_binding,unsupported.image.native_binding,unsupported.image.native_binding,0,0,,0.0,,generated-render-missing,True,False,560,585
115,composeshader_alpha,COMPOSITE,non-blocking,trusted,refusal,refused,other,unsupported.material.source_unimplemented,unsupported.material.source_unimplemented,unsupported.material.source_unimplemented,0,0,,12.1,,generated-render-missing,True,False,750,220
116,composeshader_bitmap,COMPOSITE,non-blocking,trusted,refusal,refused,other,unsupported.material.source_unimplemented,unsupported.material.source_unimplemented,unsupported.material.source_unimplemented,0,0,,0.0,,generated-render-missing,True,False,175,50
117,composeshader_bitmap_lm,COMPOSITE,non-blocking,trusted,refusal,refused,other,unsupported.material.source_unimplemented,unsupported.material.source_unimplemented,unsupported.material.source_unimplemented,0,0,,0.0,,generated-render-missing,True,False,175,50
118,composeshader,COMPOSITE,non-blocking,trusted,refusal,refused,other,unsupported.material.source_unimplemented,unsupported.material.source_unimplemented,unsupported.material.source_unimplemented,0,0,,25.6,,generated-render-missing,True,False,120,120
119,composeshader_grid,COMPOSITE,non-blocking,trusted,refusal,refused,compositing,unsupported.composite.paint,unsupported.composite.paint,unsupported.composite.paint,0,0,,4.5,,generated-render-missing,True,False,882,882
120,composeCFIF,COMPOSITE,non-blocking,trusted,refusal,refused,path-clip,unsupported.core_primitive.coverage_sample.scalar_aa_not_promoted,unsupported.core_primitive.coverage_sample.scalar_aa_not_promoted,unsupported.core_primitive.coverage_sample.scalar_aa_not_promoted,0,0,,0.0,,generated-render-missing,True,False,604,200
121,compositor_quads_color,COMPOSITE,non-blocking,trusted,refusal,refused,path-clip,unsupported.geometry.path_key_nondeterministic,unsupported.geometry.path_key_nondeterministic,unsupported.geometry.path_key_nondeterministic,0,0,,0.0,,generated-render-missing,True,False,955,231
122,crbug_1162942,COMPOSITE,non-blocking,trusted,refusal,refused,other,unsupported.core_primitive.geometry.invalid,unsupported.core_primitive.geometry.invalid,unsupported.core_primitive.geometry.invalid,0,0,,0.0,,generated-render-missing,True,False,620,200
123,crbug_1167277,COMPOSITE,non-blocking,trusted,gpu,rendered,other,,,,16,0,94.41576086956522,0.0,True,,True,True,230,320
124,crbug_1174186,COMPOSITE,non-blocking,trusted,refusal,refused,other,unsupported.core_primitive.geometry.invalid,unsupported.core_primitive.geometry.invalid,unsupported.core_primitive.geometry.invalid,0,0,,0.0,,generated-render-missing,True,False,1200,1200
125,crbug_1177833,COMPOSITE,non-blocking,trusted,refusal,refused,path-clip,unsupported.core_primitive.coverage_sample.scalar_aa_not_promoted,unsupported.core_primitive.coverage_sample.scalar_aa_not_promoted,unsupported.core_primitive.coverage_sample.scalar_aa_not_promoted,0,0,,0.0,,generated-render-missing,True,False,400,400
126,crbug_918512,COMPOSITE,non-blocking,trusted,refusal,refused,compositing,unsupported.composite.paint,unsupported.composite.paint,unsupported.composite.paint,0,0,,0.0,,generated-render-missing,True,False,256,256
127,destcolor,COMPOSITE,non-blocking,trusted,refusal,refused,path-clip,unsupported.core_primitive.stencil_edge_fan_budget,unsupported.core_primitive.stencil_edge_fan_budget,unsupported.core_primitive.stencil_edge_fan_budget,0,0,,0.0,,generated-render-missing,True,False,640,640
128,discard,COMPOSITE,non-blocking,trusted,gpu,rendered,other,,,,102,0,0.0,0.0,True,,True,True,100,100
129,displacement,COMPOSITE,non-blocking,trusted,refusal,refused,images,unsupported.image.native_binding,unsupported.image.native_binding,unsupported.image.native_binding,0,0,,0.0,,generated-render-missing,True,False,600,500
130,draw-atlas-colors,COMPOSITE,non-blocking,trusted,refusal,refused,images,unsupported.image.atlas.source_blend,unsupported.image.atlas.source_blend,unsupported.image.atlas.source_blend,0,0,,0.0,,generated-render-missing,True,False,930,266
131,draw-atlas,COMPOSITE,non-blocking,trusted,refusal,refused,images,unsupported.image.atlas.source_blend,unsupported.image.atlas.source_blend,unsupported.image.atlas.source_blend,0,0,,0.0,,generated-render-missing,True,False,640,480
132,draw_image_set_alpha_only,COMPOSITE,non-blocking,trusted,gpu,rendered,other,,,,161,0,0.0,0.0,True,,True,True,200,400
133,draw_image_set,COMPOSITE,non-blocking,trusted,refusal,refused,images,unsupported.image.native_binding,unsupported.image.native_binding,unsupported.image.native_binding,0,0,,0.0,,generated-render-missing,True,False,1000,725
134,draw_image_set_rect_to_rect,COMPOSITE,non-blocking,trusted,gpu,rendered,other,,,,506,0,0.05072941176470588,0.0,True,,True,True,1250,850
135,draw_quad_set,COMPOSITE,non-blocking,trusted,refusal,refused,path-clip,unsupported.geometry.path_key_nondeterministic,unsupported.geometry.path_key_nondeterministic,unsupported.geometry.path_key_nondeterministic,0,0,,0.0,,generated-render-missing,True,False,800,800
136,dropshadow_pseudopersp,COMPOSITE,non-blocking,trusted,refusal,refused,compositing,unsupported.composite.paint,unsupported.composite.paint,unsupported.composite.paint,0,0,,0.0,,generated-render-missing,True,False,155,155
137,dstreadshuffle,COMPOSITE,non-blocking,trusted,refusal,refused,path-clip,unsupported.geometry.path_key_nondeterministic,unsupported.geometry.path_key_nondeterministic,unsupported.geometry.path_key_nondeterministic,0,0,,0.0,,generated-render-missing,True,False,530,680
138,ducky_yuv_blend,COMPOSITE,non-blocking,trusted,gpu,rendered,other,,,,1,0,6.619469026548673,0.0,True,,True,True,560,1130
139,encode,IMAGE,non-blocking,trusted,failure,failed,other,,invalid.preflight.text.dependency,invalid.preflight.text.dependency,0,0,,0.0,,generated-render-missing,True,False,1024,600
140,fadefilter,COMPOSITE,non-blocking,trusted,gpu,rendered,other,,,,2,0,100.0,70.0,True,,True,True,256,256
141,filterfastbounds,COMPOSITE,non-blocking,trusted,refusal,refused,compositing,unsupported.composite.paint,unsupported.composite.paint,unsupported.composite.paint,0,0,,0.0,,generated-render-missing,True,False,900,700
142,hslcolorfilter,COMPOSITE,non-blocking,trusted,refusal,refused,other,unsupported.material.source_unimplemented,unsupported.material.source_unimplemented,unsupported.material.source_unimplemented,0,0,,0.0,,generated-render-missing,True,False,840,1100
143,hairmodes,COMPOSITE,non-blocking,trusted,refusal,refused,path-clip,unsupported.geometry.path_key_nondeterministic,unsupported.geometry.path_key_nondeterministic,unsupported.geometry.path_key_nondeterministic,0,0,,41.5,,generated-render-missing,True,False,640,480
144,highcontrastfilter,COMPOSITE,non-blocking,trusted,refusal,refused,compositing,unsupported.composite.paint,unsupported.composite.paint,unsupported.composite.paint,0,0,,0.0,,generated-render-missing,True,False,800,420
145,hsl,COMPOSITE,non-blocking,trusted,refusal,refused,path-clip,unsupported.core_primitive.stencil_edge_fan_budget,unsupported.core_primitive.stencil_edge_fan_budget,unsupported.core_primitive.stencil_edge_fan_budget,0,0,,0.0,,generated-render-missing,True,False,600,100
146,HSL_duck,COMPOSITE,non-blocking,trusted,gpu,rendered,other,,,,1,0,23.26474861958733,0.0,True,,True,True,1110,620
147,imagefilter_composed_transform,COMPOSITE,non-blocking,trusted,gpu,rendered,other,,,,1,0,74.57275390625,0.0,True,,True,True,512,512
148,imagefilter_convolve_subset,COMPOSITE,non-blocking,trusted,gpu,rendered,other,,,,1,0,32.177083333333336,0.0,True,,True,True,160,180
149,imagefiltersbase,COMPOSITE,non-blocking,trusted,refusal,refused,path-clip,unsupported.core_primitive.stencil_edge_fan_budget,unsupported.core_primitive.stencil_edge_fan_budget,unsupported.core_primitive.stencil_edge_fan_budget,0,0,,0.0,,generated-render-missing,True,False,700,500
150,imagefiltersclipped,COMPOSITE,non-blocking,trusted,refusal,refused,path-clip,unsupported.core_primitive.stencil_edge_fan_budget,unsupported.core_primitive.stencil_edge_fan_budget,unsupported.core_primitive.stencil_edge_fan_budget,0,0,,0.0,,generated-render-missing,True,False,860,500
151,imagefilterscropped,COMPOSITE,non-blocking,trusted,refusal,refused,other,unsupported.core_primitive.geometry.invalid,unsupported.core_primitive.geometry.invalid,unsupported.core_primitive.geometry.invalid,0,0,,0.0,,generated-render-missing,True,False,400,960
152,imagefilters_effect_order,COMPOSITE,non-blocking,trusted,gpu,rendered,other,,,,1,0,1.019287109375,0.0,True,,True,True,512,512
153,imagefiltersstroked,COMPOSITE,non-blocking,trusted,refusal,refused,path-clip,unsupported.geometry.path_key_nondeterministic,unsupported.geometry.path_key_nondeterministic,unsupported.geometry.path_key_nondeterministic,0,0,,0.0,,generated-render-missing,True,False,860,500
154,imagefilter_matrix_localmatrix,COMPOSITE,non-blocking,trusted,gpu,rendered,other,,,,1,0,74.76692199707031,0.0,True,,True,True,512,512
155,imagefilterstransformed,COMPOSITE,non-blocking,trusted,refusal,refused,path-clip,unsupported.core_primitive.stencil_edge_fan_budget,unsupported.core_primitive.stencil_edge_fan_budget,unsupported.core_primitive.stencil_edge_fan_budget,0,0,,0.0,,generated-render-missing,True,False,420,240
156,imagefiltersunpremul,COMPOSITE,non-blocking,trusted,gpu,rendered,other,,,,3,0,0.0,0.0,True,,True,True,64,64
157,imagefilters_xfermodes,COMPOSITE,non-blocking,trusted,refusal,refused,compositing,unsupported.composite.paint,unsupported.composite.paint,unsupported.composite.paint,0,0,,0.0,,generated-render-missing,True,False,480,480
158,internal_links,COMPOSITE,non-blocking,trusted,refusal,refused,path-clip,unsupported.core_primitive.coverage_sample.scalar_aa_not_promoted,unsupported.core_primitive.coverage_sample.scalar_aa_not_promoted,unsupported.core_primitive.coverage_sample.scalar_aa_not_promoted,0,0,,0.0,,generated-render-missing,True,False,700,500
159,lcdblendmodes,COMPOSITE,non-blocking,trusted,failure,failed,other,,invalid.preflight.text.blend,invalid.preflight.text.blend,0,0,,0.0,,generated-render-missing,True,False,720,750
160,lighting,COMPOSITE,non-blocking,trusted,refusal,refused,images,unsupported.image.native_binding,unsupported.image.native_binding,unsupported.image.native_binding,0,0,,0.0,,generated-render-missing,True,False,660,660
161,localmatriximagefilter,COMPOSITE,non-blocking,trusted,refusal,refused,path-clip,unsupported.core_primitive.stencil_edge_fan_budget,unsupported.core_primitive.stencil_edge_fan_budget,unsupported.core_primitive.stencil_edge_fan_budget,0,0,,0.0,,generated-render-missing,True,False,640,640
162,luminosity_overflow,COMPOSITE,non-blocking,trusted,refusal,refused,path-clip,unsupported.core_primitive.coverage_sample.scalar_aa_not_promoted,unsupported.core_primitive.coverage_sample.scalar_aa_not_promoted,unsupported.core_primitive.coverage_sample.scalar_aa_not_promoted,0,0,,0.0,,generated-render-missing,True,False,256,256
163,matriximagefilter,COMPOSITE,non-blocking,trusted,gpu,rendered,other,,,,3,0,7.85,0.0,True,,True,True,420,100
164,mixerCF,COMPOSITE,non-blocking,trusted,refusal,refused,other,unsupported.material.source_unimplemented,unsupported.material.source_unimplemented,unsupported.material.source_unimplemented,0,0,,0.0,,generated-render-missing,True,False,1200,900
165,modecolorfilters,COMPOSITE,non-blocking,trusted,gpu,rendered,other,,route,route,2382,0,27.06298828125,0.0,True,,True,True,512,1024
166,offsetimagefilter,COMPOSITE,non-blocking,trusted,refusal,refused,images,unsupported.image.native_binding,unsupported.image.native_binding,unsupported.image.native_binding,0,0,,0.0,,generated-render-missing,True,False,600,100
167,overdraw_canvas,COMPOSITE,non-blocking,trusted,refusal,refused,images,unsupported.image.native_binding,unsupported.image.native_binding,unsupported.image.native_binding,0,0,,0.0,,generated-render-missing,True,False,500,500
168,overdrawcolorfilter,COMPOSITE,non-blocking,trusted,refusal,refused,images,unsupported.image.native_binding,unsupported.image.native_binding,unsupported.image.native_binding,0,0,,10.0,,generated-render-missing,True,False,200,400
169,patch_alpha,COMPOSITE,non-blocking,trusted,failure,failed,other,,failed.prepared-surface.materialization,failed.prepared-surface.materialization,0,0,,0.0,,generated-render-missing,True,False,1500,1100
170,patch_alpha_test,COMPOSITE,non-blocking,trusted,refusal,refused,path-clip,unsupported.core_primitive.stencil_edge_fan_budget,unsupported.core_primitive.stencil_edge_fan_budget,unsupported.core_primitive.stencil_edge_fan_budget,0,0,,0.0,,generated-render-missing,True,False,550,250
171,patch_image_persp,COMPOSITE,non-blocking,trusted,refusal,refused,images,unsupported.vertices.material,unsupported.vertices.material,unsupported.vertices.material,0,0,,0.0,,generated-render-missing,True,False,1500,1100
172,patch_primitive,COMPOSITE,non-blocking,trusted,failure,failed,other,,failed.prepared-surface.materialization,failed.prepared-surface.materialization,0,0,,0.0,,generated-render-missing,True,False,1500,1100
173,perlinnoise,COMPOSITE,non-blocking,trusted,refusal,refused,path-clip,unsupported.core_primitive.coverage_sample.scalar_aa_not_promoted,unsupported.core_primitive.coverage_sample.scalar_aa_not_promoted,unsupported.core_primitive.coverage_sample.scalar_aa_not_promoted,0,0,,0.0,,generated-render-missing,True,False,220,620
174,perlinnoise_layered,COMPOSITE,non-blocking,trusted,refusal,refused,compositing,unsupported.composite.paint,unsupported.composite.paint,unsupported.composite.paint,0,0,,0.0,,generated-render-missing,True,False,500,500
175,perlinnoise_localmatrix,COMPOSITE,non-blocking,trusted,gpu,rendered,other,,,,7,0,62.5,0.0,True,,True,True,640,480
176,perlinnoise_rotated,COMPOSITE,non-blocking,trusted,refusal,refused,path-clip,unsupported.geometry.path_key_nondeterministic,unsupported.geometry.path_key_nondeterministic,unsupported.geometry.path_key_nondeterministic,0,0,,0.0,,generated-render-missing,True,False,320,220
177,PlusMergesAA,COMPOSITE,non-blocking,trusted,refusal,refused,compositing,unsupported.layer.bounds_unbounded,unsupported.layer.bounds_unbounded,unsupported.layer.bounds_unbounded,0,0,,0.0,,generated-render-missing,True,False,256,256
178,rasterallocator,COMPOSITE,non-blocking,trusted,refusal,refused,path-clip,unsupported.core_primitive.coverage_sample.scalar_aa_not_promoted,unsupported.core_primitive.coverage_sample.scalar_aa_not_promoted,unsupported.core_primitive.coverage_sample.scalar_aa_not_promoted,0,0,,0.0,,generated-render-missing,True,False,600,300
179,recordopts,COMPOSITE,non-blocking,trusted,refusal,refused,compositing,unsupported.composite.operation,unsupported.composite.operation,unsupported.composite.operation,0,0,,0.0,,generated-render-missing,True,False,102,765
180,rotate_imagefilter,COMPOSITE,non-blocking,trusted,failure,failed,path-clip,,invalid.core_primitive.coverage_sample.stencil_1x_requires_single_sample,invalid.core_primitive.coverage_sample.stencil_1x_requires_single_sample,0,0,,0.0,,generated-render-missing,True,False,500,500
181,runtimecolorfilter_vertices_atlas_and_patch,COMPOSITE,non-blocking,trusted,failure,failed,other,,invalid.surface.prepared.empty-frame-accounting,invalid.surface.prepared.empty-frame-accounting,0,0,,0.0,,generated-render-missing,True,False,404,404
182,gpusamplerstress,COMPOSITE,non-blocking,trusted,refusal,refused,other,unsupported.material.mapping.image_tile_mode,unsupported.material.mapping.image_tile_mode,unsupported.material.mapping.image_tile_mode,0,0,,0.0,,generated-render-missing,True,False,640,480
183,save_behind,COMPOSITE,non-blocking,trusted,gpu,rendered,other,,,,1,0,7.930228376191333,0.0,True,,True,True,830,670
184,savelayer_f16,COMPOSITE,non-blocking,trusted,refusal,refused,compositing,unsupported.composite.paint,unsupported.composite.paint,unsupported.composite.paint,0,0,,0.0,,generated-render-missing,True,False,900,300
185,savelayer_initfromprev,COMPOSITE,non-blocking,trusted,gpu,rendered,other,,,,1,0,12.26654052734375,0.0,True,,True,True,256,256
186,shadermaskfilter_gradient,COMPOSITE,non-blocking,trusted,refusal,refused,path-clip,unsupported.core_primitive.stencil_edge_fan_budget,unsupported.core_primitive.stencil_edge_fan_budget,unsupported.core_primitive.stencil_edge_fan_budget,0,0,,0.0,,generated-render-missing,True,False,512,512
187,shadow_utils_gray,COMPOSITE,non-blocking,trusted,refusal,refused,path-clip,unsupported.core_primitive.stencil_edge_fan_budget,unsupported.core_primitive.stencil_edge_fan_budget,unsupported.core_primitive.stencil_edge_fan_budget,0,0,,0.0,,generated-render-missing,True,False,800,960
188,shadow_utils_occl,COMPOSITE,non-blocking,trusted,refusal,refused,path-clip,unsupported.core_primitive.stencil_edge_fan_budget,unsupported.core_primitive.stencil_edge_fan_budget,unsupported.core_primitive.stencil_edge_fan_budget,0,0,,0.0,,generated-render-missing,True,False,800,960
189,simple-offsetimagefilter,COMPOSITE,non-blocking,trusted,refusal,refused,path-clip,unsupported.geometry.path_key_nondeterministic,unsupported.geometry.path_key_nondeterministic,unsupported.geometry.path_key_nondeterministic,0,0,,0.0,,generated-render-missing,True,False,640,200
190,sk3d_simple,COMPOSITE,non-blocking,trusted,refusal,refused,compositing,unsupported.surface.prepared.mixed-composite-topology,unsupported.surface.prepared.mixed-composite-topology,unsupported.surface.prepared.mixed-composite-topology,0,0,,0.0,,generated-render-missing,True,False,300,300
191,skbug_14554,COMPOSITE,non-blocking,trusted,gpu,rendered,other,,,,1,0,41.75627240143369,0.0,True,,True,True,310,630
192,srcmode,COMPOSITE,non-blocking,trusted,failure,failed,other,,invalid.preflight.text.blend,invalid.preflight.text.blend,0,0,,0.0,,generated-render-missing,True,False,640,760
193,srgb_colorfilter,COMPOSITE,non-blocking,trusted,refusal,refused,images,unsupported.image.native_binding,unsupported.image.native_binding,unsupported.image.native_binding,0,0,,0.0,,generated-render-missing,True,False,512,768
194,tablecolorfilter,COMPOSITE,non-blocking,trusted,refusal,refused,other,unsupported.material.source_unimplemented,unsupported.material.source_unimplemented,unsupported.material.source_unimplemented,0,0,,0.0,,generated-render-missing,True,False,700,1650
195,xfermodes,COMPOSITE,non-blocking,trusted,refusal,refused,path-clip,unsupported.geometry.path_key_nondeterministic,unsupported.geometry.path_key_nondeterministic,unsupported.geometry.path_key_nondeterministic,0,0,,45.0,,generated-render-missing,True,False,1990,570
196,alphagradients,GRADIENT,non-blocking,trusted,refusal,refused,path-clip,unsupported.geometry.path_key_nondeterministic,unsupported.geometry.path_key_nondeterministic,unsupported.geometry.path_key_nondeterministic,0,0,,0.0,,generated-render-missing,True,False,640,480
197,analytic_gradients,GRADIENT,non-blocking,trusted,refusal,refused,path-clip,unsupported.core_primitive.material.path_stencil,unsupported.core_primitive.material.path_stencil,unsupported.core_primitive.material.path_stencil,0,0,,0.0,,generated-render-missing,True,False,1024,512
198,bug6643,GRADIENT,non-blocking,trusted,refusal,refused,gradients,unsupported.material.gradient_antialias,unsupported.material.gradient_antialias,unsupported.material.gradient_antialias,0,0,,0.0,,generated-render-missing,True,False,200,200
199,clamped_gradients,GRADIENT,non-blocking,trusted,refusal,refused,other,unsupported.material.source_unimplemented,unsupported.material.source_unimplemented,unsupported.material.source_unimplemented,0,0,,0.0,,generated-render-missing,True,False,640,510
200,gradients_2pt_conical_inside_nodither,GRADIENT,non-blocking,trusted,refusal,refused,other,unsupported.material.source_unimplemented,unsupported.material.source_unimplemented,unsupported.material.source_unimplemented,0,0,,0.0,,generated-render-missing,True,False,840,815
201,gradients_2pt_conical_outside,GRADIENT,non-blocking,trusted,refusal,refused,other,unsupported.material.source_unimplemented,unsupported.material.source_unimplemented,unsupported.material.source_unimplemented,0,0,,0.0,,generated-render-missing,True,False,840,815
202,crbug_938592,GRADIENT,non-blocking,trusted,refusal,refused,path-clip,unsupported.core_primitive.material.path_stencil,unsupported.core_primitive.material.path_stencil,unsupported.core_primitive.material.path_stencil,0,0,,83.0,,generated-render-missing,True,False,500,300
203,degenerate_gradients,GRADIENT,non-blocking,trusted,refusal,refused,gradients,unsupported.material.gradient_tile_mode_unsupported,unsupported.material.gradient_tile_mode_unsupported,unsupported.material.gradient_tile_mode_unsupported,0,0,,0.0,,generated-render-missing,True,False,800,800
204,emptyshader,GRADIENT,non-blocking,trusted,refusal,refused,strokes,unsupported.stroke.rect_anti_alias,unsupported.stroke.rect_anti_alias,unsupported.stroke.rect_anti_alias,0,0,,0.0,,generated-render-missing,True,False,128,88
205,fillrect_gradient,GRADIENT,non-blocking,trusted,refusal,refused,other,unsupported.material.source_unimplemented,unsupported.material.source_unimplemented,unsupported.material.source_unimplemented,0,0,,28.6,,generated-render-missing,True,False,120,540
206,gradient_dirty_laundry,GRADIENT,non-blocking,trusted,refusal,refused,other,unsupported.material.source_unimplemented,unsupported.material.source_unimplemented,unsupported.material.source_unimplemented,0,0,,0.0,,generated-render-missing,True,False,640,615
207,gradients_many,GRADIENT,non-blocking,trusted,refusal,refused,other,unsupported.core_primitive.geometry.invalid,unsupported.core_primitive.geometry.invalid,unsupported.core_primitive.geometry.invalid,0,0,,0.0,,generated-render-missing,True,False,880,400
208,gradient_many_hard_stops,GRADIENT,non-blocking,trusted,refusal,refused,other,unsupported.core_primitive.material.stops,unsupported.core_primitive.material.stops,unsupported.core_primitive.material.stops,0,0,,0.0,,generated-render-missing,True,False,500,500
209,gradient_many_stops,GRADIENT,non-blocking,trusted,refusal,refused,other,unsupported.core_primitive.material.stops,unsupported.core_primitive.material.stops,unsupported.core_primitive.material.stops,0,0,,0.0,,generated-render-missing,True,False,500,500
210,gradient_matrix,GRADIENT,non-blocking,trusted,refusal,refused,other,unsupported.material.source_unimplemented,unsupported.material.source_unimplemented,unsupported.material.source_unimplemented,0,0,,0.0,,generated-render-missing,True,False,800,800
211,gradients_alpha_many_stops,GRADIENT,non-blocking,trusted,failure,failed,other,,invalid.preflight.core_primitive_direct_geometry_resources,invalid.preflight.core_primitive_direct_geometry_resources,0,0,,0.0,,generated-render-missing,True,False,100,100
212,gradients_color_space,GRADIENT,non-blocking,trusted,refusal,refused,other,unsupported.core_primitive.geometry.invalid,unsupported.core_primitive.geometry.invalid,unsupported.core_primitive.geometry.invalid,0,0,,0.0,,generated-render-missing,True,False,265,355
213,gradients_color_space_many_stops,GRADIENT,non-blocking,trusted,refusal,refused,other,unsupported.core_primitive.material.stops,unsupported.core_primitive.material.stops,unsupported.core_primitive.material.stops,0,0,,0.0,,generated-render-missing,True,False,500,500
214,gradients_color_space_tilemode,GRADIENT,non-blocking,trusted,refusal,refused,gradients,unsupported.material.mapping.gradient_interpolation,unsupported.material.mapping.gradient_interpolation,unsupported.material.mapping.gradient_interpolation,0,0,,0.0,,generated-render-missing,True,False,360,105
215,gradients_degenerate_2pt,GRADIENT,non-blocking,trusted,refusal,refused,other,unsupported.material.source_unimplemented,unsupported.material.source_unimplemented,unsupported.material.source_unimplemented,0,0,,0.0,,generated-render-missing,True,False,320,320
216,gradients_dup_color_stops,GRADIENT,non-blocking,trusted,refusal,refused,other,unsupported.material.source_unimplemented,unsupported.material.source_unimplemented,unsupported.material.source_unimplemented,0,0,,21.6,,generated-render-missing,True,False,704,564
217,gradients,GRADIENT,non-blocking,trusted,refusal,refused,other,unsupported.material.source_unimplemented,unsupported.material.source_unimplemented,unsupported.material.source_unimplemented,0,0,,0.0,,generated-render-missing,True,False,840,815
218,gradients_hue_method,GRADIENT,non-blocking,trusted,refusal,refused,gradients,unsupported.material.mapping.gradient_interpolation,unsupported.material.mapping.gradient_interpolation,unsupported.material.mapping.gradient_interpolation,0,0,,0.0,,generated-render-missing,True,False,285,155
219,gradients_interesting,GRADIENT,non-blocking,trusted,refusal,refused,gradients,unsupported.material.gradient_tile_mode_unsupported,unsupported.material.gradient_tile_mode_unsupported,unsupported.material.gradient_tile_mode_unsupported,0,0,,10.8,,generated-render-missing,True,False,640,1300
220,gradients_local_perspective,GRADIENT,non-blocking,trusted,refusal,refused,transforms,unsupported.material.mapping.local_matrix,unsupported.material.mapping.local_matrix,unsupported.material.mapping.local_matrix,0,0,,0.0,,generated-render-missing,True,False,840,815
221,gradients_no_texture,GRADIENT,non-blocking,trusted,refusal,refused,other,unsupported.material.source_unimplemented,unsupported.material.source_unimplemented,unsupported.material.source_unimplemented,0,0,,0.0,,generated-render-missing,True,False,640,615
222,gradients_powerless_hue,GRADIENT,non-blocking,missing,gpu,rendered-no-score,other,,,,27,0,,0.0,,reference-missing,False,True,512,512
223,gradients_view_perspective,GRADIENT,non-blocking,trusted,refusal,refused,other,unsupported.material.source_unimplemented,unsupported.material.source_unimplemented,unsupported.material.source_unimplemented,0,0,,0.0,,generated-render-missing,True,False,840,500
224,hardstop_gradients,GRADIENT,non-blocking,trusted,refusal,refused,gradients,unsupported.material.gradient_tile_mode_unsupported,unsupported.material.gradient_tile_mode_unsupported,unsupported.material.gradient_tile_mode_unsupported,0,0,,0.0,,generated-render-missing,True,False,512,512
225,hardstop_gradients_many,GRADIENT,non-blocking,trusted,refusal,refused,path-clip,unsupported.core_primitive.material.path_stencil,unsupported.core_primitive.material.path_stencil,unsupported.core_primitive.material.path_stencil,0,0,,0.0,,generated-render-missing,True,False,1000,2000
226,linear_gradient,GRADIENT,non-blocking,trusted,failure,failed,other,,invalid.preflight.core_primitive_direct_geometry_resources,invalid.preflight.core_primitive_direct_geometry_resources,0,0,,0.0,,generated-render-missing,True,False,500,500
227,linear_gradient_rt,GRADIENT,non-blocking,trusted,refusal,refused,path-clip,unsupported.core_primitive.material.path_stencil,unsupported.core_primitive.material.path_stencil,unsupported.core_primitive.material.path_stencil,0,0,,0.0,,generated-render-missing,True,False,266,143
228,linear_gradient_tiny,GRADIENT,non-blocking,trusted,refusal,refused,path-clip,unsupported.core_primitive.material.path_stencil,unsupported.core_primitive.material.path_stencil,unsupported.core_primitive.material.path_stencil,0,0,,55.0,,generated-render-missing,True,False,600,500
229,persp_shaders_bw,GRADIENT,non-blocking,trusted,refusal,refused,other,unsupported.material.source_unimplemented,unsupported.material.source_unimplemented,unsupported.material.source_unimplemented,0,0,,0.0,,generated-render-missing,True,False,300,250
230,persp_shaders_aa,GRADIENT,non-blocking,trusted,refusal,refused,other,unsupported.material.source_unimplemented,unsupported.material.source_unimplemented,unsupported.material.source_unimplemented,0,0,,0.0,,generated-render-missing,True,False,300,250
231,radial_gradient2,GRADIENT,non-blocking,trusted,refusal,refused,other,unsupported.material.source_unimplemented,unsupported.material.source_unimplemented,unsupported.material.source_unimplemented,0,0,,50.9,,generated-render-missing,True,False,800,400
232,radial_gradient3,GRADIENT,non-blocking,trusted,refusal,refused,gradients,unsupported.material.gradient_antialias,unsupported.material.gradient_antialias,unsupported.material.gradient_antialias,0,0,,9.8,,generated-render-missing,True,False,500,500
233,radial_gradient3_nodither,GRADIENT,non-blocking,trusted,refusal,refused,gradients,unsupported.material.gradient_antialias,unsupported.material.gradient_antialias,unsupported.material.gradient_antialias,0,0,,9.8,,generated-render-missing,True,False,500,500
234,radial_gradient4,GRADIENT,non-blocking,trusted,refusal,refused,gradients,unsupported.material.gradient_antialias,unsupported.material.gradient_antialias,unsupported.material.gradient_antialias,0,0,,32.7,,generated-render-missing,True,False,500,500
235,radial_gradient4_nodither,GRADIENT,non-blocking,trusted,refusal,refused,gradients,unsupported.material.gradient_antialias,unsupported.material.gradient_antialias,unsupported.material.gradient_antialias,0,0,,32.7,,generated-render-missing,True,False,500,500
236,radial_gradient,GRADIENT,non-blocking,trusted,refusal,refused,gradients,unsupported.material.gradient_antialias,unsupported.material.gradient_antialias,unsupported.material.gradient_antialias,0,0,,33.5,,generated-render-missing,True,False,1280,1280
237,radial_gradient_precision,GRADIENT,non-blocking,trusted,refusal,refused,gradients,unsupported.material.gradient_tile_mode_unsupported,unsupported.material.gradient_tile_mode_unsupported,unsupported.material.gradient_tile_mode_unsupported,0,0,,0.0,,generated-render-missing,True,False,200,200
238,scaled_tilemode_gradient,GRADIENT,non-blocking,trusted,refusal,refused,gradients,unsupported.material.gradient_tile_mode_unsupported,unsupported.material.gradient_tile_mode_unsupported,unsupported.material.gradient_tile_mode_unsupported,0,0,,0.0,,generated-render-missing,True,False,650,610
239,shallow_gradient_conical,GRADIENT,non-blocking,trusted,refusal,refused,other,unsupported.material.source_unimplemented,unsupported.material.source_unimplemented,unsupported.material.source_unimplemented,0,0,,0.0,,generated-render-missing,True,False,800,800
240,shallow_gradient_conical_nodither,GRADIENT,non-blocking,trusted,refusal,refused,other,unsupported.material.source_unimplemented,unsupported.material.source_unimplemented,unsupported.material.source_unimplemented,0,0,,0.0,,generated-render-missing,True,False,800,800
241,shallow_gradient_linear,GRADIENT,non-blocking,trusted,failure,failed,other,,invalid.preflight.core_primitive_direct_geometry_resources,invalid.preflight.core_primitive_direct_geometry_resources,0,0,,0.0,,generated-render-missing,True,False,800,800
242,shallow_gradient_linear_nodither,GRADIENT,non-blocking,trusted,failure,failed,other,,invalid.preflight.core_primitive_direct_geometry_resources,invalid.preflight.core_primitive_direct_geometry_resources,0,0,,0.0,,generated-render-missing,True,False,800,800
243,shallow_gradient_radial,GRADIENT,non-blocking,trusted,refusal,refused,gradients,unsupported.material.gradient_antialias,unsupported.material.gradient_antialias,unsupported.material.gradient_antialias,0,0,,0.0,,generated-render-missing,True,False,800,800
244,shallow_gradient_radial_nodither,GRADIENT,non-blocking,trusted,refusal,refused,gradients,unsupported.material.gradient_antialias,unsupported.material.gradient_antialias,unsupported.material.gradient_antialias,0,0,,0.0,,generated-render-missing,True,False,800,800
245,shallow_gradient_sweep,GRADIENT,non-blocking,trusted,refusal,refused,gradients,unsupported.material.gradient_antialias,unsupported.material.gradient_antialias,unsupported.material.gradient_antialias,0,0,,0.0,,generated-render-missing,True,False,800,800
246,shallow_gradient_sweep_nodither,GRADIENT,non-blocking,trusted,refusal,refused,gradients,unsupported.material.gradient_antialias,unsupported.material.gradient_antialias,unsupported.material.gradient_antialias,0,0,,0.0,,generated-render-missing,True,False,800,800
247,small_color_stop,GRADIENT,non-blocking,trusted,refusal,refused,other,unsupported.material.source_unimplemented,unsupported.material.source_unimplemented,unsupported.material.source_unimplemented,0,0,,0.0,,generated-render-missing,True,False,100,150
248,sweep_tiling,GRADIENT,non-blocking,trusted,refusal,refused,gradients,unsupported.material.gradient_antialias,unsupported.material.gradient_antialias,unsupported.material.gradient_antialias,0,0,,10.4,,generated-render-missing,True,False,690,512
249,testgradient,GRADIENT,non-blocking,trusted,refusal,refused,path-clip,unsupported.geometry.path_key_nondeterministic,unsupported.geometry.path_key_nondeterministic,unsupported.geometry.path_key_nondeterministic,0,0,,0.0,,generated-render-missing,True,False,800,800
250,all_bitmap_configs,IMAGE,non-blocking,trusted,refusal,refused,images,unsupported.image.pixel.format,unsupported.image.pixel.format,unsupported.image.pixel.format,0,0,,0.0,,generated-render-missing,True,False,128,768
251,all_variants_8888,IMAGE,non-blocking,trusted,gpu,rendered,other,,,,2317,0,8.912271453541603,0.0,True,,True,True,542,266
252,alpha_image_alpha_tint,IMAGE,non-blocking,trusted,refusal,refused,other,unsupported.material.source_unimplemented,unsupported.material.source_unimplemented,unsupported.material.source_unimplemented,0,0,,0.0,,generated-render-missing,True,False,152,80
253,alpha_image_shader_rt,IMAGE,non-blocking,trusted,refusal,refused,other,unsupported.core_primitive.material.non_solid,unsupported.core_primitive.material.non_solid,unsupported.core_primitive.material.non_solid,0,0,,0.0,,generated-render-missing,True,False,350,50
254,animatedGif,IMAGE,non-blocking,trusted,gpu,rendered,other,,,,1,0,37.50159022703549,0.0,True,,True,True,2560,958
255,anisomips,IMAGE,non-blocking,trusted,refusal,refused,other,unsupported.material.source_unimplemented,unsupported.material.source_unimplemented,unsupported.material.source_unimplemented,0,0,,0.0,,generated-render-missing,True,False,520,260
256,anisotropic_image_scale_aniso,IMAGE,non-blocking,trusted,refusal,refused,path-clip,unsupported.geometry.path_key_nondeterministic,unsupported.geometry.path_key_nondeterministic,unsupported.geometry.path_key_nondeterministic,0,0,,0.0,,generated-render-missing,True,False,542,1340
257,anisotropic_image_scale_linear,IMAGE,non-blocking,trusted,refusal,refused,path-clip,unsupported.geometry.path_key_nondeterministic,unsupported.geometry.path_key_nondeterministic,unsupported.geometry.path_key_nondeterministic,0,0,,0.0,,generated-render-missing,True,False,542,1340
258,anisotropic_image_scale_mip,IMAGE,non-blocking,trusted,refusal,refused,path-clip,unsupported.geometry.path_key_nondeterministic,unsupported.geometry.path_key_nondeterministic,unsupported.geometry.path_key_nondeterministic,0,0,,0.0,,generated-render-missing,True,False,542,1340
259,async_rescale_and_read_alpha_type,IMAGE,non-blocking,trusted,gpu,rendered,other,,,,3,0,0.0,0.0,True,,True,True,512,512
260,async_rescale_and_read_rose,IMAGE,non-blocking,trusted,gpu,rendered,other,,,,7,0,0.0,0.0,True,,True,True,1230,820
261,async_rescale_and_read_no_bleed,IMAGE,non-blocking,trusted,gpu,rendered,other,,,,2,0,20.166666666666664,0.0,True,,True,True,60,60
262,async_yuv_no_scale,IMAGE,non-blocking,trusted,gpu,rendered,other,,,,2,0,56.666666666666664,0.0,True,,True,True,400,300
263,bicubic,IMAGE,non-blocking,trusted,refusal,refused,path-clip,unsupported.geometry.path_key_nondeterministic,unsupported.geometry.path_key_nondeterministic,unsupported.geometry.path_key_nondeterministic,0,0,,0.0,,generated-render-missing,True,False,300,320
264,bigmatrix,IMAGE,non-blocking,trusted,refusal,refused,other,unsupported.material.source_unimplemented,unsupported.material.source_unimplemented,unsupported.material.source_unimplemented,0,0,,0.0,,generated-render-missing,True,False,50,50
265,bitmapcopy,IMAGE,non-blocking,trusted,refusal,refused,images,unsupported.image.pixel.format,unsupported.image.pixel.format,unsupported.image.pixel.format,0,0,,0.0,,generated-render-missing,True,False,540,330
266,bitmapfilters,IMAGE,non-blocking,trusted,failure,failed,other,,invalid.preflight.text.dependency,invalid.preflight.text.dependency,0,0,,0.0,,generated-render-missing,True,False,540,250
267,bitmap-image-srgb-legacy,IMAGE,non-blocking,trusted,gpu,rendered,other,,,,3,0,99.94354248046875,0.0,True,,True,True,1024,1024
268,bitmap_premul,IMAGE,non-blocking,trusted,gpu,rendered,other,,,,5,0,100.0,0.0,True,,True,True,512,512
269,bitmaprect_rounding,IMAGE,non-blocking,trusted,refusal,refused,other,unsupported.prepared-surface.sample-plan,unsupported.prepared-surface.sample-plan,unsupported.prepared-surface.sample-plan,0,0,,0.0,,generated-render-missing,True,False,640,480
270,bitmapshaders,IMAGE,non-blocking,trusted,refusal,refused,other,unsupported.material.source_unimplemented,unsupported.material.source_unimplemented,unsupported.material.source_unimplemented,0,0,,0.0,,generated-render-missing,True,False,150,100
271,bitmap_subset_shader,IMAGE,non-blocking,trusted,refusal,refused,other,unsupported.material.source_unimplemented,unsupported.material.source_unimplemented,unsupported.material.source_unimplemented,0,0,,0.0,,generated-render-missing,True,False,256,256
272,bleed_downscale,IMAGE,non-blocking,trusted,gpu,rendered,other,,,,7,0,30.561342592592595,0.0,True,,True,True,360,240
273,bmp_filter_quality_repeat,IMAGE,non-blocking,trusted,refusal,refused,other,unsupported.material.source_unimplemented,unsupported.material.source_unimplemented,unsupported.material.source_unimplemented,0,0,,0.0,,generated-render-missing,True,False,1000,400
274,bug6783,IMAGE,non-blocking,trusted,refusal,refused,other,unsupported.material.source_unimplemented,unsupported.material.source_unimplemented,unsupported.material.source_unimplemented,0,0,,0.0,,generated-render-missing,True,False,500,500
275,cgimage,IMAGE,non-blocking,trusted,gpu,rendered,other,,,,4,0,18.3615,0.0,True,,True,True,800,250
276,child_sampling_rt,IMAGE,non-blocking,trusted,refusal,refused,path-clip,unsupported.core_primitive.coverage_sample.scalar_aa_not_promoted,unsupported.core_primitive.coverage_sample.scalar_aa_not_promoted,unsupported.core_primitive.coverage_sample.scalar_aa_not_promoted,0,0,,0.0,,generated-render-missing,True,False,256,256
277,clippedbitmapshaders,IMAGE,non-blocking,missing,gpu,rendered-no-score,other,,,,10,0,,0.0,,reference-missing,False,True,300,300
278,color_cube_cf_rt,IMAGE,non-blocking,trusted,gpu,rendered,other,,,,5,0,0.0003814697265625,0.0,True,,True,True,512,512
279,colorwheel_alphatypes,IMAGE,non-blocking,trusted,gpu,rendered,other,,,,4,0,30.096435546875,0.0,True,,True,True,256,128
280,colorwheel,IMAGE,non-blocking,trusted,gpu,rendered,other,,,,1539,0,50.187174479166664,0.0,True,,True,True,384,256
281,colorspace2,IMAGE,non-blocking,trusted,refusal,refused,path-clip,unsupported.core_primitive.coverage_sample.scalar_aa_not_promoted,unsupported.core_primitive.coverage_sample.scalar_aa_not_promoted,unsupported.core_primitive.coverage_sample.scalar_aa_not_promoted,0,0,,0.0,,generated-render-missing,True,False,896,640
282,colorspace,IMAGE,non-blocking,trusted,refusal,refused,path-clip,unsupported.core_primitive.coverage_sample.scalar_aa_not_promoted,unsupported.core_primitive.coverage_sample.scalar_aa_not_promoted,unsupported.core_primitive.coverage_sample.scalar_aa_not_promoted,0,0,,0.0,,generated-render-missing,True,False,896,640
283,compositor_quads_image,IMAGE,non-blocking,trusted,gpu,rendered,other,,,,1,0,70.00516819090848,0.0,True,,True,True,955,699
284,coordclampshader,IMAGE,non-blocking,trusted,gpu,rendered,other,,,,1,0,38.83559959242472,0.0,True,,True,True,1074,795
285,copyTo4444,IMAGE,non-blocking,trusted,refusal,refused,images,unsupported.image.pixel.format,unsupported.image.pixel.format,unsupported.image.pixel.format,0,0,,0.0,,generated-render-missing,True,False,360,180
286,crbug_224618,IMAGE,non-blocking,trusted,refusal,refused,gradients,unsupported.material.gradient_tile_mode_unsupported,unsupported.material.gradient_tile_mode_unsupported,unsupported.material.gradient_tile_mode_unsupported,0,0,,0.0,,generated-render-missing,True,False,800,800
287,deferred_shader_rt,IMAGE,non-blocking,trusted,refusal,refused,other,unsupported.core_primitive.material.non_solid,unsupported.core_primitive.material.non_solid,unsupported.core_primitive.material.non_solid,0,0,,0.0,,generated-render-missing,True,False,150,50
288,bitmaprect_s,IMAGE,non-blocking,trusted,refusal,refused,path-clip,unsupported.core_primitive.material.path_stencil,unsupported.core_primitive.material.path_stencil,unsupported.core_primitive.material.path_stencil,0,0,,0.0,,generated-render-missing,True,False,640,480
289,bitmaprect_i,IMAGE,non-blocking,trusted,refusal,refused,path-clip,unsupported.core_primitive.material.path_stencil,unsupported.core_primitive.material.path_stencil,unsupported.core_primitive.material.path_stencil,0,0,,0.0,,generated-render-missing,True,False,640,480
290,3x3bitmaprect,IMAGE,non-blocking,trusted,gpu,rendered,other,,,,2,0,0.0009765625,0.0,True,,True,True,640,480
291,draw_bitmap_rect_skbug4734,IMAGE,non-blocking,trusted,gpu,rendered,other,,,,2,0,45.3125,0.0,True,,True,True,64,64
292,drawminibitmaprect,IMAGE,non-blocking,trusted,refusal,refused,gradients,unsupported.material.gradient_tile_mode_unsupported,unsupported.material.gradient_tile_mode_unsupported,unsupported.material.gradient_tile_mode_unsupported,0,0,,0.0,,generated-render-missing,True,False,1024,1024
293,drawimagerect_filter,IMAGE,non-blocking,trusted,refusal,refused,other,unsupported.material.source_unimplemented,unsupported.material.source_unimplemented,unsupported.material.source_unimplemented,0,0,,0.0,,generated-render-missing,True,False,180,60
294,encode-alpha-jpeg,IMAGE,non-blocking,trusted,gpu,rendered,other,,,,1,0,0.0,0.0,True,,True,True,400,200
295,encode-color-types-webp-lossless,IMAGE,non-blocking,trusted,gpu,rendered,other,,,,7,0,45.01953125,0.0,True,,True,True,896,128
296,encode-platform,IMAGE,non-blocking,trusted,gpu,rendered,other,,,,1,0,14.018351236979168,0.0,True,,True,True,1280,768
297,encode-srgb-png,IMAGE,non-blocking,trusted,gpu,rendered,other,,,,19,0,43.768310546875,0.0,True,,True,True,256,1920
298,filterbug,IMAGE,non-blocking,trusted,refusal,refused,other,unsupported.material.source_unimplemented,unsupported.material.source_unimplemented,unsupported.material.source_unimplemented,0,0,,0.0,,generated-render-missing,True,False,150,150
299,filterindiabox,IMAGE,non-blocking,trusted,gpu,rendered,other,,,,1,0,96.47285067873304,0.0,True,,True,True,680,130
300,flight_animated_image,IMAGE,non-blocking,trusted,refusal,refused,compositing,unsupported.surface.prepared.mixed-composite-topology,unsupported.surface.prepared.mixed-composite-topology,unsupported.surface.prepared.mixed-composite-topology,0,0,,0.0,,generated-render-missing,True,False,304,304
301,flippity,IMAGE,non-blocking,trusted,refusal,refused,other,unsupported.core_primitive.geometry.invalid,unsupported.core_primitive.geometry.invalid,unsupported.core_primitive.geometry.invalid,0,0,,0.0,,generated-render-missing,True,False,1152,768
302,format4444,IMAGE,non-blocking,trusted,refusal,refused,images,unsupported.image.pixel.format,unsupported.image.pixel.format,unsupported.image.pixel.format,0,0,,0.0,,generated-render-missing,True,False,64,64
303,giantbitmap_clamp_bilerp_rotate,IMAGE,non-blocking,trusted,refusal,refused,path-clip,unsupported.geometry.path_key_nondeterministic,unsupported.geometry.path_key_nondeterministic,unsupported.geometry.path_key_nondeterministic,0,0,,0.0,,generated-render-missing,True,False,640,480
304,giantbitmap_clamp_bilerp_scale,IMAGE,non-blocking,trusted,refusal,refused,path-clip,unsupported.geometry.path_key_nondeterministic,unsupported.geometry.path_key_nondeterministic,unsupported.geometry.path_key_nondeterministic,0,0,,0.0,,generated-render-missing,True,False,640,480
305,giantbitmap_clamp_point_rotate,IMAGE,non-blocking,trusted,refusal,refused,path-clip,unsupported.geometry.path_key_nondeterministic,unsupported.geometry.path_key_nondeterministic,unsupported.geometry.path_key_nondeterministic,0,0,,0.0,,generated-render-missing,True,False,640,480
306,giantbitmap_clamp_point_scale,IMAGE,non-blocking,trusted,refusal,refused,path-clip,unsupported.geometry.path_key_nondeterministic,unsupported.geometry.path_key_nondeterministic,unsupported.geometry.path_key_nondeterministic,0,0,,0.0,,generated-render-missing,True,False,640,480
307,giantbitmap_mirror_bilerp_rotate,IMAGE,non-blocking,trusted,refusal,refused,path-clip,unsupported.geometry.path_key_nondeterministic,unsupported.geometry.path_key_nondeterministic,unsupported.geometry.path_key_nondeterministic,0,0,,0.0,,generated-render-missing,True,False,640,480
308,giantbitmap_mirror_bilerp_scale,IMAGE,non-blocking,trusted,refusal,refused,path-clip,unsupported.geometry.path_key_nondeterministic,unsupported.geometry.path_key_nondeterministic,unsupported.geometry.path_key_nondeterministic,0,0,,0.0,,generated-render-missing,True,False,640,480
309,giantbitmap_mirror_point_rotate,IMAGE,non-blocking,trusted,refusal,refused,path-clip,unsupported.geometry.path_key_nondeterministic,unsupported.geometry.path_key_nondeterministic,unsupported.geometry.path_key_nondeterministic,0,0,,0.0,,generated-render-missing,True,False,640,480
310,giantbitmap_mirror_point_scale,IMAGE,non-blocking,trusted,refusal,refused,path-clip,unsupported.geometry.path_key_nondeterministic,unsupported.geometry.path_key_nondeterministic,unsupported.geometry.path_key_nondeterministic,0,0,,0.0,,generated-render-missing,True,False,640,480
311,giantbitmap_repeat_bilerp_rotate,IMAGE,non-blocking,trusted,refusal,refused,path-clip,unsupported.geometry.path_key_nondeterministic,unsupported.geometry.path_key_nondeterministic,unsupported.geometry.path_key_nondeterministic,0,0,,0.0,,generated-render-missing,True,False,640,480
312,giantbitmap_repeat_bilerp_scale,IMAGE,non-blocking,trusted,refusal,refused,path-clip,unsupported.geometry.path_key_nondeterministic,unsupported.geometry.path_key_nondeterministic,unsupported.geometry.path_key_nondeterministic,0,0,,0.0,,generated-render-missing,True,False,640,480
313,giantbitmap_repeat_point_rotate,IMAGE,non-blocking,trusted,refusal,refused,path-clip,unsupported.geometry.path_key_nondeterministic,unsupported.geometry.path_key_nondeterministic,unsupported.geometry.path_key_nondeterministic,0,0,,0.0,,generated-render-missing,True,False,640,480
314,giantbitmap_repeat_point_scale,IMAGE,non-blocking,trusted,refusal,refused,path-clip,unsupported.geometry.path_key_nondeterministic,unsupported.geometry.path_key_nondeterministic,unsupported.geometry.path_key_nondeterministic,0,0,,0.0,,generated-render-missing,True,False,640,480
315,grayscalejpg,IMAGE,non-blocking,trusted,gpu,rendered,other,,,,1,0,0.0,0.0,True,,True,True,128,128
316,hugebitmapshader,IMAGE,non-blocking,trusted,refusal,refused,other,unsupported.material.source_unimplemented,unsupported.material.source_unimplemented,unsupported.material.source_unimplemented,0,0,,0.0,,generated-render-missing,True,False,100,100
317,image-cacherator-from-picture,IMAGE,non-blocking,trusted,refusal,refused,strokes,unsupported.stroke.rect_anti_alias,unsupported.stroke.rect_anti_alias,unsupported.stroke.rect_anti_alias,0,0,,0.0,,generated-render-missing,True,False,960,450
318,image_dither,IMAGE,non-blocking,trusted,refusal,refused,other,unsupported.material.source_unimplemented,unsupported.material.source_unimplemented,unsupported.material.source_unimplemented,0,0,,0.0,,generated-render-missing,True,False,425,110
319,imagefilter_transformed_image,IMAGE,non-blocking,trusted,refusal,refused,other,unsupported.surface.prepared.image-clip,unsupported.surface.prepared.image-clip,unsupported.surface.prepared.image-clip,0,0,,0.0,,generated-render-missing,True,False,256,256
320,imagefilterscropexpand,IMAGE,non-blocking,trusted,refusal,refused,compositing,unsupported.composite.paint,unsupported.composite.paint,unsupported.composite.paint,0,0,,0.0,,generated-render-missing,True,False,730,650
321,imagefiltersgraph,IMAGE,non-blocking,trusted,refusal,refused,images,unsupported.image.native_binding,unsupported.image.native_binding,unsupported.image.native_binding,0,0,,0.0,,generated-render-missing,True,False,600,150
322,image-surface,IMAGE,non-blocking,trusted,refusal,refused,path-clip,unsupported.geometry.path_key_nondeterministic,unsupported.geometry.path_key_nondeterministic,unsupported.geometry.path_key_nondeterministic,0,0,,0.0,,generated-render-missing,True,False,960,1200
323,imagemagnifier_bounds,IMAGE,non-blocking,trusted,refusal,refused,compositing,unsupported.composite.operation,unsupported.composite.operation,unsupported.composite.operation,0,0,,0.0,,generated-render-missing,True,False,768,512
324,imagemagnifier_cropped,IMAGE,non-blocking,trusted,refusal,refused,compositing,unsupported.composite.paint,unsupported.composite.paint,unsupported.composite.paint,0,0,,0.0,,generated-render-missing,True,False,256,256
325,imagemagnifier,IMAGE,non-blocking,trusted,refusal,refused,compositing,unsupported.composite.paint,unsupported.composite.paint,unsupported.composite.paint,0,0,,0.0,,generated-render-missing,True,False,500,500
326,imagemakewithfilter,IMAGE,non-blocking,trusted,gpu,rendered,other,,,,79,0,49.80106167846309,0.0,True,,True,True,1840,860
327,imagemasksubset,IMAGE,non-blocking,trusted,gpu,rendered,other,,,,7,0,73.95833333333334,0.0,True,,True,True,480,480
328,image_out_of_gamut,IMAGE,non-blocking,trusted,gpu,rendered,other,,,,4,0,0.0,0.0,True,,True,True,77,41
329,image-picture,IMAGE,non-blocking,trusted,refusal,refused,strokes,unsupported.stroke.rect_anti_alias,unsupported.stroke.rect_anti_alias,unsupported.stroke.rect_anti_alias,0,0,,0.0,,generated-render-missing,True,False,850,450
330,imageresizetiled,IMAGE,non-blocking,trusted,refusal,refused,compositing,unsupported.composite.operation,unsupported.composite.operation,unsupported.composite.operation,0,0,,0.0,,generated-render-missing,True,False,640,480
331,image-shader,IMAGE,non-blocking,trusted,refusal,refused,strokes,unsupported.stroke.rect_anti_alias,unsupported.stroke.rect_anti_alias,unsupported.stroke.rect_anti_alias,0,0,,0.0,,generated-render-missing,True,False,850,450
332,imagesource,IMAGE,non-blocking,trusted,gpu,rendered,other,,,,6,0,92.96933333333334,0.0,True,,True,True,500,150
333,image_subset,IMAGE,non-blocking,trusted,refusal,refused,path-clip,unsupported.core_primitive.stencil_edge_fan_budget,unsupported.core_primitive.stencil_edge_fan_budget,unsupported.core_primitive.stencil_edge_fan_budget,0,0,,0.0,,generated-render-missing,True,False,440,220
334,imageshader_tinyscale,IMAGE,non-blocking,trusted,gpu,rendered,other,,,,1,0,0.0,0.0,True,,True,True,1000,1000
335,localmatrixshader_nested,IMAGE,non-blocking,trusted,refusal,refused,path-clip,unsupported.geometry.path_key_nondeterministic,unsupported.geometry.path_key_nondeterministic,unsupported.geometry.path_key_nondeterministic,0,0,,0.0,,generated-render-missing,True,False,450,1200
336,local_matrix_shader_rt,IMAGE,non-blocking,trusted,refusal,refused,other,unsupported.material.source_unimplemented,unsupported.material.source_unimplemented,unsupported.material.source_unimplemented,0,0,,0.0,,generated-render-missing,True,False,256,256
337,localmatrix_order,IMAGE,non-blocking,trusted,refusal,refused,other,unsupported.material.source_unimplemented,unsupported.material.source_unimplemented,unsupported.material.source_unimplemented,0,0,,0.0,,generated-render-missing,True,False,500,500
338,makecolorspace,IMAGE,non-blocking,trusted,refusal,refused,images,unsupported.color.gamut_transform,unsupported.color.gamut_transform,unsupported.color.gamut_transform,0,0,,0.0,,generated-render-missing,True,False,384,512
339,makecolortypeandspace,IMAGE,non-blocking,trusted,gpu,rendered,other,,,,13,0,0.0,0.0,True,,True,True,384,512
340,makeRasterImage,IMAGE,non-blocking,trusted,gpu,rendered,other,,,,2,0,83.660888671875,0.0,True,,True,True,128,128
341,mipmap_gray8_srgb,IMAGE,non-blocking,trusted,refusal,refused,images,unsupported.image.pixel.format,unsupported.image.pixel.format,unsupported.image.pixel.format,0,0,,0.0,,generated-render-missing,True,False,260,230
342,mipmap_srgb,IMAGE,non-blocking,trusted,refusal,refused,images,unsupported.image.src_bounds,unsupported.image.src_bounds,unsupported.image.src_bounds,0,0,,0.0,,generated-render-missing,True,False,260,230
343,mirror_tile,IMAGE,non-blocking,trusted,refusal,refused,other,unsupported.material.source_unimplemented,unsupported.material.source_unimplemented,unsupported.material.source_unimplemented,0,0,,0.0,,generated-render-missing,True,False,140,370
344,nearest_half_pixel_image,IMAGE,non-blocking,trusted,refusal,refused,transforms,unsupported.transform.affine_material,unsupported.transform.affine_material,unsupported.transform.affine_material,0,0,,0.0,,generated-render-missing,True,False,264,235
345,new_texture_image,IMAGE,non-blocking,trusted,gpu,rendered,other,,,,1,0,22.36024844720497,0.0,True,,True,True,280,115
346,ninepatch-stretch,IMAGE,non-blocking,trusted,refusal,refused,images,unsupported.image.nine_geometry,unsupported.image.nine_geometry,unsupported.image.nine_geometry,0,0,,0.0,,generated-render-missing,True,False,760,800
347,not_native32_bitmap_config,IMAGE,non-blocking,trusted,refusal,refused,path-clip,unsupported.core_primitive.stencil_edge_fan_budget,unsupported.core_primitive.stencil_edge_fan_budget,unsupported.core_primitive.stencil_edge_fan_budget,0,0,,65.0,,generated-render-missing,True,False,128,128
348,null_child_rt,IMAGE,non-blocking,trusted,refusal,refused,other,unsupported.core_primitive.material.non_solid,unsupported.core_primitive.material.non_solid,unsupported.core_primitive.material.non_solid,0,0,,0.0,,generated-render-missing,True,False,150,100
349,p3,IMAGE,non-blocking,trusted,refusal,refused,other,unsupported.material.source_unimplemented,unsupported.material.source_unimplemented,unsupported.material.source_unimplemented,0,0,,0.0,,generated-render-missing,True,False,450,1300
350,persp_images,IMAGE,non-blocking,trusted,gpu,rendered,other,,,,9,0,68.54782608695652,0.0,True,,True,True,1150,1280
351,pictureimagefilter,IMAGE,non-blocking,trusted,refusal,refused,compositing,unsupported.composite.paint,unsupported.composite.paint,unsupported.composite.paint,0,0,,0.0,,generated-render-missing,True,False,600,300
352,pictureshader_alpha,IMAGE,non-blocking,trusted,refusal,refused,path-clip,unsupported.core_primitive.stencil_edge_fan_budget,unsupported.core_primitive.stencil_edge_fan_budget,unsupported.core_primitive.stencil_edge_fan_budget,0,0,,0.0,,generated-render-missing,True,False,1400,1450
353,pictureshadercache,IMAGE,non-blocking,trusted,refusal,refused,path-clip,unsupported.core_primitive.stencil_edge_fan_budget,unsupported.core_primitive.stencil_edge_fan_budget,unsupported.core_primitive.stencil_edge_fan_budget,0,0,,0.0,,generated-render-missing,True,False,100,100
354,pictureshader,IMAGE,non-blocking,trusted,refusal,refused,path-clip,unsupported.core_primitive.stencil_edge_fan_budget,unsupported.core_primitive.stencil_edge_fan_budget,unsupported.core_primitive.stencil_edge_fan_budget,0,0,,0.0,,generated-render-missing,True,False,1400,1450
355,pictureshader_localwrapper,IMAGE,non-blocking,trusted,refusal,refused,path-clip,unsupported.core_primitive.stencil_edge_fan_budget,unsupported.core_primitive.stencil_edge_fan_budget,unsupported.core_primitive.stencil_edge_fan_budget,0,0,,0.0,,generated-render-missing,True,False,1400,1450
356,pictureshader_persp,IMAGE,non-blocking,trusted,refusal,refused,other,unsupported.core_primitive.geometry.invalid,unsupported.core_primitive.geometry.invalid,unsupported.core_primitive.geometry.invalid,0,0,,0.0,,generated-render-missing,True,False,215,110
357,pictureshadertile,IMAGE,non-blocking,trusted,refusal,refused,strokes,unsupported.stroke.rect_anti_alias,unsupported.stroke.rect_anti_alias,unsupported.stroke.rect_anti_alias,0,0,,0.0,,generated-render-missing,True,False,800,600
358,poster_circle,IMAGE,non-blocking,trusted,gpu,rendered,other,,,,1,0,36.965185185185184,0.0,True,,True,True,600,450
359,raw_image_shader_normals_rt,IMAGE,non-blocking,trusted,gpu,rendered,other,,,,8,0,20.397186279296875,0.0,True,,True,True,768,512
360,readpixelscodec,IMAGE,non-blocking,trusted,refusal,refused,path-clip,unsupported.core_primitive.coverage_sample.scalar_aa_not_promoted,unsupported.core_primitive.coverage_sample.scalar_aa_not_promoted,unsupported.core_primitive.coverage_sample.scalar_aa_not_promoted,0,0,,0.0,,generated-render-missing,True,False,27,108
361,readpixelspicture,IMAGE,non-blocking,trusted,refusal,refused,path-clip,unsupported.geometry.path_key_nondeterministic,unsupported.geometry.path_key_nondeterministic,unsupported.geometry.path_key_nondeterministic,0,0,,0.0,,generated-render-missing,True,False,192,768
362,reinterpretcolorspace,IMAGE,non-blocking,trusted,refusal,refused,images,unsupported.color.gamut_transform,unsupported.color.gamut_transform,unsupported.color.gamut_transform,0,0,,0.0,,generated-render-missing,True,False,384,384
363,repeated_bitmap,IMAGE,non-blocking,trusted,refusal,refused,other,unsupported.core_primitive.geometry.invalid,unsupported.core_primitive.geometry.invalid,unsupported.core_primitive.geometry.invalid,0,0,,0.0,,generated-render-missing,True,False,576,576
364,repeated_bitmap_jpg,IMAGE,non-blocking,trusted,refusal,refused,other,unsupported.core_primitive.geometry.invalid,unsupported.core_primitive.geometry.invalid,unsupported.core_primitive.geometry.invalid,0,0,,0.0,,generated-render-missing,True,False,576,576
365,scale-pixels,IMAGE,non-blocking,trusted,gpu,rendered-no-score,other,,,,1,0,,0.0,,size-mismatch,True,True,960,1200
366,scaled_tilemode_bitmap,IMAGE,non-blocking,trusted,refusal,refused,other,unsupported.material.source_unimplemented,unsupported.material.source_unimplemented,unsupported.material.source_unimplemented,0,0,,0.0,,generated-render-missing,True,False,650,610
367,scaled_tilemodes,IMAGE,non-blocking,trusted,gpu,rendered,other,,,,1,0,51.74457644628099,0.0,True,,True,True,880,880
368,scaled_tilemodes_npot,IMAGE,non-blocking,trusted,gpu,rendered,other,,,,1,0,72.57102272727273,0.0,True,,True,True,880,880
369,scalepixels_unpremul,IMAGE,non-blocking,trusted,gpu,rendered,other,,,,5,0,15.087301587301589,0.0,True,,True,True,1080,280
370,shaderpath,IMAGE,non-blocking,trusted,refusal,refused,other,unsupported.material.source_unimplemented,unsupported.material.source_unimplemented,unsupported.material.source_unimplemented,0,0,,0.0,,generated-render-missing,True,False,820,930
371,showmiplevels_explicit,IMAGE,non-blocking,trusted,gpu,rendered,other,,,,2,0,13.8788431712435,0.0,True,,True,True,1130,970
372,skbug_8664,IMAGE,non-blocking,trusted,refusal,refused,path-clip,unsupported.core_primitive.coverage_sample.scalar_aa_not_promoted,unsupported.core_primitive.coverage_sample.scalar_aa_not_promoted,unsupported.core_primitive.coverage_sample.scalar_aa_not_promoted,0,0,,0.0,,generated-render-missing,True,False,830,550
373,skbug_9819,IMAGE,non-blocking,trusted,refusal,refused,compositing,unsupported.composite.operation,unsupported.composite.operation,unsupported.composite.operation,0,0,,0.0,,generated-render-missing,True,False,256,256
374,stoplight_animated_image,IMAGE,non-blocking,trusted,refusal,refused,compositing,unsupported.surface.prepared.mixed-composite-topology,unsupported.surface.prepared.mixed-composite-topology,unsupported.surface.prepared.mixed-composite-topology,0,0,,0.0,,generated-render-missing,True,False,304,304
375,surface_underdraw,IMAGE,non-blocking,trusted,refusal,refused,images,unsupported.image.native_binding,unsupported.image.native_binding,unsupported.image.native_binding,0,0,,0.0,,generated-render-missing,True,False,256,256
376,texture,IMAGE,non-blocking,missing,refusal,refused,strokes,unsupported.stroke.rect_anti_alias,unsupported.stroke.rect_anti_alias,unsupported.stroke.rect_anti_alias,0,0,,0.0,,reference-missing,False,False,256,256
377,textureimage_and_shader,IMAGE,non-blocking,trusted,refusal,refused,other,unsupported.material.source_unimplemented,unsupported.material.source_unimplemented,unsupported.material.source_unimplemented,0,0,,0.0,,generated-render-missing,True,False,100,50
378,tiled_picture_shader,IMAGE,non-blocking,trusted,refusal,refused,path-clip,unsupported.geometry.path_key_nondeterministic,unsupported.geometry.path_key_nondeterministic,unsupported.geometry.path_key_nondeterministic,0,0,,0.0,,generated-render-missing,True,False,400,400
379,tiledscaledbitmap,IMAGE,non-blocking,trusted,refusal,refused,path-clip,unsupported.core_primitive.stencil_edge_fan_budget,unsupported.core_primitive.stencil_edge_fan_budget,unsupported.core_primitive.stencil_edge_fan_budget,0,0,,0.0,,generated-render-missing,True,False,1016,616
380,tilemode_decal,IMAGE,non-blocking,trusted,refusal,refused,other,unsupported.material.source_unimplemented,unsupported.material.source_unimplemented,unsupported.material.source_unimplemented,0,0,,0.0,,generated-render-missing,True,False,720,1100
381,tilemodes_alpha,IMAGE,non-blocking,trusted,refusal,refused,other,unsupported.material.source_unimplemented,unsupported.material.source_unimplemented,unsupported.material.source_unimplemented,0,0,,0.0,,generated-render-missing,True,False,512,512
382,tilemodes,IMAGE,non-blocking,trusted,refusal,refused,other,unsupported.material.source_unimplemented,unsupported.material.source_unimplemented,unsupported.material.source_unimplemented,0,0,,0.0,,generated-render-missing,True,False,880,560
383,tilemode_bitmap,IMAGE,non-blocking,trusted,refusal,refused,other,unsupported.material.source_unimplemented,unsupported.material.source_unimplemented,unsupported.material.source_unimplemented,0,0,,0.0,,generated-render-missing,True,False,650,610
384,tilemode_gradient,IMAGE,non-blocking,trusted,refusal,refused,gradients,unsupported.material.gradient_tile_mode_unsupported,unsupported.material.gradient_tile_mode_unsupported,unsupported.material.gradient_tile_mode_unsupported,0,0,,0.0,,generated-render-missing,True,False,650,610
385,tinybitmap,IMAGE,non-blocking,trusted,refusal,refused,other,unsupported.material.source_unimplemented,unsupported.material.source_unimplemented,unsupported.material.source_unimplemented,0,0,,0.0,,generated-render-missing,True,False,100,100
386,unpremul,IMAGE,non-blocking,trusted,refusal,refused,compositing,unsupported.composite.operation,unsupported.composite.operation,unsupported.composite.operation,0,0,,0.0,,generated-render-missing,True,False,200,200
387,wacky_yuv_formats,IMAGE,non-blocking,missing,gpu,rendered-no-score,other,,,,1,0,,0.0,,reference-missing,False,True,1880,1430
388,yuv420_odd_dim,IMAGE,non-blocking,trusted,gpu,rendered,other,,,,1,0,0.0,0.0,True,,True,True,50,50
389,yuv420_odd_dim_repeat,IMAGE,non-blocking,trusted,gpu,rendered,other,,,,1,0,0.0,0.0,True,,True,True,1000,500
390,custommesh_cs,MESH,non-blocking,trusted,failure,failed,other,,failed.prepared-surface.materialization,failed.prepared-surface.materialization,0,0,,83.0,,generated-render-missing,True,False,468,258
391,custommesh_cs_uniforms,MESH,non-blocking,trusted,failure,failed,other,,failed.prepared-surface.materialization,failed.prepared-surface.materialization,0,0,,0.0,,generated-render-missing,True,False,200,900
392,custommesh,MESH,non-blocking,trusted,failure,failed,compositing,,invalid.frame_plan.destination_read_unbound,invalid.frame_plan.destination_read_unbound,0,0,,84.0,,generated-render-missing,True,False,435,1180
393,custommesh_uniforms,MESH,non-blocking,untrustable,gpu,rendered-no-score,other,,,,1,0,,99.0,,reference-untrustable,True,True,140,250
394,mesh_updates,MESH,non-blocking,trusted,failure,failed,other,,failed.prepared-surface.materialization,failed.prepared-surface.materialization,0,0,,0.0,,generated-render-missing,True,False,270,490
395,picture_mesh,MESH,non-blocking,trusted,refusal,refused,compositing,unsupported.composite.operation,unsupported.composite.operation,unsupported.composite.operation,0,0,,99.0,,generated-render-missing,True,False,390,90
396,skbug_13047,MESH,non-blocking,trusted,refusal,refused,images,unsupported.vertices.material,unsupported.vertices.material,unsupported.vertices.material,0,0,,0.0,,generated-render-missing,True,False,200,200
397,vertices_batching,MESH,non-blocking,trusted,refusal,refused,images,unsupported.vertices.topology,unsupported.vertices.topology,unsupported.vertices.topology,0,0,,0.0,,generated-render-missing,True,False,100,500
398,vertices_collapsed,MESH,non-blocking,trusted,refusal,refused,images,unsupported.vertices.material,unsupported.vertices.material,unsupported.vertices.material,0,0,,0.0,,generated-render-missing,True,False,50,50
399,vertices,MESH,non-blocking,trusted,refusal,refused,images,unsupported.vertices.material,unsupported.vertices.material,unsupported.vertices.material,0,0,,0.0,,generated-render-missing,True,False,975,1175
400,bezier_conic_effects,PATH,non-blocking,trusted,refusal,refused,strokes,unsupported.stroke.rect_anti_alias,unsupported.stroke.rect_anti_alias,unsupported.stroke.rect_anti_alias,0,0,,0.0,,generated-render-missing,True,False,256,256
401,bezier_quad_effects,PATH,non-blocking,trusted,refusal,refused,strokes,unsupported.stroke.rect_anti_alias,unsupported.stroke.rect_anti_alias,unsupported.stroke.rect_anti_alias,0,0,,0.0,,generated-render-missing,True,False,256,256
402,bug41422450,PATH,non-blocking,trusted,refusal,refused,path-clip,unsupported.geometry.path_key_nondeterministic,unsupported.geometry.path_key_nondeterministic,unsupported.geometry.path_key_nondeterministic,0,0,,0.0,,generated-render-missing,True,False,863,473
403,ctmpatheffect,PATH,non-blocking,trusted,refusal,refused,path-clip,unsupported.geometry.path_key_nondeterministic,unsupported.geometry.path_key_nondeterministic,unsupported.geometry.path_key_nondeterministic,0,0,,0.0,,generated-render-missing,True,False,800,600
404,circle_sizes,PATH,non-blocking,trusted,refusal,refused,path-clip,unsupported.core_primitive.stencil_edge_fan_budget,unsupported.core_primitive.stencil_edge_fan_budget,unsupported.core_primitive.stencil_edge_fan_budget,0,0,,87.3,,generated-render-missing,True,False,128,128
405,clockwise,PATH,non-blocking,trusted,refusal,refused,path-clip,unsupported.core_primitive.coverage_sample.scalar_aa_not_promoted,unsupported.core_primitive.coverage_sample.scalar_aa_not_promoted,unsupported.core_primitive.coverage_sample.scalar_aa_not_promoted,0,0,,0.0,,generated-render-missing,True,False,300,200
406,concavepaths,PATH,non-blocking,trusted,refusal,refused,path-clip,unsupported.core_primitive.stencil_edge_fan_budget,unsupported.core_primitive.stencil_edge_fan_budget,unsupported.core_primitive.stencil_edge_fan_budget,0,0,,93.0,,generated-render-missing,True,False,500,600
407,conicpaths,PATH,non-blocking,trusted,refusal,refused,path-clip,unsupported.geometry.path_key_nondeterministic,unsupported.geometry.path_key_nondeterministic,unsupported.geometry.path_key_nondeterministic,0,0,,0.0,,generated-render-missing,True,False,920,960
408,convex_lineonly_paths,PATH,non-blocking,trusted,refusal,refused,other,unsupported.core_primitive.geometry.invalid,unsupported.core_primitive.geometry.invalid,unsupported.core_primitive.geometry.invalid,0,0,,0.0,,generated-render-missing,True,False,512,512
409,convex_lineonly_paths_stroke_and_fill,PATH,non-blocking,trusted,refusal,refused,other,unsupported.core_primitive.geometry.invalid,unsupported.core_primitive.geometry.invalid,unsupported.core_primitive.geometry.invalid,0,0,,0.0,,generated-render-missing,True,False,512,512
410,convexpaths,PATH,non-blocking,trusted,refusal,refused,path-clip,unsupported.core_primitive.stencil_edge_fan_budget,unsupported.core_primitive.stencil_edge_fan_budget,unsupported.core_primitive.stencil_edge_fan_budget,0,0,,0.0,,generated-render-missing,True,False,1200,1100
411,crbug_640176,PATH,non-blocking,trusted,gpu,rendered,other,,,,2,0,99.6832,0.0,True,,True,True,250,250
412,crbug_691386,PATH,non-blocking,trusted,refusal,refused,path-clip,unsupported.geometry.path_key_nondeterministic,unsupported.geometry.path_key_nondeterministic,unsupported.geometry.path_key_nondeterministic,0,0,,0.0,,generated-render-missing,True,False,256,256
413,cubicclosepath,PATH,non-blocking,trusted,refusal,refused,path-clip,unsupported.geometry.path_key_nondeterministic,unsupported.geometry.path_key_nondeterministic,unsupported.geometry.path_key_nondeterministic,0,0,,0.0,,generated-render-missing,True,False,1240,390
414,cubicpath,PATH,non-blocking,trusted,refusal,refused,path-clip,unsupported.geometry.path_key_nondeterministic,unsupported.geometry.path_key_nondeterministic,unsupported.geometry.path_key_nondeterministic,0,0,,0.0,,generated-render-missing,True,False,1240,390
415,cubicpath_shader,PATH,non-blocking,trusted,refusal,refused,path-clip,unsupported.core_primitive.material.path_stencil,unsupported.core_primitive.material.path_stencil,unsupported.core_primitive.material.path_stencil,0,0,,0.0,,generated-render-missing,True,False,1240,390
416,dashcircle,PATH,non-blocking,trusted,refusal,refused,path-clip,unsupported.geometry.path_key_nondeterministic,unsupported.geometry.path_key_nondeterministic,unsupported.geometry.path_key_nondeterministic,0,0,,36.5,,generated-render-missing,True,False,900,1200
417,dashtextcaps,PATH,non-blocking,trusted,refusal,refused,path-clip,unsupported.geometry.path_key_nondeterministic,unsupported.geometry.path_key_nondeterministic,unsupported.geometry.path_key_nondeterministic,0,0,,0.0,,generated-render-missing,True,False,512,512
418,dashing5_aa,PATH,non-blocking,trusted,refusal,refused,path-clip,unsupported.geometry.path_key_nondeterministic,unsupported.geometry.path_key_nondeterministic,unsupported.geometry.path_key_nondeterministic,0,0,,0.0,,generated-render-missing,True,False,400,200
419,dashing,PATH,non-blocking,trusted,refusal,refused,path-clip,unsupported.geometry.path_key_nondeterministic,unsupported.geometry.path_key_nondeterministic,unsupported.geometry.path_key_nondeterministic,0,0,,84.8,,generated-render-missing,True,False,640,340
420,drawlines_with_local_matrix,PATH,non-blocking,trusted,refusal,refused,gradients,unsupported.material.gradient_antialias,unsupported.material.gradient_antialias,unsupported.material.gradient_antialias,0,0,,0.0,,generated-render-missing,True,False,500,500
421,drawregion,PATH,non-blocking,trusted,gpu,rendered,other,,,,10002,0,100.0,0.0,True,,True,True,500,500
422,drawregionmodes,PATH,non-blocking,trusted,refusal,refused,path-clip,unsupported.geometry.path_key_nondeterministic,unsupported.geometry.path_key_nondeterministic,unsupported.geometry.path_key_nondeterministic,0,0,,0.0,,generated-render-missing,True,False,375,500
423,fatpathfill,PATH,non-blocking,trusted,refusal,refused,path-clip,unsupported.core_primitive.coverage_sample.scalar_aa_not_promoted,unsupported.core_primitive.coverage_sample.scalar_aa_not_promoted,unsupported.core_primitive.coverage_sample.scalar_aa_not_promoted,0,0,,0.0,,generated-render-missing,True,False,288,480
424,filltypespersp,PATH,non-blocking,trusted,refusal,refused,other,unsupported.material.source_unimplemented,unsupported.material.source_unimplemented,unsupported.material.source_unimplemented,0,0,,0.0,,generated-render-missing,True,False,835,840
425,inner_join_geometry,PATH,non-blocking,trusted,refusal,refused,path-clip,unsupported.geometry.path_key_nondeterministic,unsupported.geometry.path_key_nondeterministic,unsupported.geometry.path_key_nondeterministic,0,0,,0.0,,generated-render-missing,True,False,1000,700
426,lineclosepath,PATH,non-blocking,trusted,refusal,refused,path-clip,unsupported.geometry.path_key_nondeterministic,unsupported.geometry.path_key_nondeterministic,unsupported.geometry.path_key_nondeterministic,0,0,,0.0,,generated-render-missing,True,False,1240,390
427,linepath,PATH,non-blocking,trusted,refusal,refused,path-clip,unsupported.geometry.path_key_nondeterministic,unsupported.geometry.path_key_nondeterministic,unsupported.geometry.path_key_nondeterministic,0,0,,0.0,,generated-render-missing,True,False,1240,390
428,mandoline,PATH,non-blocking,trusted,refusal,refused,path-clip,unsupported.core_primitive.stencil_edge_fan_budget,unsupported.core_primitive.stencil_edge_fan_budget,unsupported.core_primitive.stencil_edge_fan_budget,0,0,,84.8,,generated-render-missing,True,False,560,475
429,manycircles,PATH,non-blocking,trusted,refusal,refused,path-clip,unsupported.core_primitive.stencil_edge_fan_budget,unsupported.core_primitive.stencil_edge_fan_budget,unsupported.core_primitive.stencil_edge_fan_budget,0,0,,0.0,,generated-render-missing,True,False,800,600
430,manypathatlases,PATH,non-blocking,missing,refusal,refused,path-clip,unsupported.core_primitive.stencil_edge_fan_budget,unsupported.core_primitive.stencil_edge_fan_budget,unsupported.core_primitive.stencil_edge_fan_budget,0,0,,0.0,,reference-missing,False,False,128,128
431,nested,PATH,non-blocking,missing,refusal,refused,path-clip,unsupported.core_primitive.stencil_edge_fan_budget,unsupported.core_primitive.stencil_edge_fan_budget,unsupported.core_primitive.stencil_edge_fan_budget,0,0,,0.0,,reference-missing,False,False,269,134
432,nonclosedpaths,PATH,non-blocking,trusted,refusal,refused,path-clip,unsupported.geometry.path_key_nondeterministic,unsupported.geometry.path_key_nondeterministic,unsupported.geometry.path_key_nondeterministic,0,0,,59.8,,generated-render-missing,True,False,1220,1920
433,OverStroke,PATH,non-blocking,trusted,refusal,refused,path-clip,unsupported.geometry.path_key_nondeterministic,unsupported.geometry.path_key_nondeterministic,unsupported.geometry.path_key_nondeterministic,0,0,,0.0,,generated-render-missing,True,False,500,500
434,parsedpaths,PATH,non-blocking,trusted,refusal,refused,path-clip,unsupported.core_primitive.stencil_edge_fan_budget,unsupported.core_primitive.stencil_edge_fan_budget,unsupported.core_primitive.stencil_edge_fan_budget,0,0,,0.0,,generated-render-missing,True,False,500,500
435,path_mask_cache,PATH,non-blocking,trusted,refusal,refused,path-clip,unsupported.core_primitive.stencil_edge_fan_budget,unsupported.core_primitive.stencil_edge_fan_budget,unsupported.core_primitive.stencil_edge_fan_budget,0,0,,0.0,,generated-render-missing,True,False,650,950
436,pathops_skbug_10155,PATH,non-blocking,trusted,refusal,refused,path-clip,unsupported.geometry.path_key_nondeterministic,unsupported.geometry.path_key_nondeterministic,unsupported.geometry.path_key_nondeterministic,0,0,,0.0,,generated-render-missing,True,False,256,256
437,path-reverse,PATH,non-blocking,trusted,refusal,refused,path-clip,unsupported.geometry.path_key_nondeterministic,unsupported.geometry.path_key_nondeterministic,unsupported.geometry.path_key_nondeterministic,0,0,,0.0,,generated-render-missing,True,False,640,480
438,path_stroke_clip_crbug1070835,PATH,non-blocking,trusted,refusal,refused,path-clip,unsupported.geometry.path_key_nondeterministic,unsupported.geometry.path_key_nondeterministic,unsupported.geometry.path_key_nondeterministic,0,0,,80.0,,generated-render-missing,True,False,25,50
439,points,PATH,non-blocking,trusted,refusal,refused,path-clip,unsupported.geometry.path_key_nondeterministic,unsupported.geometry.path_key_nondeterministic,unsupported.geometry.path_key_nondeterministic,0,0,,0.0,,generated-render-missing,True,False,640,490
440,poly2poly,PATH,non-blocking,trusted,refusal,refused,path-clip,unsupported.geometry.path_key_nondeterministic,unsupported.geometry.path_key_nondeterministic,unsupported.geometry.path_key_nondeterministic,0,0,,0.0,,generated-render-missing,True,False,835,840
441,polygons,PATH,non-blocking,trusted,refusal,refused,path-clip,unsupported.geometry.path_key_nondeterministic,unsupported.geometry.path_key_nondeterministic,unsupported.geometry.path_key_nondeterministic,0,0,,69.0,,generated-render-missing,True,False,840,1140
442,preservefillrule_big,PATH,non-blocking,trusted,refusal,refused,path-clip,unsupported.core_primitive.coverage_sample.scalar_aa_not_promoted,unsupported.core_primitive.coverage_sample.scalar_aa_not_promoted,unsupported.core_primitive.coverage_sample.scalar_aa_not_promoted,0,0,,47.7,,generated-render-missing,True,False,400,400
443,preservefillrule_little,PATH,non-blocking,trusted,refusal,refused,path-clip,unsupported.core_primitive.coverage_sample.scalar_aa_not_promoted,unsupported.core_primitive.coverage_sample.scalar_aa_not_promoted,unsupported.core_primitive.coverage_sample.scalar_aa_not_promoted,0,0,,40.4,,generated-render-missing,True,False,40,40
444,quadclosepath,PATH,non-blocking,trusted,refusal,refused,path-clip,unsupported.geometry.path_key_nondeterministic,unsupported.geometry.path_key_nondeterministic,unsupported.geometry.path_key_nondeterministic,0,0,,0.0,,generated-render-missing,True,False,1240,390
445,quadpath,PATH,non-blocking,trusted,refusal,refused,path-clip,unsupported.geometry.path_key_nondeterministic,unsupported.geometry.path_key_nondeterministic,unsupported.geometry.path_key_nondeterministic,0,0,,0.0,,generated-render-missing,True,False,1240,390
446,roundrects,PATH,non-blocking,trusted,refusal,refused,path-clip,unsupported.geometry.path_key_nondeterministic,unsupported.geometry.path_key_nondeterministic,unsupported.geometry.path_key_nondeterministic,0,0,,0.0,,generated-render-missing,True,False,1200,900
447,shadow_utils_directional,PATH,non-blocking,trusted,gpu,rendered,other,,,,13,0,77.2918701171875,0.0,True,,True,True,256,384
448,sharedcorners,PATH,non-blocking,trusted,refusal,refused,path-clip,unsupported.geometry.path_key_nondeterministic,unsupported.geometry.path_key_nondeterministic,unsupported.geometry.path_key_nondeterministic,0,0,,0.0,,generated-render-missing,True,False,720,740
449,simpleshapes_bw,PATH,non-blocking,trusted,failure,failed,path-clip,,invalid.preflight.core_primitive_path_stencil,invalid.preflight.core_primitive_path_stencil,0,0,,80.0,,generated-render-missing,True,False,500,500
450,simpleshapes,PATH,non-blocking,trusted,refusal,refused,path-clip,unsupported.core_primitive.coverage_sample.scalar_aa_not_promoted,unsupported.core_primitive.coverage_sample.scalar_aa_not_promoted,unsupported.core_primitive.coverage_sample.scalar_aa_not_promoted,0,0,,0.0,,generated-render-missing,True,False,500,500
451,stlouisarch,PATH,non-blocking,trusted,refusal,refused,path-clip,unsupported.geometry.path_key_nondeterministic,unsupported.geometry.path_key_nondeterministic,unsupported.geometry.path_key_nondeterministic,0,0,,0.0,,generated-render-missing,True,False,256,256
452,stroke_rect_shader,PATH,non-blocking,trusted,refusal,refused,path-clip,unsupported.geometry.path_key_nondeterministic,unsupported.geometry.path_key_nondeterministic,unsupported.geometry.path_key_nondeterministic,0,0,,42.8,,generated-render-missing,True,False,690,300
453,strokedline_caps,PATH,non-blocking,trusted,refusal,refused,path-clip,unsupported.geometry.path_key_nondeterministic,unsupported.geometry.path_key_nondeterministic,unsupported.geometry.path_key_nondeterministic,0,0,,92.0,,generated-render-missing,True,False,1400,740
454,strokes3,PATH,non-blocking,trusted,refusal,refused,path-clip,unsupported.geometry.path_key_nondeterministic,unsupported.geometry.path_key_nondeterministic,unsupported.geometry.path_key_nondeterministic,0,0,,0.0,,generated-render-missing,True,False,1500,1500
455,strokes_round,PATH,non-blocking,trusted,refusal,refused,path-clip,unsupported.geometry.path_key_nondeterministic,unsupported.geometry.path_key_nondeterministic,unsupported.geometry.path_key_nondeterministic,0,0,,17.3,,generated-render-missing,True,False,400,800
456,teenyStrokes,PATH,non-blocking,trusted,refusal,refused,path-clip,unsupported.geometry.path_key_nondeterministic,unsupported.geometry.path_key_nondeterministic,unsupported.geometry.path_key_nondeterministic,0,0,,93.2,,generated-render-missing,True,False,400,800
457,thin_aa_dash_lines,PATH,non-blocking,trusted,refusal,refused,path-clip,unsupported.geometry.path_key_nondeterministic,unsupported.geometry.path_key_nondeterministic,unsupported.geometry.path_key_nondeterministic,0,0,,75.6,,generated-render-missing,True,False,330,110
458,thinconcavepaths,PATH,non-blocking,trusted,gpu,rendered,other,,,,85,0,97.99727272727272,94.0,True,,True,True,550,400
459,thinrects,PATH,non-blocking,trusted,refusal,refused,other,unsupported.core_primitive.geometry.invalid,unsupported.core_primitive.geometry.invalid,unsupported.core_primitive.geometry.invalid,0,0,,85.1,,generated-render-missing,True,False,240,320
460,thinroundrects,PATH,non-blocking,trusted,refusal,refused,other,unsupported.core_primitive.geometry.invalid,unsupported.core_primitive.geometry.invalid,unsupported.core_primitive.geometry.invalid,0,0,,84.5,,generated-render-missing,True,False,240,320
461,thinstrokedrects,PATH,non-blocking,trusted,refusal,refused,path-clip,unsupported.geometry.path_key_nondeterministic,unsupported.geometry.path_key_nondeterministic,unsupported.geometry.path_key_nondeterministic,0,0,,75.2,,generated-render-missing,True,False,240,320
462,tinyanglearcs,PATH,non-blocking,trusted,refusal,refused,path-clip,unsupported.geometry.path_key_nondeterministic,unsupported.geometry.path_key_nondeterministic,unsupported.geometry.path_key_nondeterministic,0,0,,94.9,,generated-render-missing,True,False,620,330
463,trickycubicstrokes_largeradius,PATH,non-blocking,trusted,refusal,refused,path-clip,unsupported.geometry.path_key_nondeterministic,unsupported.geometry.path_key_nondeterministic,unsupported.geometry.path_key_nondeterministic,0,0,,68.9,,generated-render-missing,True,False,128,256
464,trimpatheffect,PATH,non-blocking,trusted,refusal,refused,path-clip,unsupported.geometry.path_key_nondeterministic,unsupported.geometry.path_key_nondeterministic,unsupported.geometry.path_key_nondeterministic,0,0,,74.1,,generated-render-missing,True,False,1400,1000
465,widebuttcaps,PATH,non-blocking,trusted,refusal,refused,path-clip,unsupported.geometry.path_key_nondeterministic,unsupported.geometry.path_key_nondeterministic,unsupported.geometry.path_key_nondeterministic,0,0,,26.3,,generated-render-missing,True,False,480,500
466,zero_control_stroke,PATH,non-blocking,trusted,refusal,refused,path-clip,unsupported.geometry.path_key_nondeterministic,unsupported.geometry.path_key_nondeterministic,unsupported.geometry.path_key_nondeterministic,0,0,,0.0,,generated-render-missing,True,False,400,800
467,zeroPath,PATH,non-blocking,trusted,refusal,refused,path-clip,unsupported.geometry.path_key_nondeterministic,unsupported.geometry.path_key_nondeterministic,unsupported.geometry.path_key_nondeterministic,0,0,,92.4,,generated-render-missing,True,False,400,800
468,zerolinedash,PATH,non-blocking,trusted,refusal,refused,path-clip,unsupported.geometry.path_key_nondeterministic,unsupported.geometry.path_key_nondeterministic,unsupported.geometry.path_key_nondeterministic,0,0,,80.0,,generated-render-missing,True,False,256,256
469,zerolinestroke,PATH,non-blocking,trusted,refusal,refused,path-clip,unsupported.geometry.path_key_nondeterministic,unsupported.geometry.path_key_nondeterministic,unsupported.geometry.path_key_nondeterministic,0,0,,69.1,,generated-render-missing,True,False,90,120
470,AlternateLuma,RUNTIME_EFFECT,non-blocking,trusted,refusal,refused,other,unsupported.core_primitive.material.non_solid,unsupported.core_primitive.material.non_solid,unsupported.core_primitive.material.non_solid,0,0,,0.0,,generated-render-missing,True,False,384,128
471,arithmode,RUNTIME_EFFECT,non-blocking,trusted,refusal,refused,other,unsupported.core_primitive.material.non_solid,unsupported.core_primitive.material.non_solid,unsupported.core_primitive.material.non_solid,0,0,,0.0,,generated-render-missing,True,False,640,572
472,color_cube_rt,RUNTIME_EFFECT,non-blocking,trusted,refusal,refused,other,unsupported.core_primitive.material.non_solid,unsupported.core_primitive.material.non_solid,unsupported.core_primitive.material.non_solid,0,0,,0.0,,generated-render-missing,True,False,512,512
473,composeCF,RUNTIME_EFFECT,non-blocking,trusted,refusal,refused,gradients,unsupported.material.gradient_antialias,unsupported.material.gradient_antialias,unsupported.material.gradient_antialias,0,0,,0.0,,generated-render-missing,True,False,200,200
474,runtime_intrinsics_common,RUNTIME_EFFECT,non-blocking,trusted,refusal,refused,other,unsupported.core_primitive.material.non_solid,unsupported.core_primitive.material.non_solid,unsupported.core_primitive.material.non_solid,0,0,,0.0,,generated-render-missing,True,False,635,845
475,runtime_intrinsics_exponential,RUNTIME_EFFECT,non-blocking,trusted,refusal,refused,other,unsupported.core_primitive.material.non_solid,unsupported.core_primitive.material.non_solid,unsupported.core_primitive.material.non_solid,0,0,,0.0,,generated-render-missing,True,False,215,605
476,runtime_intrinsics_geometric,RUNTIME_EFFECT,non-blocking,trusted,refusal,refused,other,unsupported.core_primitive.material.non_solid,unsupported.core_primitive.material.non_solid,unsupported.core_primitive.material.non_solid,0,0,,0.0,,generated-render-missing,True,False,425,605
477,runtime_intrinsics_matrix,RUNTIME_EFFECT,non-blocking,trusted,refusal,refused,other,unsupported.core_primitive.material.non_solid,unsupported.core_primitive.material.non_solid,unsupported.core_primitive.material.non_solid,0,0,,0.0,,generated-render-missing,True,False,320,245
478,runtime_intrinsics_relational,RUNTIME_EFFECT,non-blocking,trusted,refusal,refused,other,unsupported.core_primitive.material.non_solid,unsupported.core_primitive.material.non_solid,unsupported.core_primitive.material.non_solid,0,0,,0.0,,generated-render-missing,True,False,425,725
479,runtime_intrinsics_trig,RUNTIME_EFFECT,non-blocking,trusted,refusal,refused,other,unsupported.core_primitive.material.non_solid,unsupported.core_primitive.material.non_solid,unsupported.core_primitive.material.non_solid,0,0,,0.0,,generated-render-missing,True,False,320,605
480,kawase_blur_rt,RUNTIME_EFFECT,non-blocking,trusted,refusal,refused,compositing,unsupported.composite.paint,unsupported.composite.paint,unsupported.composite.paint,0,0,,76.66666666666667,,generated-render-missing,True,False,1280,768
481,lineargradientrt,RUNTIME_EFFECT,non-blocking,missing,gpu,rendered-no-score,other,,,,18,0,,0.0,,reference-missing,False,True,256,256
482,lumafilter,RUNTIME_EFFECT,non-blocking,trusted,refusal,refused,other,unsupported.core_primitive.material.non_solid,unsupported.core_primitive.material.non_solid,unsupported.core_primitive.material.non_solid,0,0,,0.0,,generated-render-missing,True,False,600,420
483,rippleshader,RUNTIME_EFFECT,non-blocking,trusted,refusal,refused,other,unsupported.core_primitive.material.non_solid,unsupported.core_primitive.material.non_solid,unsupported.core_primitive.material.non_solid,0,0,,0.0,,generated-render-missing,True,False,512,512
484,rtif_distort,RUNTIME_EFFECT,non-blocking,trusted,refusal,refused,compositing,unsupported.composite.paint,unsupported.composite.paint,unsupported.composite.paint,0,0,,0.0,,generated-render-missing,True,False,500,750
485,rtif_unsharp,RUNTIME_EFFECT,non-blocking,trusted,refusal,refused,compositing,unsupported.composite.operation,unsupported.composite.operation,unsupported.composite.operation,0,0,,0.000762939453125,,generated-render-missing,True,False,512,256
486,runtimecolorfilter,RUNTIME_EFFECT,non-blocking,trusted,refusal,refused,other,unsupported.core_primitive.material.non_solid,unsupported.core_primitive.material.non_solid,unsupported.core_primitive.material.non_solid,0,0,,0.0,,generated-render-missing,True,False,768,512
487,runtimefunctions,RUNTIME_EFFECT,non-blocking,trusted,refusal,refused,other,unsupported.core_primitive.material.non_solid,unsupported.core_primitive.material.non_solid,unsupported.core_primitive.material.non_solid,0,0,,10.21575927734375,,generated-render-missing,True,False,256,256
488,runtime_shader,RUNTIME_EFFECT,non-blocking,trusted,refusal,refused,other,unsupported.core_primitive.material.non_solid,unsupported.core_primitive.material.non_solid,unsupported.core_primitive.material.non_solid,0,0,,50.0,,generated-render-missing,True,False,512,256
489,spiral_rt,RUNTIME_EFFECT,non-blocking,trusted,refusal,refused,other,unsupported.core_primitive.material.non_solid,unsupported.core_primitive.material.non_solid,unsupported.core_primitive.material.non_solid,0,0,,0.0,,generated-render-missing,True,False,512,512
490,threshold_rt,RUNTIME_EFFECT,non-blocking,trusted,refusal,refused,other,unsupported.core_primitive.material.non_solid,unsupported.core_primitive.material.non_solid,unsupported.core_primitive.material.non_solid,0,0,,0.006103515625,,generated-render-missing,True,False,256,256
491,unsharp_rt,RUNTIME_EFFECT,non-blocking,trusted,refusal,refused,other,unsupported.core_primitive.material.non_solid,unsupported.core_primitive.material.non_solid,unsupported.core_primitive.material.non_solid,0,0,,1.007080078125,,generated-render-missing,True,False,512,256
492,workingspace,RUNTIME_EFFECT,non-blocking,trusted,gpu,rendered,other,,,,30,0,54.64285714285714,14.464285714285715,True,,True,True,200,350
