WARNING: A restricted method in java.lang.System has been called
WARNING: java.lang.System::load has been called by net.rubygrapefruit.platform.internal.NativeLibraryLoader in an unnamed module (file:/Users/chaos/.gradle/wrapper/dists/gradle-9.2.0-bin/11i5gvueggl8a5cioxuftxrik/gradle-9.2.0/lib/native-platform-0.22-milestone-29.jar)
WARNING: Use --enable-native-access=ALL-UNNAMED to avoid a warning for callers in this module
WARNING: Restricted methods will be blocked in a future release unless native access is enabled

To honour the JVM settings for this build a single-use Daemon process will be forked. For more on this, please refer to https://docs.gradle.org/9.2.0/userguide/gradle_daemon.html#sec:disabling_the_daemon in the Gradle documentation.
Daemon will be stopped at the end of the build
> Task :buildSrc:checkKotlinGradlePluginConfigurationErrors SKIPPED
> Task :buildSrc:generateExternalPluginSpecBuilders UP-TO-DATE
> Task :buildSrc:extractPrecompiledScriptPluginPlugins UP-TO-DATE
> Task :buildSrc:compilePluginsBlocks UP-TO-DATE
> Task :buildSrc:generatePrecompiledScriptPluginAccessors UP-TO-DATE
> Task :buildSrc:generateScriptPluginAdapters UP-TO-DATE
> Task :buildSrc:compileKotlin UP-TO-DATE
> Task :buildSrc:compileJava NO-SOURCE
> Task :buildSrc:compileGroovy NO-SOURCE
> Task :buildSrc:pluginDescriptors UP-TO-DATE
> Task :buildSrc:processResources UP-TO-DATE
> Task :buildSrc:classes UP-TO-DATE
> Task :buildSrc:jar UP-TO-DATE
> Task :codec:checkKotlinGradlePluginConfigurationErrors SKIPPED
> Task :color-management:checkKotlinGradlePluginConfigurationErrors SKIPPED
> Task :math:kmpPartiallyResolvedDependenciesChecker
> Task :math:checkKotlinGradlePluginConfigurationErrors SKIPPED
> Task :math:compileKotlinJvm UP-TO-DATE
> Task :math:compileJvmMainJava NO-SOURCE
> Task :math:jvmProcessResources NO-SOURCE
> Task :math:processJvmMainResources SKIPPED
> Task :math:jvmMainClasses UP-TO-DATE
> Task :math:jvmJar UP-TO-DATE
> Task :color-management:compileKotlin UP-TO-DATE
> Task :color-management:compileJava NO-SOURCE
> Task :font:checkKotlinGradlePluginConfigurationErrors SKIPPED
> Task :font:core:checkKotlinGradlePluginConfigurationErrors SKIPPED
> Task :font:core:compileKotlin UP-TO-DATE
> Task :font:core:compileJava NO-SOURCE
> Task :font:colr:checkKotlinGradlePluginConfigurationErrors SKIPPED
> Task :font:sfnt:checkKotlinGradlePluginConfigurationErrors SKIPPED
> Task :font:sfnt:compileKotlin UP-TO-DATE
> Task :font:sfnt:compileJava NO-SOURCE
> Task :font:colr:compileKotlin UP-TO-DATE
> Task :font:colr:compileJava NO-SOURCE
> Task :font:colr:processResources NO-SOURCE
> Task :font:colr:classes UP-TO-DATE
> Task :font:colr:jar UP-TO-DATE
> Task :font:glyph:checkKotlinGradlePluginConfigurationErrors SKIPPED
> Task :font:gpu-api:checkKotlinGradlePluginConfigurationErrors SKIPPED
> Task :font:gpu-api:compileKotlin UP-TO-DATE
> Task :font:gpu-api:compileJava NO-SOURCE
> Task :font:scaler:checkKotlinGradlePluginConfigurationErrors SKIPPED
> Task :font:scaler:compileKotlin UP-TO-DATE
> Task :font:scaler:compileJava NO-SOURCE
> Task :font:text:checkKotlinGradlePluginConfigurationErrors SKIPPED
> Task :font:text:compileKotlin UP-TO-DATE
> Task :font:text:compileJava NO-SOURCE
> Task :font:glyph:compileKotlin UP-TO-DATE
> Task :font:glyph:compileJava NO-SOURCE
> Task :font:compileKotlin UP-TO-DATE
> Task :font:compileJava NO-SOURCE
> Task :gpu-renderer:checkKotlinGradlePluginConfigurationErrors SKIPPED
> Task :gpu-renderer:compileKotlin UP-TO-DATE
> Task :gpu-renderer:compileJava NO-SOURCE
> Task :kanvas:checkKotlinGradlePluginConfigurationErrors SKIPPED
> Task :kanvas:compileKotlin UP-TO-DATE
> Task :kanvas:compileJava NO-SOURCE
> Task :codec:api:checkKotlinGradlePluginConfigurationErrors SKIPPED
> Task :codec:api:compileKotlin UP-TO-DATE
> Task :codec:api:compileJava NO-SOURCE
> Task :codec:bmp:checkKotlinGradlePluginConfigurationErrors SKIPPED
> Task :codec:common:checkKotlinGradlePluginConfigurationErrors SKIPPED
> Task :codec:common:compileKotlin UP-TO-DATE
> Task :codec:common:compileJava NO-SOURCE
> Task :codec:common:processResources NO-SOURCE
> Task :codec:common:classes UP-TO-DATE
> Task :codec:common:jar UP-TO-DATE
> Task :codec:core:checkKotlinGradlePluginConfigurationErrors SKIPPED
> Task :codec:core:compileKotlin NO-SOURCE
> Task :codec:core:compileJava NO-SOURCE
> Task :codec:bmp:compileKotlin UP-TO-DATE
> Task :codec:bmp:compileJava NO-SOURCE
> Task :codec:bmp:processResources UP-TO-DATE
> Task :codec:bmp:classes UP-TO-DATE
> Task :codec:bmp:jar UP-TO-DATE
> Task :codec:extended:checkKotlinGradlePluginConfigurationErrors SKIPPED
> Task :codec:extended:compileKotlin UP-TO-DATE
> Task :codec:extended:compileJava NO-SOURCE
> Task :codec:extended:processResources UP-TO-DATE
> Task :codec:extended:classes UP-TO-DATE
> Task :codec:extended:jar UP-TO-DATE
> Task :codec:gif:checkKotlinGradlePluginConfigurationErrors SKIPPED
> Task :codec:gif:compileKotlin UP-TO-DATE
> Task :codec:gif:compileJava NO-SOURCE
> Task :codec:gif:processResources UP-TO-DATE
> Task :codec:gif:classes UP-TO-DATE
> Task :codec:gif:jar UP-TO-DATE
> Task :codec:ico:checkKotlinGradlePluginConfigurationErrors SKIPPED
> Task :codec:png:checkKotlinGradlePluginConfigurationErrors SKIPPED
> Task :codec:png:compileKotlin UP-TO-DATE
> Task :codec:png:compileJava NO-SOURCE
> Task :codec:png:processResources UP-TO-DATE
> Task :codec:png:classes UP-TO-DATE
> Task :codec:png:jar UP-TO-DATE
> Task :codec:ico:compileKotlin UP-TO-DATE
> Task :codec:ico:compileJava NO-SOURCE
> Task :codec:ico:processResources UP-TO-DATE
> Task :codec:ico:classes UP-TO-DATE
> Task :codec:ico:jar UP-TO-DATE
> Task :codec:jpeg:checkKotlinGradlePluginConfigurationErrors SKIPPED
> Task :codec:jpeg:compileKotlin UP-TO-DATE
> Task :codec:jpeg:compileJava NO-SOURCE
> Task :codec:jpeg:processResources UP-TO-DATE
> Task :codec:jpeg:classes UP-TO-DATE
> Task :codec:jpeg:jar UP-TO-DATE
> Task :codec:jpeg-ls:checkKotlinGradlePluginConfigurationErrors SKIPPED
> Task :codec:jpeg-ls:compileKotlin UP-TO-DATE
> Task :codec:jpeg-ls:compileJava NO-SOURCE
> Task :codec:jpeg-ls:processResources UP-TO-DATE
> Task :codec:jpeg-ls:classes UP-TO-DATE
> Task :codec:jpeg-ls:jar UP-TO-DATE
> Task :codec:jpeg2000:checkKotlinGradlePluginConfigurationErrors SKIPPED
> Task :codec:jpeg2000:compileKotlin UP-TO-DATE
> Task :codec:jpeg2000:compileJava NO-SOURCE
> Task :codec:jpeg2000:processResources UP-TO-DATE
> Task :codec:jpeg2000:classes UP-TO-DATE
> Task :codec:jpeg2000:jar UP-TO-DATE
> Task :codec:jpegxl:checkKotlinGradlePluginConfigurationErrors SKIPPED
> Task :codec:jpegxl:compileKotlin UP-TO-DATE
> Task :codec:jpegxl:compileJava NO-SOURCE
> Task :codec:jpegxl:processResources UP-TO-DATE
> Task :codec:jpegxl:classes UP-TO-DATE
> Task :codec:jpegxl:jar UP-TO-DATE
> Task :codec:wbmp:checkKotlinGradlePluginConfigurationErrors SKIPPED
> Task :codec:wbmp:compileKotlin UP-TO-DATE
> Task :codec:wbmp:compileJava NO-SOURCE
> Task :codec:wbmp:processResources UP-TO-DATE
> Task :codec:wbmp:classes UP-TO-DATE
> Task :codec:wbmp:jar UP-TO-DATE
> Task :codec:webp:checkKotlinGradlePluginConfigurationErrors SKIPPED
> Task :codec:webp:compileKotlin UP-TO-DATE
> Task :codec:webp:compileJava NO-SOURCE
> Task :codec:webp:processResources UP-TO-DATE
> Task :codec:webp:classes UP-TO-DATE
> Task :codec:webp:jar UP-TO-DATE
> Task :codec:compileKotlin NO-SOURCE
> Task :codec:compileJava NO-SOURCE
> Task :codec:processResources NO-SOURCE
> Task :codec:classes UP-TO-DATE
> Task :codec:jar UP-TO-DATE
> Task :color-management:processResources NO-SOURCE
> Task :color-management:classes UP-TO-DATE
> Task :color-management:jar UP-TO-DATE
> Task :font:processResources NO-SOURCE
> Task :font:classes UP-TO-DATE
> Task :font:jar UP-TO-DATE
> Task :gpu-renderer:processResources UP-TO-DATE
> Task :gpu-renderer:classes UP-TO-DATE
> Task :gpu-renderer:jar UP-TO-DATE
> Task :kanvas:processResources NO-SOURCE
> Task :kanvas:classes UP-TO-DATE
> Task :kanvas:jar UP-TO-DATE
> Task :codec:api:processResources UP-TO-DATE
> Task :codec:api:classes UP-TO-DATE
> Task :codec:api:jar UP-TO-DATE
> Task :codec:core:processResources NO-SOURCE
> Task :codec:core:classes UP-TO-DATE
> Task :codec:core:jar UP-TO-DATE
> Task :font:core:processResources NO-SOURCE
> Task :font:core:classes UP-TO-DATE
> Task :font:core:jar UP-TO-DATE
> Task :font:glyph:processResources NO-SOURCE
> Task :font:glyph:classes UP-TO-DATE
> Task :font:glyph:jar UP-TO-DATE
> Task :font:gpu-api:processResources NO-SOURCE
> Task :font:gpu-api:classes UP-TO-DATE
> Task :font:gpu-api:jar UP-TO-DATE
> Task :font:scaler:processResources NO-SOURCE
> Task :font:scaler:classes UP-TO-DATE
> Task :font:scaler:jar UP-TO-DATE
> Task :font:sfnt:processResources NO-SOURCE
> Task :font:sfnt:classes UP-TO-DATE
> Task :font:sfnt:jar UP-TO-DATE
> Task :font:text:processResources UP-TO-DATE
> Task :font:text:classes UP-TO-DATE
> Task :font:text:jar UP-TO-DATE
> Task :integration-tests:diagnostic:checkKotlinGradlePluginConfigurationErrors SKIPPED
> Task :integration-tests:test-utils:checkKotlinGradlePluginConfigurationErrors SKIPPED
> Task :integration-tests:test-utils:compileKotlin UP-TO-DATE
> Task :integration-tests:test-utils:compileJava NO-SOURCE
> Task :integration-tests:diagnostic:compileKotlin UP-TO-DATE
> Task :integration-tests:diagnostic:compileJava NO-SOURCE
> Task :integration-tests:diagnostic:processResources NO-SOURCE
> Task :integration-tests:diagnostic:classes UP-TO-DATE
> Task :integration-tests:diagnostic:jar UP-TO-DATE
> Task :integration-tests:skia:checkKotlinGradlePluginConfigurationErrors SKIPPED
> Task :integration-tests:skia:compileKotlin NO-SOURCE
> Task :integration-tests:skia:compileJava NO-SOURCE
> Task :integration-tests:skia:processResources NO-SOURCE
> Task :integration-tests:skia:classes UP-TO-DATE
> Task :integration-tests:skia:jar UP-TO-DATE
> Task :integration-tests:skia:compileTestKotlin UP-TO-DATE
> Task :integration-tests:skia:compileTestJava NO-SOURCE
> Task :integration-tests:skia:processTestResources UP-TO-DATE
> Task :integration-tests:skia:testClasses UP-TO-DATE
> Task :integration-tests:test-utils:processResources NO-SOURCE
> Task :integration-tests:test-utils:classes UP-TO-DATE
> Task :integration-tests:test-utils:jar UP-TO-DATE

> Task :integration-tests:skia:generateSkiaRenders
[SKIP] org.graphiks.kanvas.skia.gm.blur.MatrixConvolutionGm
[SKIP] org.graphiks.kanvas.skia.gm.clip.ComplexClip2Gm
[SKIP] org.graphiks.kanvas.skia.gm.image.AnimCodecPlayerExifGm
[SKIP] org.graphiks.kanvas.skia.gm.image.DrawBitmapRectGm
[SKIP] org.graphiks.kanvas.skia.gm.path.InnerShapesGm
[SKIP] org.graphiks.kanvas.skia.gm.path.TrickyCubicStrokesGm
[SKIP] org.graphiks.kanvas.skia.gm.text.GlyphPosGm
WARNING: A terminally deprecated method in sun.misc.Unsafe has been called
WARNING: sun.misc.Unsafe::objectFieldOffset has been called by org.lwjgl.system.MemoryUtil (file:/Users/chaos/.gradle/caches/modules-2/files-2.1/org.lwjgl/lwjgl/3.3.3/29589b5f87ed335a6c7e7ee6a5775f81f97ecb84/lwjgl-3.3.3.jar)
WARNING: Please consider reporting this to the maintainers of class org.lwjgl.system.MemoryUtil
WARNING: sun.misc.Unsafe::objectFieldOffset will be removed in a future release
[FAIL] animated-backdrop-blur — unsupported.composite.operation: Prepared Surface composite could not be lowered.
[FAIL] bigblurs — unsupported.geometry.path_key_nondeterministic: unsupported.geometry.path_key_nondeterministic
[RENDER] blur/blur2rects.png (700x500, dispatch=3, refuse=0)
[FAIL] blur2rectsnonninepatch — unsupported.native-mask-blur.mixed-local-sizes: The top-level mask blur lane serializes one local mask size per frame.
[RENDER] blur/BlurBigSigma.png (1024x1024, dispatch=2, refuse=0)
[FAIL] blurcircles2 — invalid.surface.prepared.frame-build-contract: Prepared Surface frame construction violated an internal contract.
[FAIL] blurcircles — invalid.surface.prepared.frame-build-contract: Prepared Surface frame construction violated an internal contract.
[FAIL] BlurDrawImage — unsupported.image.native_binding: Prepared Surface operation could not be lowered.
[FAIL] blur_ignore_xform_circle — unsupported.core_primitive.stencil_edge_fan_budget: Core primitive geometry cannot be lowered exactly by the current canonical route.
[FAIL] blur_ignore_xform_rrect — stale.preflight.resource_generation: A render packet resource generation is stale.
[FAIL] blur_ignore_xform_rect — stale.preflight.resource_generation: A render packet resource generation is stale.
[FAIL] blur_image — unsupported.image.native_binding: Prepared Surface operation could not be lowered.
[FAIL] blur_matrix_rect — unsupported.native-mask-blur.mixed-local-sizes: The top-level mask blur lane serializes one local mask size per frame.
[FAIL] check_small_sigma_offset — unsupported.geometry.path_key_nondeterministic: unsupported.geometry.path_key_nondeterministic
[FAIL] blurquickreject — unsupported.geometry.path_key_nondeterministic: unsupported.geometry.path_key_nondeterministic
[FAIL] blurrect_compare — unsupported.image.alpha_interpretation: Prepared Surface operation could not be lowered.
[FAIL] blurrect_gallery — unsupported.image.alpha_interpretation: Prepared Surface operation could not be lowered.
[FAIL] blurrects — unsupported.material.source_unimplemented: unsupported.material.source_unimplemented
[RENDER] blur/BlurSmallSigma.png (512x256, dispatch=4, refuse=0)
[FAIL] blurredclippedcircle — invalid.surface.prepared.frame-build-contract: Prepared Surface frame construction violated an internal contract.
[RENDER] blur/crbug_899512.png (520x520, dispatch=2, refuse=0)
[FAIL] emboss — unsupported.geometry.path_key_nondeterministic: unsupported.geometry.path_key_nondeterministic
[FAIL] embossmaskfilter — invalid.surface.prepared.frame-build-contract: Prepared Surface frame construction violated an internal contract.
[FAIL] fast_slow_blurimagefilter — unsupported.image.native_binding: Prepared Surface operation could not be lowered.
[FAIL] hdr-pip-blur — unsupported.image.alpha_interpretation: Prepared Surface operation could not be lowered.
[RENDER] blur/imageblur2.png (500x500, dispatch=217, refuse=0)
[FAIL] imageblurclampmode — unsupported.core_primitive.stencil_edge_fan_budget: Core primitive geometry cannot be lowered exactly by the current canonical route.
[RENDER] blur/imageblur.png (500x500, dispatch=27, refuse=0)
[FAIL] imageblurrepeatmode — unsupported.core_primitive.coverage_sample.scalar_aa_not_promoted: ScalarAA coverage is promoted only by the exact single-sample B3.5b analytic route.
[FAIL] imageblurrepeatunclipped — unsupported.image.native_binding: Prepared Surface operation could not be lowered.
[FAIL] inverse_fill_filters — unsupported.geometry.path_key_nondeterministic: unsupported.geometry.path_key_nondeterministic
[FAIL] inverse_windingmode_filters — unsupported.geometry.path_key_nondeterministic: unsupported.geometry.path_key_nondeterministic
[RENDER] blur/matrixconvolution.png (500x300, dispatch=4, refuse=0)
[RENDER] blur/matrixconvolution_big_color.png (500x300, dispatch=8, refuse=0)
[RENDER] blur/matrixconvolution_big.png (500x300, dispatch=4, refuse=0)
[RENDER] blur/matrixconvolution_bigger.png (500x300, dispatch=5, refuse=0)
[RENDER] blur/matrixconvolution_biggest.png (500x300, dispatch=6, refuse=0)
[FAIL] matrixconvolution_color — unsupported.core_primitive.stencil_edge_fan_budget: Core primitive geometry cannot be lowered exactly by the current canonical route.
[FAIL] rrect_blurs — unsupported.geometry.path_key_nondeterministic: unsupported.geometry.path_key_nondeterministic
[FAIL] simpleblurroundrect — unsupported.material.source_unimplemented: unsupported.material.source_unimplemented
[RENDER] blur/smallemboss.png (50x50, dispatch=2, refuse=0)
[RENDER] blur/tablemaskfilter.png (400x400, dispatch=2, refuse=0)
[FAIL] TiledBlurBigSigma — unsupported.composite.paint: Prepared Surface composite could not be lowered.
[FAIL] aaclip — invalid.preflight.core_primitive_path_stencil_msaa_authority: Path stencil MSAA authority requires one unique path-bearing render scope.
[FAIL] bug339297_as_clip — unsupported.clip.complex_stack: unsupported.clip.complex_stack
[FAIL] circular-clips — unsupported.core_primitive.coverage_sample.scalar_aa_not_promoted: ScalarAA coverage is promoted only by the exact single-sample B3.5b analytic route.
[FAIL] clipcubic — unsupported.geometry.path_key_nondeterministic: unsupported.geometry.path_key_nondeterministic
[RENDER] clip/clipdrawdraw.png (512x512, dispatch=6, refuse=0)
[FAIL] cliplargerect — unsupported.geometry.path_key_nondeterministic: unsupported.geometry.path_key_nondeterministic
[FAIL] clip_region — unsupported.composite.clip: Prepared Surface composite could not be lowered.
[FAIL] clip_sierpinski_region — unsupported.composite.clip: Prepared Surface composite could not be lowered.
[FAIL] clip_strokerect — unsupported.geometry.path_key_nondeterministic: unsupported.geometry.path_key_nondeterministic
[FAIL] clipsuperrrect — unsupported.core_primitive.stencil_edge_fan_budget: Core primitive geometry cannot be lowered exactly by the current canonical route.
[FAIL] complexclip3_complex — unsupported.core_primitive.coverage_sample.scalar_aa_not_promoted: ScalarAA coverage is promoted only by the exact single-sample B3.5b analytic route.
[FAIL] complexclip3_simple — unsupported.core_primitive.coverage_sample.scalar_aa_not_promoted: ScalarAA coverage is promoted only by the exact single-sample B3.5b analytic route.
[FAIL] complexclip4_aa — unsupported.core_primitive.coverage_sample.scalar_aa_not_promoted: ScalarAA coverage is promoted only by the exact single-sample B3.5b analytic route.
[FAIL] complexclip4_bw — unsupported.core_primitive.coverage_sample.scalar_aa_not_promoted: ScalarAA coverage is promoted only by the exact single-sample B3.5b analytic route.
[FAIL] complexclip_aa — unsupported.geometry.path_key_nondeterministic: unsupported.geometry.path_key_nondeterministic
[FAIL] complexclip_aa_invert — unsupported.geometry.path_key_nondeterministic: unsupported.geometry.path_key_nondeterministic
[FAIL] complexclip_aa_layer — unsupported.composite.clip: Prepared Surface composite could not be lowered.
[FAIL] complexclip_aa_layer_invert — unsupported.composite.clip: Prepared Surface composite could not be lowered.
[FAIL] complexclip_blur_tiled — unsupported.composite.paint: Prepared Surface composite could not be lowered.
[FAIL] complexclip_bw — unsupported.geometry.path_key_nondeterministic: unsupported.geometry.path_key_nondeterministic
[FAIL] complexclip_bw_invert — unsupported.geometry.path_key_nondeterministic: unsupported.geometry.path_key_nondeterministic
[FAIL] complexclip_bw_layer — unsupported.composite.clip: Prepared Surface composite could not be lowered.
[FAIL] complexclip_bw_layer_invert — unsupported.composite.clip: Prepared Surface composite could not be lowered.
[FAIL] convex_poly_clip — unsupported.material.gradient_tile_mode_unsupported: unsupported.material.gradient_tile_mode_unsupported
[FAIL] crbug_892988 — unsupported.geometry.path_key_nondeterministic: unsupported.geometry.path_key_nondeterministic
[FAIL] croppedrects — unsupported.geometry.path_key_nondeterministic: unsupported.geometry.path_key_nondeterministic
[FAIL] distantclip — unsupported.recording.core_primitive_analytic_shape_clip: Prepared analytic shapes currently require NoClip or ScissorOnly execution.
[FAIL] fast_constraint_red_is_allowed — unsupported.image.alpha_interpretation: Prepared Surface operation could not be lowered.
[FAIL] fast_constraint_red_is_allowed_manual — unsupported.image.alpha_interpretation: Prepared Surface operation could not be lowered.
[FAIL] inverseclip — unsupported.core_primitive.stencil_edge_fan_budget: Core primitive geometry cannot be lowered exactly by the current canonical route.
[FAIL] manypathatlases_128 — unsupported.core_primitive.stencil_edge_fan_budget: Core primitive geometry cannot be lowered exactly by the current canonical route.
[FAIL] manypathatlases_2048 — unsupported.core_primitive.stencil_edge_fan_budget: Core primitive geometry cannot be lowered exactly by the current canonical route.
[FAIL] pdf_crbug_772685 — invalid.surface.prepared.frame-build-contract: Prepared Surface frame construction violated an internal contract.
[FAIL] perspective_clip — unsupported.core_primitive.stencil_edge_fan_budget: Core primitive geometry cannot be lowered exactly by the current canonical route.
[FAIL] rrect_clip_aa — unsupported.core_primitive.coverage_sample.scalar_aa_not_promoted: ScalarAA coverage is promoted only by the exact single-sample B3.5b analytic route.
[FAIL] rrect_clip_bw — unsupported.core_primitive.coverage_sample.scalar_aa_not_promoted: ScalarAA coverage is promoted only by the exact single-sample B3.5b analytic route.
[FAIL] rrect_clip_draw_paint — unsupported.composite.clip: Prepared Surface composite could not be lowered.
[FAIL] simpleaaclip_path — unsupported.geometry.path_key_nondeterministic: unsupported.geometry.path_key_nondeterministic
[FAIL] simpleaaclip_rect — unsupported.geometry.path_key_nondeterministic: unsupported.geometry.path_key_nondeterministic
[FAIL] skbug1719 — invalid.surface.prepared.frame-build-contract: Prepared Surface frame construction violated an internal contract.
[FAIL] skbug_9319 — invalid.preflight.core_primitive_clip_producer_authority: Resource-backed clip consumer is missing its sealed producer topology.
[FAIL] strict_constraint_batch_no_red_allowed — unsupported.image.alpha_interpretation: Prepared Surface operation could not be lowered.
[FAIL] strict_constraint_batch_no_red_allowed_manual — unsupported.image.alpha_interpretation: Prepared Surface operation could not be lowered.
[FAIL] strict_constraint_no_red_allowed — unsupported.image.alpha_interpretation: Prepared Surface operation could not be lowered.
[FAIL] strict_constraint_no_red_allowed_manual — unsupported.image.alpha_interpretation: Prepared Surface operation could not be lowered.
[FAIL] windowrectangles — unsupported.recording.core_primitive_analytic_shape_clip: Prepared analytic shapes currently require NoClip or ScissorOnly execution.
[RENDER] color/color.png (256x256, dispatch=5, refuse=0)
[RENDER] color/filter.png (256x256, dispatch=5, refuse=0)
[RENDER] color/orientation.png (200x160, dispatch=5, refuse=0)
[FAIL] p3_ovals — unsupported.core_primitive.stencil_edge_fan_budget: Core primitive geometry cannot be lowered exactly by the current canonical route.
[FAIL] paint_alpha_normals_rt — unsupported.material.source_unimplemented: unsupported.material.source_unimplemented
[RENDER] color/rect.png (256x256, dispatch=6, refuse=0)
[FAIL] shader — unsupported.material.linear_gradient_capability_missing: unsupported.material.linear_gradient_capability_missing
[FAIL] aaxfermodes — unsupported.composite.picture.budget: Prepared Surface composite could not be lowered.
[FAIL] aarectmodes — unsupported.composite.preflight: Prepared Surface composite could not be lowered.
[FAIL] arithmode_blender — unsupported.material.linear_gradient_capability_missing: unsupported.material.linear_gradient_capability_missing
[FAIL] backdrop_hintrect_clipping — unsupported.composite.paint: Prepared Surface composite could not be lowered.
[FAIL] backdrop_imagefilter_croprect — unsupported.composite.paint: Prepared Surface composite could not be lowered.
[FAIL] badpaint — unsupported.material.source_unimplemented: unsupported.material.source_unimplemented
[RENDER] composite/clip_shader_difference.png (512x512, dispatch=1, refuse=0)
[FAIL] clipshadermatrix — unsupported.composite.paint: Prepared Surface composite could not be lowered.
[RENDER] composite/clip_shader_layer.png (430x320, dispatch=1, refuse=0)
[FAIL] clip_shader_nested — unsupported.composite.paint: Prepared Surface composite could not be lowered.
[RENDER] composite/clip_shader_persp.png (1370x1030, dispatch=1, refuse=0)
[RENDER] composite/clip_shader.png (840x650, dispatch=1, refuse=0)
[RENDER] composite/color4blendcf.png (360x480, dispatch=13, refuse=0)
[RENDER] composite/color4shader.png (360x480, dispatch=13, refuse=0)
[FAIL] colorfilterimagefilter — unsupported.core_primitive.coverage_sample.scalar_aa_not_promoted: ScalarAA coverage is promoted only by the exact single-sample B3.5b analytic route.
[FAIL] colorfilterimagefilter_layer — unsupported.composite.paint: Prepared Surface composite could not be lowered.
[FAIL] colorfiltershader — unsupported.material.gradient_tile_mode_unsupported: unsupported.material.gradient_tile_mode_unsupported
[FAIL] lightingcolorfilter — unsupported.material.linear_gradient_capability_missing: unsupported.material.linear_gradient_capability_missing
[FAIL] colormatrix — unsupported.material.linear_gradient_capability_missing: unsupported.material.linear_gradient_capability_missing
[FAIL] colorcomposefilter_alpha — unsupported.core_primitive.coverage_sample.scalar_aa_not_promoted: ScalarAA coverage is promoted only by the exact single-sample B3.5b analytic route.
[FAIL] colorcomposefilter_wacky — unsupported.core_primitive.coverage_sample.scalar_aa_not_promoted: ScalarAA coverage is promoted only by the exact single-sample B3.5b analytic route.
[FAIL] compare_atlas_vertices — unsupported.image.alpha_interpretation: Prepared Surface operation could not be lowered.
[FAIL] composeshader_alpha — unsupported.material.source_unimplemented: unsupported.material.source_unimplemented
[FAIL] composeshader_bitmap — unsupported.material.source_unimplemented: unsupported.material.source_unimplemented
[FAIL] composeshader_bitmap_lm — unsupported.material.source_unimplemented: unsupported.material.source_unimplemented
[FAIL] composeshader — unsupported.material.source_unimplemented: unsupported.material.source_unimplemented
[FAIL] composeshader_grid — unsupported.composite.paint: Prepared Surface composite could not be lowered.
[FAIL] composeCFIF — unsupported.core_primitive.coverage_sample.scalar_aa_not_promoted: ScalarAA coverage is promoted only by the exact single-sample B3.5b analytic route.
[FAIL] compositor_quads_color — unsupported.geometry.path_key_nondeterministic: unsupported.geometry.path_key_nondeterministic
[FAIL] crbug_1162942 — unsupported.core_primitive.geometry.invalid: Core primitive geometry cannot be lowered exactly by the current canonical route.
[RENDER] composite/crbug_1167277.png (230x320, dispatch=16, refuse=0)
[RENDER] composite/crbug_1174186.png (1200x1200, dispatch=151, refuse=0)
[FAIL] crbug_1177833 — unsupported.core_primitive.coverage_sample.scalar_aa_not_promoted: ScalarAA coverage is promoted only by the exact single-sample B3.5b analytic route.
[FAIL] crbug_918512 — unsupported.composite.paint: Prepared Surface composite could not be lowered.
[FAIL] destcolor — unsupported.core_primitive.stencil_edge_fan_budget: Core primitive geometry cannot be lowered exactly by the current canonical route.
[FAIL] discard — invalid.prepared-surface.run-plan: The sealed mixed run plan is internally inconsistent.
[FAIL] displacement — unsupported.image.native_binding: Prepared Surface operation could not be lowered.
[FAIL] draw-atlas-colors — unsupported.image.atlas.source_blend: Prepared Surface operation could not be lowered.
[FAIL] draw-atlas — unsupported.image.alpha_interpretation: Prepared Surface operation could not be lowered.
[FAIL] draw_image_set_alpha_only — unsupported.image.alpha_interpretation: Prepared Surface operation could not be lowered.
[FAIL] draw_image_set — unsupported.image.alpha_interpretation: Prepared Surface operation could not be lowered.
[FAIL] draw_image_set_rect_to_rect — unsupported.image.alpha_interpretation: Prepared Surface operation could not be lowered.
[FAIL] draw_quad_set — unsupported.geometry.path_key_nondeterministic: unsupported.geometry.path_key_nondeterministic
[FAIL] dropshadow_pseudopersp — unsupported.composite.paint: Prepared Surface composite could not be lowered.
[FAIL] dstreadshuffle — unsupported.geometry.path_key_nondeterministic: unsupported.geometry.path_key_nondeterministic
[RENDER] composite/ducky_yuv_blend.png (560x1130, dispatch=1, refuse=0)
[FAIL] encode — unsupported.image.alpha_interpretation: Prepared Surface operation could not be lowered.
[RENDER] composite/fadefilter.png (256x256, dispatch=2, refuse=0)
[FAIL] filterfastbounds — unsupported.composite.paint: Prepared Surface composite could not be lowered.
[FAIL] hslcolorfilter — unsupported.material.source_unimplemented: unsupported.material.source_unimplemented
[FAIL] hairmodes — unsupported.geometry.path_key_nondeterministic: unsupported.geometry.path_key_nondeterministic
[FAIL] highcontrastfilter — unsupported.composite.paint: Prepared Surface composite could not be lowered.
[FAIL] hsl — unsupported.core_primitive.stencil_edge_fan_budget: Core primitive geometry cannot be lowered exactly by the current canonical route.
[RENDER] composite/HSL_duck.png (1110x620, dispatch=1, refuse=0)
[RENDER] composite/imagefilter_composed_transform.png (512x512, dispatch=1, refuse=0)
[RENDER] composite/imagefilter_convolve_subset.png (160x180, dispatch=1, refuse=0)
[FAIL] imagefiltersbase — unsupported.core_primitive.stencil_edge_fan_budget: Core primitive geometry cannot be lowered exactly by the current canonical route.
[FAIL] imagefiltersclipped — unsupported.core_primitive.stencil_edge_fan_budget: Core primitive geometry cannot be lowered exactly by the current canonical route.
[FAIL] imagefilterscropped — unsupported.core_primitive.geometry.invalid: Core primitive geometry cannot be lowered exactly by the current canonical route.
[RENDER] composite/imagefilters_effect_order.png (512x512, dispatch=1, refuse=0)
[FAIL] imagefiltersstroked — unsupported.geometry.path_key_nondeterministic: unsupported.geometry.path_key_nondeterministic
[RENDER] composite/imagefilter_matrix_localmatrix.png (512x512, dispatch=1, refuse=0)
[FAIL] imagefilterstransformed — unsupported.core_primitive.stencil_edge_fan_budget: Core primitive geometry cannot be lowered exactly by the current canonical route.
[FAIL] imagefiltersunpremul — unsupported.image.alpha_interpretation: Prepared Surface operation could not be lowered.
[FAIL] imagefilters_xfermodes — unsupported.composite.paint: Prepared Surface composite could not be lowered.
[FAIL] internal_links — unsupported.core_primitive.coverage_sample.scalar_aa_not_promoted: ScalarAA coverage is promoted only by the exact single-sample B3.5b analytic route.
[FAIL] lcdblendmodes — invalid.preflight.text.blend: Prepared Surface operation could not be lowered.
[FAIL] lighting — unsupported.image.native_binding: Prepared Surface operation could not be lowered.
[FAIL] localmatriximagefilter — unsupported.core_primitive.stencil_edge_fan_budget: Core primitive geometry cannot be lowered exactly by the current canonical route.
[FAIL] luminosity_overflow — unsupported.core_primitive.coverage_sample.scalar_aa_not_promoted: ScalarAA coverage is promoted only by the exact single-sample B3.5b analytic route.
[RENDER] composite/matriximagefilter.png (420x100, dispatch=3, refuse=0)
[FAIL] mixerCF — unsupported.material.source_unimplemented: unsupported.material.source_unimplemented
[RENDER] composite/modecolorfilters.png (512x1024, dispatch=2382, refuse=0)
  route:destination-read:DrawRect:2: gpu-copy-then-formula
  route:destination-read:DrawRect:4: gpu-copy-then-formula
  route:destination-read:DrawRect:6: gpu-copy-then-formula
  route:destination-read:DrawRect:8: gpu-copy-then-formula
  route:destination-read:DrawRect:10: gpu-copy-then-formula
  route:destination-read:DrawRect:12: gpu-copy-then-formula
  route:destination-read:DrawRect:14: gpu-copy-then-formula
  route:destination-read:DrawRect:16: gpu-copy-then-formula
  route:destination-read:DrawRect:18: gpu-copy-then-formula
  route:destination-read:DrawRect:20: gpu-copy-then-formula
  route:destination-read:DrawRect:22: gpu-copy-then-formula
  route:destination-read:DrawRect:24: gpu-copy-then-formula
  route:destination-read:DrawRect:26: gpu-copy-then-formula
  route:destination-read:DrawRect:28: gpu-copy-then-formula
  route:destination-read:DrawRect:30: gpu-copy-then-formula
  route:destination-read:DrawRect:32: gpu-copy-then-formula
  route:destination-read:DrawRect:34: gpu-copy-then-formula
  route:destination-read:DrawRect:36: gpu-copy-then-formula
  route:destination-read:DrawRect:38: gpu-copy-then-formula
  route:destination-read:DrawRect:40: gpu-copy-then-formula
  route:destination-read:DrawRect:42: gpu-copy-then-formula
  route:destination-read:DrawRect:44: gpu-copy-then-formula
  route:destination-read:DrawRect:46: gpu-copy-then-formula
  route:destination-read:DrawRect:48: gpu-copy-then-formula
  route:destination-read:DrawRect:50: gpu-copy-then-formula
  route:destination-read:DrawRect:52: gpu-copy-then-formula
  route:destination-read:DrawRect:54: gpu-copy-then-formula
  route:destination-read:DrawRect:56: gpu-copy-then-formula
  route:destination-read:DrawRect:58: gpu-copy-then-formula
  route:destination-read:DrawRect:60: gpu-copy-then-formula
  route:destination-read:DrawRect:62: gpu-copy-then-formula
  route:destination-read:DrawRect:64: gpu-copy-then-formula
  route:destination-read:DrawRect:66: gpu-copy-then-formula
  route:destination-read:DrawRect:68: gpu-copy-then-formula
  route:destination-read:DrawRect:70: gpu-copy-then-formula
  route:destination-read:DrawRect:72: gpu-copy-then-formula
  route:destination-read:DrawRect:74: gpu-copy-then-formula
  route:destination-read:DrawRect:76: gpu-copy-then-formula
  route:destination-read:DrawRect:78: gpu-copy-then-formula
  route:destination-read:DrawRect:80: gpu-copy-then-formula
  route:destination-read:DrawRect:82: gpu-copy-then-formula
  route:destination-read:DrawRect:84: gpu-copy-then-formula
  route:destination-read:DrawRect:86: gpu-copy-then-formula
  route:destination-read:DrawRect:88: gpu-copy-then-formula
  route:destination-read:DrawRect:90: gpu-copy-then-formula
  route:destination-read:DrawRect:92: gpu-copy-then-formula
  route:destination-read:DrawRect:94: gpu-copy-then-formula
  route:destination-read:DrawRect:96: gpu-copy-then-formula
  route:destination-read:DrawRect:98: gpu-copy-then-formula
  route:destination-read:DrawRect:100: gpu-copy-then-formula
  route:destination-read:DrawRect:102: gpu-copy-then-formula
  route:destination-read:DrawRect:104: gpu-copy-then-formula
  route:destination-read:DrawRect:106: gpu-copy-then-formula
  route:destination-read:DrawRect:108: gpu-copy-then-formula
  route:destination-read:DrawRect:110: gpu-copy-then-formula
  route:destination-read:DrawRect:112: gpu-copy-then-formula
  route:destination-read:DrawRect:114: gpu-copy-then-formula
  route:destination-read:DrawRect:116: gpu-copy-then-formula
  route:destination-read:DrawRect:118: gpu-copy-then-formula
  route:destination-read:DrawRect:120: gpu-copy-then-formula
  route:destination-read:DrawRect:122: gpu-copy-then-formula
  route:destination-read:DrawRect:124: gpu-copy-then-formula
  route:destination-read:DrawRect:126: gpu-copy-then-formula
  route:destination-read:DrawRect:128: gpu-copy-then-formula
  route:destination-read:DrawRect:130: gpu-copy-then-formula
  route:destination-read:DrawRect:132: gpu-copy-then-formula
  route:destination-read:DrawRect:134: gpu-copy-then-formula
  route:destination-read:DrawRect:136: gpu-copy-then-formula
  route:destination-read:DrawRect:138: gpu-copy-then-formula
  route:destination-read:DrawRect:140: gpu-copy-then-formula
  route:destination-read:DrawRect:142: gpu-copy-then-formula
  route:destination-read:DrawRect:144: gpu-copy-then-formula
  route:destination-read:DrawRect:146: gpu-copy-then-formula
  route:destination-read:DrawRect:148: gpu-copy-then-formula
  route:destination-read:DrawRect:150: gpu-copy-then-formula
  route:destination-read:DrawRect:152: gpu-copy-then-formula
  route:destination-read:DrawRect:154: gpu-copy-then-formula
  route:destination-read:DrawRect:156: gpu-copy-then-formula
  route:destination-read:DrawRect:158: gpu-copy-then-formula
  route:destination-read:DrawRect:160: gpu-copy-then-formula
  route:destination-read:DrawRect:162: gpu-copy-then-formula
  route:destination-read:DrawRect:164: gpu-copy-then-formula
  route:destination-read:DrawRect:166: gpu-copy-then-formula
  route:destination-read:DrawRect:168: gpu-copy-then-formula
  route:destination-read:DrawRect:170: gpu-copy-then-formula
  route:destination-read:DrawRect:172: gpu-copy-then-formula
  route:destination-read:DrawRect:174: gpu-copy-then-formula
  route:destination-read:DrawRect:176: gpu-copy-then-formula
  route:destination-read:DrawRect:178: gpu-copy-then-formula
  route:destination-read:DrawRect:180: gpu-copy-then-formula
  route:destination-read:DrawRect:182: gpu-copy-then-formula
  route:destination-read:DrawRect:184: gpu-copy-then-formula
  route:destination-read:DrawRect:186: gpu-copy-then-formula
  route:destination-read:DrawRect:188: gpu-copy-then-formula
  route:destination-read:DrawRect:190: gpu-copy-then-formula
  route:destination-read:DrawRect:192: gpu-copy-then-formula
  route:destination-read:DrawRect:194: gpu-copy-then-formula
  route:destination-read:DrawRect:196: gpu-copy-then-formula
  route:destination-read:DrawRect:198: gpu-copy-then-formula
  route:destination-read:DrawRect:200: gpu-copy-then-formula
  route:destination-read:DrawRect:202: gpu-copy-then-formula
  route:destination-read:DrawRect:204: gpu-copy-then-formula
  route:destination-read:DrawRect:206: gpu-copy-then-formula
  route:destination-read:DrawRect:208: gpu-copy-then-formula
  route:destination-read:DrawRect:210: gpu-copy-then-formula
  route:destination-read:DrawRect:212: gpu-copy-then-formula
  route:destination-read:DrawRect:214: gpu-copy-then-formula
  route:destination-read:DrawRect:216: gpu-copy-then-formula
  route:destination-read:DrawRect:218: gpu-copy-then-formula
  route:destination-read:DrawRect:220: gpu-copy-then-formula
  route:destination-read:DrawRect:222: gpu-copy-then-formula
  route:destination-read:DrawRect:224: gpu-copy-then-formula
  route:destination-read:DrawRect:226: gpu-copy-then-formula
  route:destination-read:DrawRect:228: gpu-copy-then-formula
  route:destination-read:DrawRect:230: gpu-copy-then-formula
  route:destination-read:DrawRect:232: gpu-copy-then-formula
  route:destination-read:DrawRect:234: gpu-copy-then-formula
  route:destination-read:DrawRect:236: gpu-copy-then-formula
  route:destination-read:DrawRect:238: gpu-copy-then-formula
  route:destination-read:DrawRect:240: gpu-copy-then-formula
  route:destination-read:DrawRect:242: gpu-copy-then-formula
  route:destination-read:DrawRect:244: gpu-copy-then-formula
  route:destination-read:DrawRect:246: gpu-copy-then-formula
  route:destination-read:DrawRect:248: gpu-copy-then-formula
  route:destination-read:DrawRect:250: gpu-copy-then-formula
  route:destination-read:DrawRect:252: gpu-copy-then-formula
  route:destination-read:DrawRect:254: gpu-copy-then-formula
  route:destination-read:DrawRect:256: gpu-copy-then-formula
  route:destination-read:DrawRect:258: gpu-copy-then-formula
  route:destination-read:DrawRect:260: gpu-copy-then-formula
  route:destination-read:DrawRect:262: gpu-copy-then-formula
  route:destination-read:DrawRect:264: gpu-copy-then-formula
  route:destination-read:DrawRect:266: gpu-copy-then-formula
  route:destination-read:DrawRect:268: gpu-copy-then-formula
  route:destination-read:DrawRect:270: gpu-copy-then-formula
  route:destination-read:DrawRect:272: gpu-copy-then-formula
  route:destination-read:DrawRect:274: gpu-copy-then-formula
  route:destination-read:DrawRect:276: gpu-copy-then-formula
  route:destination-read:DrawRect:278: gpu-copy-then-formula
  route:destination-read:DrawRect:280: gpu-copy-then-formula
  route:destination-read:DrawRect:282: gpu-copy-then-formula
  route:destination-read:DrawRect:284: gpu-copy-then-formula
  route:destination-read:DrawRect:286: gpu-copy-then-formula
  route:destination-read:DrawRect:288: gpu-copy-then-formula
  route:destination-read:DrawRect:290: gpu-copy-then-formula
  route:destination-read:DrawRect:292: gpu-copy-then-formula
  route:destination-read:DrawRect:294: gpu-copy-then-formula
  route:destination-read:DrawRect:296: gpu-copy-then-formula
  route:destination-read:DrawRect:298: gpu-copy-then-formula
  route:destination-read:DrawRect:300: gpu-copy-then-formula
  route:destination-read:DrawRect:302: gpu-copy-then-formula
  route:destination-read:DrawRect:304: gpu-copy-then-formula
  route:destination-read:DrawRect:306: gpu-copy-then-formula
  route:destination-read:DrawRect:308: gpu-copy-then-formula
  route:destination-read:DrawRect:310: gpu-copy-then-formula
  route:destination-read:DrawRect:312: gpu-copy-then-formula
  route:destination-read:DrawRect:314: gpu-copy-then-formula
  route:destination-read:DrawRect:316: gpu-copy-then-formula
  route:destination-read:DrawRect:318: gpu-copy-then-formula
  route:destination-read:DrawRect:320: gpu-copy-then-formula
  route:destination-read:DrawRect:322: gpu-copy-then-formula
  route:destination-read:DrawRect:324: gpu-copy-then-formula
  route:destination-read:DrawRect:326: gpu-copy-then-formula
  route:destination-read:DrawRect:328: gpu-copy-then-formula
  route:destination-read:DrawRect:330: gpu-copy-then-formula
  route:destination-read:DrawRect:332: gpu-copy-then-formula
  route:destination-read:DrawRect:334: gpu-copy-then-formula
  route:destination-read:DrawRect:336: gpu-copy-then-formula
  route:destination-read:DrawRect:338: gpu-copy-then-formula
  route:destination-read:DrawRect:340: gpu-copy-then-formula
  route:destination-read:DrawRect:342: gpu-copy-then-formula
  route:destination-read:DrawRect:344: gpu-copy-then-formula
  route:destination-read:DrawRect:346: gpu-copy-then-formula
  route:destination-read:DrawRect:348: gpu-copy-then-formula
  route:destination-read:DrawRect:350: gpu-copy-then-formula
  route:destination-read:DrawRect:352: gpu-copy-then-formula
  route:destination-read:DrawRect:354: gpu-copy-then-formula
  route:destination-read:DrawRect:356: gpu-copy-then-formula
  route:destination-read:DrawRect:358: gpu-copy-then-formula
  route:destination-read:DrawRect:360: gpu-copy-then-formula
  route:destination-read:DrawRect:362: gpu-copy-then-formula
  route:destination-read:DrawRect:364: gpu-copy-then-formula
  route:destination-read:DrawRect:366: gpu-copy-then-formula
  route:destination-read:DrawRect:368: gpu-copy-then-formula
  route:destination-read:DrawRect:370: gpu-copy-then-formula
  route:destination-read:DrawRect:372: gpu-copy-then-formula
  route:destination-read:DrawRect:374: gpu-copy-then-formula
  route:destination-read:DrawRect:376: gpu-copy-then-formula
  route:destination-read:DrawRect:378: gpu-copy-then-formula
  route:destination-read:DrawRect:380: gpu-copy-then-formula
  route:destination-read:DrawRect:382: gpu-copy-then-formula
  route:destination-read:DrawRect:384: gpu-copy-then-formula
  route:destination-read:DrawRect:386: gpu-copy-then-formula
  route:destination-read:DrawRect:388: gpu-copy-then-formula
  route:destination-read:DrawRect:390: gpu-copy-then-formula
  route:destination-read:DrawRect:392: gpu-copy-then-formula
  route:destination-read:DrawRect:394: gpu-copy-then-formula
  route:destination-read:DrawRect:396: gpu-copy-then-formula
  route:destination-read:DrawRect:398: gpu-copy-then-formula
  route:destination-read:DrawRect:400: gpu-copy-then-formula
  route:destination-read:DrawRect:402: gpu-copy-then-formula
  route:destination-read:DrawRect:404: gpu-copy-then-formula
  route:destination-read:DrawRect:406: gpu-copy-then-formula
  route:destination-read:DrawRect:408: gpu-copy-then-formula
  route:destination-read:DrawRect:410: gpu-copy-then-formula
  route:destination-read:DrawRect:412: gpu-copy-then-formula
  route:destination-read:DrawRect:414: gpu-copy-then-formula
  route:destination-read:DrawRect:416: gpu-copy-then-formula
  route:destination-read:DrawRect:418: gpu-copy-then-formula
  route:destination-read:DrawRect:420: gpu-copy-then-formula
  route:destination-read:DrawRect:422: gpu-copy-then-formula
  route:destination-read:DrawRect:424: gpu-copy-then-formula
  route:destination-read:DrawRect:426: gpu-copy-then-formula
  route:destination-read:DrawRect:428: gpu-copy-then-formula
  route:destination-read:DrawRect:430: gpu-copy-then-formula
  route:destination-read:DrawRect:432: gpu-copy-then-formula
  route:destination-read:DrawRect:434: gpu-copy-then-formula
  route:destination-read:DrawRect:436: gpu-copy-then-formula
  route:destination-read:DrawRect:438: gpu-copy-then-formula
  route:destination-read:DrawRect:440: gpu-copy-then-formula
  route:destination-read:DrawRect:442: gpu-copy-then-formula
  route:destination-read:DrawRect:444: gpu-copy-then-formula
  route:destination-read:DrawRect:446: gpu-copy-then-formula
  route:destination-read:DrawRect:448: gpu-copy-then-formula
  route:destination-read:DrawRect:450: gpu-copy-then-formula
  route:destination-read:DrawRect:452: gpu-copy-then-formula
  route:destination-read:DrawRect:454: gpu-copy-then-formula
  route:destination-read:DrawRect:456: gpu-copy-then-formula
  route:destination-read:DrawRect:458: gpu-copy-then-formula
  route:destination-read:DrawRect:460: gpu-copy-then-formula
  route:destination-read:DrawRect:462: gpu-copy-then-formula
  route:destination-read:DrawRect:464: gpu-copy-then-formula
  route:destination-read:DrawRect:466: gpu-copy-then-formula
  route:destination-read:DrawRect:468: gpu-copy-then-formula
  route:destination-read:DrawRect:470: gpu-copy-then-formula
  route:destination-read:DrawRect:472: gpu-copy-then-formula
  route:destination-read:DrawRect:474: gpu-copy-then-formula
  route:destination-read:DrawRect:476: gpu-copy-then-formula
  route:destination-read:DrawRect:478: gpu-copy-then-formula
  route:destination-read:DrawRect:480: gpu-copy-then-formula
  route:destination-read:DrawRect:482: gpu-copy-then-formula
  route:destination-read:DrawRect:484: gpu-copy-then-formula
  route:destination-read:DrawRect:486: gpu-copy-then-formula
  route:destination-read:DrawRect:488: gpu-copy-then-formula
  route:destination-read:DrawRect:490: gpu-copy-then-formula
  route:destination-read:DrawRect:492: gpu-copy-then-formula
  route:destination-read:DrawRect:494: gpu-copy-then-formula
  route:destination-read:DrawRect:496: gpu-copy-then-formula
  route:destination-read:DrawRect:498: gpu-copy-then-formula
  route:destination-read:DrawRect:500: gpu-copy-then-formula
  route:destination-read:DrawRect:502: gpu-copy-then-formula
  route:destination-read:DrawRect:504: gpu-copy-then-formula
  route:destination-read:DrawRect:506: gpu-copy-then-formula
  route:destination-read:DrawRect:508: gpu-copy-then-formula
  route:destination-read:DrawRect:510: gpu-copy-then-formula
  route:destination-read:DrawRect:512: gpu-copy-then-formula
  route:destination-read:DrawRect:514: gpu-copy-then-formula
  route:destination-read:DrawRect:516: gpu-copy-then-formula
  route:destination-read:DrawRect:518: gpu-copy-then-formula
  route:destination-read:DrawRect:520: gpu-copy-then-formula
  route:destination-read:DrawRect:522: gpu-copy-then-formula
  route:destination-read:DrawRect:524: gpu-copy-then-formula
  route:destination-read:DrawRect:526: gpu-copy-then-formula
  route:destination-read:DrawRect:528: gpu-copy-then-formula
  route:destination-read:DrawRect:530: gpu-copy-then-formula
  route:destination-read:DrawRect:532: gpu-copy-then-formula
  route:destination-read:DrawRect:534: gpu-copy-then-formula
  route:destination-read:DrawRect:536: gpu-copy-then-formula
  route:destination-read:DrawRect:538: gpu-copy-then-formula
  route:destination-read:DrawRect:540: gpu-copy-then-formula
  route:destination-read:DrawRect:542: gpu-copy-then-formula
  route:destination-read:DrawRect:544: gpu-copy-then-formula
  route:destination-read:DrawRect:546: gpu-copy-then-formula
  route:destination-read:DrawRect:548: gpu-copy-then-formula
  route:destination-read:DrawRect:550: gpu-copy-then-formula
  route:destination-read:DrawRect:552: gpu-copy-then-formula
  route:destination-read:DrawRect:554: gpu-copy-then-formula
  route:destination-read:DrawRect:556: gpu-copy-then-formula
  route:destination-read:DrawRect:558: gpu-copy-then-formula
  route:destination-read:DrawRect:560: gpu-copy-then-formula
  route:destination-read:DrawRect:562: gpu-copy-then-formula
  route:destination-read:DrawRect:564: gpu-copy-then-formula
  route:destination-read:DrawRect:566: gpu-copy-then-formula
  route:destination-read:DrawRect:568: gpu-copy-then-formula
  route:destination-read:DrawRect:570: gpu-copy-then-formula
  route:destination-read:DrawRect:572: gpu-copy-then-formula
  route:destination-read:DrawRect:574: gpu-copy-then-formula
  route:destination-read:DrawRect:576: gpu-copy-then-formula
  route:destination-read:DrawRect:578: gpu-copy-then-formula
  route:destination-read:DrawRect:580: gpu-copy-then-formula
  route:destination-read:DrawRect:582: gpu-copy-then-formula
  route:destination-read:DrawRect:584: gpu-copy-then-formula
  route:destination-read:DrawRect:586: gpu-copy-then-formula
  route:destination-read:DrawRect:588: gpu-copy-then-formula
  route:destination-read:DrawRect:590: gpu-copy-then-formula
  route:destination-read:DrawRect:592: gpu-copy-then-formula
  route:destination-read:DrawRect:594: gpu-copy-then-formula
  route:destination-read:DrawRect:596: gpu-copy-then-formula
  route:destination-read:DrawRect:598: gpu-copy-then-formula
  route:destination-read:DrawRect:600: gpu-copy-then-formula
  route:destination-read:DrawRect:602: gpu-copy-then-formula
  route:destination-read:DrawRect:604: gpu-copy-then-formula
  route:destination-read:DrawRect:606: gpu-copy-then-formula
  route:destination-read:DrawRect:608: gpu-copy-then-formula
  route:destination-read:DrawRect:610: gpu-copy-then-formula
  route:destination-read:DrawRect:612: gpu-copy-then-formula
  route:destination-read:DrawRect:614: gpu-copy-then-formula
  route:destination-read:DrawRect:616: gpu-copy-then-formula
  route:destination-read:DrawRect:618: gpu-copy-then-formula
  route:destination-read:DrawRect:620: gpu-copy-then-formula
  route:destination-read:DrawRect:622: gpu-copy-then-formula
  route:destination-read:DrawRect:624: gpu-copy-then-formula
  route:destination-read:DrawRect:626: gpu-copy-then-formula
  route:destination-read:DrawRect:628: gpu-copy-then-formula
  route:destination-read:DrawRect:630: gpu-copy-then-formula
  route:destination-read:DrawRect:632: gpu-copy-then-formula
  route:destination-read:DrawRect:634: gpu-copy-then-formula
  route:destination-read:DrawRect:636: gpu-copy-then-formula
  route:destination-read:DrawRect:638: gpu-copy-then-formula
  route:destination-read:DrawRect:640: gpu-copy-then-formula
  route:destination-read:DrawRect:642: gpu-copy-then-formula
  route:destination-read:DrawRect:644: gpu-copy-then-formula
  route:destination-read:DrawRect:646: gpu-copy-then-formula
  route:destination-read:DrawRect:648: gpu-copy-then-formula
  route:destination-read:DrawRect:650: gpu-copy-then-formula
  route:destination-read:DrawRect:652: gpu-copy-then-formula
  route:destination-read:DrawRect:654: gpu-copy-then-formula
  route:destination-read:DrawRect:656: gpu-copy-then-formula
  route:destination-read:DrawRect:658: gpu-copy-then-formula
  route:destination-read:DrawRect:660: gpu-copy-then-formula
  route:destination-read:DrawRect:662: gpu-copy-then-formula
  route:destination-read:DrawRect:664: gpu-copy-then-formula
  route:destination-read:DrawRect:666: gpu-copy-then-formula
  route:destination-read:DrawRect:668: gpu-copy-then-formula
  route:destination-read:DrawRect:670: gpu-copy-then-formula
  route:destination-read:DrawRect:672: gpu-copy-then-formula
  route:destination-read:DrawRect:674: gpu-copy-then-formula
  route:destination-read:DrawRect:676: gpu-copy-then-formula
  route:destination-read:DrawRect:678: gpu-copy-then-formula
  route:destination-read:DrawRect:680: gpu-copy-then-formula
  route:destination-read:DrawRect:682: gpu-copy-then-formula
  route:destination-read:DrawRect:684: gpu-copy-then-formula
  route:destination-read:DrawRect:686: gpu-copy-then-formula
  route:destination-read:DrawRect:688: gpu-copy-then-formula
  route:destination-read:DrawRect:690: gpu-copy-then-formula
  route:destination-read:DrawRect:692: gpu-copy-then-formula
  route:destination-read:DrawRect:694: gpu-copy-then-formula
  route:destination-read:DrawRect:696: gpu-copy-then-formula
  route:destination-read:DrawRect:698: gpu-copy-then-formula
  route:destination-read:DrawRect:700: gpu-copy-then-formula
  route:destination-read:DrawRect:702: gpu-copy-then-formula
  route:destination-read:DrawRect:704: gpu-copy-then-formula
  route:destination-read:DrawRect:706: gpu-copy-then-formula
  route:destination-read:DrawRect:708: gpu-copy-then-formula
  route:destination-read:DrawRect:710: gpu-copy-then-formula
  route:destination-read:DrawRect:712: gpu-copy-then-formula
  route:destination-read:DrawRect:714: gpu-copy-then-formula
  route:destination-read:DrawRect:716: gpu-copy-then-formula
  route:destination-read:DrawRect:718: gpu-copy-then-formula
  route:destination-read:DrawRect:720: gpu-copy-then-formula
  route:destination-read:DrawRect:722: gpu-copy-then-formula
  route:destination-read:DrawRect:724: gpu-copy-then-formula
  route:destination-read:DrawRect:726: gpu-copy-then-formula
  route:destination-read:DrawRect:728: gpu-copy-then-formula
  route:destination-read:DrawRect:730: gpu-copy-then-formula
  route:destination-read:DrawRect:732: gpu-copy-then-formula
  route:destination-read:DrawRect:734: gpu-copy-then-formula
  route:destination-read:DrawRect:736: gpu-copy-then-formula
  route:destination-read:DrawRect:738: gpu-copy-then-formula
  route:destination-read:DrawRect:740: gpu-copy-then-formula
  route:destination-read:DrawRect:742: gpu-copy-then-formula
  route:destination-read:DrawRect:744: gpu-copy-then-formula
  route:destination-read:DrawRect:746: gpu-copy-then-formula
  route:destination-read:DrawRect:748: gpu-copy-then-formula
  route:destination-read:DrawRect:750: gpu-copy-then-formula
  route:destination-read:DrawRect:752: gpu-copy-then-formula
  route:destination-read:DrawRect:754: gpu-copy-then-formula
  route:destination-read:DrawRect:756: gpu-copy-then-formula
  route:destination-read:DrawRect:758: gpu-copy-then-formula
  route:destination-read:DrawRect:760: gpu-copy-then-formula
  route:destination-read:DrawRect:762: gpu-copy-then-formula
  route:destination-read:DrawRect:764: gpu-copy-then-formula
  route:destination-read:DrawRect:766: gpu-copy-then-formula
  route:destination-read:DrawRect:768: gpu-copy-then-formula
  route:destination-read:DrawRect:770: gpu-copy-then-formula
  route:destination-read:DrawRect:772: gpu-copy-then-formula
  route:destination-read:DrawRect:774: gpu-copy-then-formula
  route:destination-read:DrawRect:776: gpu-copy-then-formula
  route:destination-read:DrawRect:778: gpu-copy-then-formula
  route:destination-read:DrawRect:780: gpu-copy-then-formula
  route:destination-read:DrawRect:782: gpu-copy-then-formula
  route:destination-read:DrawRect:784: gpu-copy-then-formula
  route:destination-read:DrawRect:786: gpu-copy-then-formula
  route:destination-read:DrawRect:788: gpu-copy-then-formula
  route:destination-read:DrawRect:790: gpu-copy-then-formula
  route:destination-read:DrawRect:792: gpu-copy-then-formula
  route:destination-read:DrawRect:794: gpu-copy-then-formula
  route:destination-read:DrawRect:796: gpu-copy-then-formula
  route:destination-read:DrawRect:798: gpu-copy-then-formula
  route:destination-read:DrawRect:800: gpu-copy-then-formula
  route:destination-read:DrawRect:802: gpu-copy-then-formula
  route:destination-read:DrawRect:804: gpu-copy-then-formula
  route:destination-read:DrawRect:806: gpu-copy-then-formula
  route:destination-read:DrawRect:808: gpu-copy-then-formula
  route:destination-read:DrawRect:810: gpu-copy-then-formula
  route:destination-read:DrawRect:812: gpu-copy-then-formula
  route:destination-read:DrawRect:814: gpu-copy-then-formula
  route:destination-read:DrawRect:816: gpu-copy-then-formula
  route:destination-read:DrawRect:818: gpu-copy-then-formula
  route:destination-read:DrawRect:820: gpu-copy-then-formula
  route:destination-read:DrawRect:822: gpu-copy-then-formula
  route:destination-read:DrawRect:824: gpu-copy-then-formula
  route:destination-read:DrawRect:826: gpu-copy-then-formula
  route:destination-read:DrawRect:828: gpu-copy-then-formula
  route:destination-read:DrawRect:830: gpu-copy-then-formula
  route:destination-read:DrawRect:832: gpu-copy-then-formula
  route:destination-read:DrawRect:834: gpu-copy-then-formula
  route:destination-read:DrawRect:836: gpu-copy-then-formula
  route:destination-read:DrawRect:838: gpu-copy-then-formula
  route:destination-read:DrawRect:840: gpu-copy-then-formula
  route:destination-read:DrawRect:842: gpu-copy-then-formula
  route:destination-read:DrawRect:844: gpu-copy-then-formula
  route:destination-read:DrawRect:846: gpu-copy-then-formula
  route:destination-read:DrawRect:848: gpu-copy-then-formula
  route:destination-read:DrawRect:850: gpu-copy-then-formula
  route:destination-read:DrawRect:852: gpu-copy-then-formula
  route:destination-read:DrawRect:854: gpu-copy-then-formula
  route:destination-read:DrawRect:856: gpu-copy-then-formula
  route:destination-read:DrawRect:858: gpu-copy-then-formula
  route:destination-read:DrawRect:860: gpu-copy-then-formula
  route:destination-read:DrawRect:862: gpu-copy-then-formula
  route:destination-read:DrawRect:864: gpu-copy-then-formula
  route:destination-read:DrawRect:866: gpu-copy-then-formula
  route:destination-read:DrawRect:868: gpu-copy-then-formula
  route:destination-read:DrawRect:870: gpu-copy-then-formula
  route:destination-read:DrawRect:872: gpu-copy-then-formula
  route:destination-read:DrawRect:874: gpu-copy-then-formula
  route:destination-read:DrawRect:876: gpu-copy-then-formula
  route:destination-read:DrawRect:878: gpu-copy-then-formula
  route:destination-read:DrawRect:880: gpu-copy-then-formula
  route:destination-read:DrawRect:882: gpu-copy-then-formula
  route:destination-read:DrawRect:884: gpu-copy-then-formula
  route:destination-read:DrawRect:886: gpu-copy-then-formula
  route:destination-read:DrawRect:888: gpu-copy-then-formula
  route:destination-read:DrawRect:890: gpu-copy-then-formula
  route:destination-read:DrawRect:892: gpu-copy-then-formula
  route:destination-read:DrawRect:894: gpu-copy-then-formula
  route:destination-read:DrawRect:896: gpu-copy-then-formula
  route:destination-read:DrawRect:898: gpu-copy-then-formula
  route:destination-read:DrawRect:900: gpu-copy-then-formula
  route:destination-read:DrawRect:902: gpu-copy-then-formula
  route:destination-read:DrawRect:904: gpu-copy-then-formula
  route:destination-read:DrawRect:906: gpu-copy-then-formula
  route:destination-read:DrawRect:908: gpu-copy-then-formula
  route:destination-read:DrawRect:910: gpu-copy-then-formula
  route:destination-read:DrawRect:912: gpu-copy-then-formula
  route:destination-read:DrawRect:914: gpu-copy-then-formula
  route:destination-read:DrawRect:916: gpu-copy-then-formula
  route:destination-read:DrawRect:918: gpu-copy-then-formula
  route:destination-read:DrawRect:920: gpu-copy-then-formula
  route:destination-read:DrawRect:922: gpu-copy-then-formula
  route:destination-read:DrawRect:924: gpu-copy-then-formula
  route:destination-read:DrawRect:926: gpu-copy-then-formula
  route:destination-read:DrawRect:928: gpu-copy-then-formula
  route:destination-read:DrawRect:930: gpu-copy-then-formula
  route:destination-read:DrawRect:932: gpu-copy-then-formula
  route:destination-read:DrawRect:934: gpu-copy-then-formula
  route:destination-read:DrawRect:936: gpu-copy-then-formula
  route:destination-read:DrawRect:938: gpu-copy-then-formula
  route:destination-read:DrawRect:940: gpu-copy-then-formula
  route:destination-read:DrawRect:942: gpu-copy-then-formula
  route:destination-read:DrawRect:944: gpu-copy-then-formula
  route:destination-read:DrawRect:946: gpu-copy-then-formula
  route:destination-read:DrawRect:948: gpu-copy-then-formula
  route:destination-read:DrawRect:950: gpu-copy-then-formula
  route:destination-read:DrawRect:952: gpu-copy-then-formula
  route:destination-read:DrawRect:954: gpu-copy-then-formula
  route:destination-read:DrawRect:956: gpu-copy-then-formula
  route:destination-read:DrawRect:958: gpu-copy-then-formula
  route:destination-read:DrawRect:960: gpu-copy-then-formula
  route:destination-read:DrawRect:962: gpu-copy-then-formula
  route:destination-read:DrawRect:964: gpu-copy-then-formula
  route:destination-read:DrawRect:966: gpu-copy-then-formula
  route:destination-read:DrawRect:968: gpu-copy-then-formula
  route:destination-read:DrawRect:970: gpu-copy-then-formula
  route:destination-read:DrawRect:972: gpu-copy-then-formula
  route:destination-read:DrawRect:974: gpu-copy-then-formula
  route:destination-read:DrawRect:976: gpu-copy-then-formula
  route:destination-read:DrawRect:978: gpu-copy-then-formula
  route:destination-read:DrawRect:980: gpu-copy-then-formula
  route:destination-read:DrawRect:982: gpu-copy-then-formula
  route:destination-read:DrawRect:984: gpu-copy-then-formula
  route:destination-read:DrawRect:986: gpu-copy-then-formula
  route:destination-read:DrawRect:988: gpu-copy-then-formula
  route:destination-read:DrawRect:990: gpu-copy-then-formula
  route:destination-read:DrawRect:992: gpu-copy-then-formula
  route:destination-read:DrawRect:994: gpu-copy-then-formula
  route:destination-read:DrawRect:996: gpu-copy-then-formula
  route:destination-read:DrawRect:998: gpu-copy-then-formula
  route:destination-read:DrawRect:1000: gpu-copy-then-formula
  route:destination-read:DrawRect:1002: gpu-copy-then-formula
  route:destination-read:DrawRect:1004: gpu-copy-then-formula
  route:destination-read:DrawRect:1006: gpu-copy-then-formula
  route:destination-read:DrawRect:1008: gpu-copy-then-formula
  route:destination-read:DrawRect:1010: gpu-copy-then-formula
  route:destination-read:DrawRect:1012: gpu-copy-then-formula
  route:destination-read:DrawRect:1014: gpu-copy-then-formula
  route:destination-read:DrawRect:1016: gpu-copy-then-formula
  route:destination-read:DrawRect:1018: gpu-copy-then-formula
  route:destination-read:DrawRect:1020: gpu-copy-then-formula
  route:destination-read:DrawRect:1022: gpu-copy-then-formula
  route:destination-read:DrawRect:1024: gpu-copy-then-formula
  route:destination-read:DrawRect:1026: gpu-copy-then-formula
  route:destination-read:DrawRect:1028: gpu-copy-then-formula
  route:destination-read:DrawRect:1030: gpu-copy-then-formula
  route:destination-read:DrawRect:1032: gpu-copy-then-formula
  route:destination-read:DrawRect:1034: gpu-copy-then-formula
  route:destination-read:DrawRect:1036: gpu-copy-then-formula
  route:destination-read:DrawRect:1038: gpu-copy-then-formula
  route:destination-read:DrawRect:1040: gpu-copy-then-formula
  route:destination-read:DrawRect:1042: gpu-copy-then-formula
  route:destination-read:DrawRect:1044: gpu-copy-then-formula
  route:destination-read:DrawRect:1046: gpu-copy-then-formula
  route:destination-read:DrawRect:1048: gpu-copy-then-formula
  route:destination-read:DrawRect:1050: gpu-copy-then-formula
  route:destination-read:DrawRect:1052: gpu-copy-then-formula
  route:destination-read:DrawRect:1054: gpu-copy-then-formula
  route:destination-read:DrawRect:1056: gpu-copy-then-formula
  route:destination-read:DrawRect:1058: gpu-copy-then-formula
  route:destination-read:DrawRect:1060: gpu-copy-then-formula
  route:destination-read:DrawRect:1062: gpu-copy-then-formula
  route:destination-read:DrawRect:1064: gpu-copy-then-formula
  route:destination-read:DrawRect:1066: gpu-copy-then-formula
  route:destination-read:DrawRect:1068: gpu-copy-then-formula
  route:destination-read:DrawRect:1070: gpu-copy-then-formula
  route:destination-read:DrawRect:1072: gpu-copy-then-formula
  route:destination-read:DrawRect:1074: gpu-copy-then-formula
  route:destination-read:DrawRect:1076: gpu-copy-then-formula
  route:destination-read:DrawRect:1078: gpu-copy-then-formula
  route:destination-read:DrawRect:1080: gpu-copy-then-formula
  route:destination-read:DrawRect:1082: gpu-copy-then-formula
  route:destination-read:DrawRect:1084: gpu-copy-then-formula
  route:destination-read:DrawRect:1086: gpu-copy-then-formula
  route:destination-read:DrawRect:1088: gpu-copy-then-formula
  route:destination-read:DrawRect:1090: gpu-copy-then-formula
  route:destination-read:DrawRect:1092: gpu-copy-then-formula
  route:destination-read:DrawRect:1094: gpu-copy-then-formula
  route:destination-read:DrawRect:1096: gpu-copy-then-formula
  route:destination-read:DrawRect:1098: gpu-copy-then-formula
  route:destination-read:DrawRect:1100: gpu-copy-then-formula
  route:destination-read:DrawRect:1102: gpu-copy-then-formula
  route:destination-read:DrawRect:1104: gpu-copy-then-formula
  route:destination-read:DrawRect:1106: gpu-copy-then-formula
  route:destination-read:DrawRect:1108: gpu-copy-then-formula
  route:destination-read:DrawRect:1110: gpu-copy-then-formula
  route:destination-read:DrawRect:1112: gpu-copy-then-formula
  route:destination-read:DrawRect:1114: gpu-copy-then-formula
  route:destination-read:DrawRect:1116: gpu-copy-then-formula
  route:destination-read:DrawRect:1118: gpu-copy-then-formula
  route:destination-read:DrawRect:1120: gpu-copy-then-formula
  route:destination-read:DrawRect:1122: gpu-copy-then-formula
  route:destination-read:DrawRect:1124: gpu-copy-then-formula
  route:destination-read:DrawRect:1126: gpu-copy-then-formula
  route:destination-read:DrawRect:1128: gpu-copy-then-formula
  route:destination-read:DrawRect:1130: gpu-copy-then-formula
  route:destination-read:DrawRect:1132: gpu-copy-then-formula
  route:destination-read:DrawRect:1134: gpu-copy-then-formula
  route:destination-read:DrawRect:1136: gpu-copy-then-formula
  route:destination-read:DrawRect:1138: gpu-copy-then-formula
  route:destination-read:DrawRect:1140: gpu-copy-then-formula
  route:destination-read:DrawRect:1142: gpu-copy-then-formula
  route:destination-read:DrawRect:1144: gpu-copy-then-formula
  route:destination-read:DrawRect:1146: gpu-copy-then-formula
  route:destination-read:DrawRect:1148: gpu-copy-then-formula
  route:destination-read:DrawRect:1150: gpu-copy-then-formula
  route:destination-read:DrawRect:1152: gpu-copy-then-formula
  route:destination-read:DrawRect:1154: gpu-copy-then-formula
  route:destination-read:DrawRect:1156: gpu-copy-then-formula
  route:destination-read:DrawRect:1158: gpu-copy-then-formula
  route:destination-read:DrawRect:1160: gpu-copy-then-formula
  route:destination-read:DrawRect:1162: gpu-copy-then-formula
  route:destination-read:DrawRect:1164: gpu-copy-then-formula
  route:destination-read:DrawRect:1166: gpu-copy-then-formula
  route:destination-read:DrawRect:1168: gpu-copy-then-formula
  route:destination-read:DrawRect:1170: gpu-copy-then-formula
  route:destination-read:DrawRect:1172: gpu-copy-then-formula
  route:destination-read:DrawRect:1174: gpu-copy-then-formula
  route:destination-read:DrawRect:1176: gpu-copy-then-formula
  route:destination-read:DrawRect:1178: gpu-copy-then-formula
  route:destination-read:DrawRect:1180: gpu-copy-then-formula
  route:destination-read:DrawRect:1182: gpu-copy-then-formula
  route:destination-read:DrawRect:1184: gpu-copy-then-formula
  route:destination-read:DrawRect:1186: gpu-copy-then-formula
  route:destination-read:DrawRect:1188: gpu-copy-then-formula
  route:destination-read:DrawRect:1190: gpu-copy-then-formula
  route:destination-read:DrawRect:1192: gpu-copy-then-formula
  route:destination-read:DrawRect:1194: gpu-copy-then-formula
  route:destination-read:DrawRect:1196: gpu-copy-then-formula
  route:destination-read:DrawRect:1198: gpu-copy-then-formula
  route:destination-read:DrawRect:1200: gpu-copy-then-formula
  route:destination-read:DrawRect:1202: gpu-copy-then-formula
  route:destination-read:DrawRect:1204: gpu-copy-then-formula
  route:destination-read:DrawRect:1206: gpu-copy-then-formula
  route:destination-read:DrawRect:1208: gpu-copy-then-formula
  route:destination-read:DrawRect:1210: gpu-copy-then-formula
  route:destination-read:DrawRect:1212: gpu-copy-then-formula
  route:destination-read:DrawRect:1214: gpu-copy-then-formula
  route:destination-read:DrawRect:1216: gpu-copy-then-formula
  route:destination-read:DrawRect:1218: gpu-copy-then-formula
  route:destination-read:DrawRect:1220: gpu-copy-then-formula
  route:destination-read:DrawRect:1222: gpu-copy-then-formula
  route:destination-read:DrawRect:1224: gpu-copy-then-formula
  route:destination-read:DrawRect:1226: gpu-copy-then-formula
  route:destination-read:DrawRect:1228: gpu-copy-then-formula
  route:destination-read:DrawRect:1230: gpu-copy-then-formula
  route:destination-read:DrawRect:1232: gpu-copy-then-formula
  route:destination-read:DrawRect:1234: gpu-copy-then-formula
  route:destination-read:DrawRect:1236: gpu-copy-then-formula
  route:destination-read:DrawRect:1238: gpu-copy-then-formula
  route:destination-read:DrawRect:1240: gpu-copy-then-formula
  route:destination-read:DrawRect:1242: gpu-copy-then-formula
  route:destination-read:DrawRect:1244: gpu-copy-then-formula
  route:destination-read:DrawRect:1246: gpu-copy-then-formula
  route:destination-read:DrawRect:1248: gpu-copy-then-formula
  route:destination-read:DrawRect:1250: gpu-copy-then-formula
  route:destination-read:DrawRect:1252: gpu-copy-then-formula
  route:destination-read:DrawRect:1254: gpu-copy-then-formula
  route:destination-read:DrawRect:1256: gpu-copy-then-formula
  route:destination-read:DrawRect:1258: gpu-copy-then-formula
  route:destination-read:DrawRect:1260: gpu-copy-then-formula
  route:destination-read:DrawRect:1262: gpu-copy-then-formula
  route:destination-read:DrawRect:1264: gpu-copy-then-formula
  route:destination-read:DrawRect:1266: gpu-copy-then-formula
  route:destination-read:DrawRect:1268: gpu-copy-then-formula
  route:destination-read:DrawRect:1270: gpu-copy-then-formula
  route:destination-read:DrawRect:1272: gpu-copy-then-formula
  route:destination-read:DrawRect:1274: gpu-copy-then-formula
  route:destination-read:DrawRect:1276: gpu-copy-then-formula
  route:destination-read:DrawRect:1278: gpu-copy-then-formula
  route:destination-read:DrawRect:1280: gpu-copy-then-formula
  route:destination-read:DrawRect:1282: gpu-copy-then-formula
  route:destination-read:DrawRect:1284: gpu-copy-then-formula
  route:destination-read:DrawRect:1286: gpu-copy-then-formula
  route:destination-read:DrawRect:1288: gpu-copy-then-formula
  route:destination-read:DrawRect:1290: gpu-copy-then-formula
  route:destination-read:DrawRect:1292: gpu-copy-then-formula
  route:destination-read:DrawRect:1294: gpu-copy-then-formula
  route:destination-read:DrawRect:1296: gpu-copy-then-formula
  route:destination-read:DrawRect:1298: gpu-copy-then-formula
  route:destination-read:DrawRect:1300: gpu-copy-then-formula
  route:destination-read:DrawRect:1302: gpu-copy-then-formula
  route:destination-read:DrawRect:1304: gpu-copy-then-formula
  route:destination-read:DrawRect:1306: gpu-copy-then-formula
  route:destination-read:DrawRect:1308: gpu-copy-then-formula
  route:destination-read:DrawRect:1310: gpu-copy-then-formula
  route:destination-read:DrawRect:1312: gpu-copy-then-formula
  route:destination-read:DrawRect:1314: gpu-copy-then-formula
  route:destination-read:DrawRect:1316: gpu-copy-then-formula
  route:destination-read:DrawRect:1318: gpu-copy-then-formula
  route:destination-read:DrawRect:1320: gpu-copy-then-formula
  route:destination-read:DrawRect:1322: gpu-copy-then-formula
  route:destination-read:DrawRect:1324: gpu-copy-then-formula
  route:destination-read:DrawRect:1326: gpu-copy-then-formula
  route:destination-read:DrawRect:1328: gpu-copy-then-formula
  route:destination-read:DrawRect:1330: gpu-copy-then-formula
  route:destination-read:DrawRect:1332: gpu-copy-then-formula
  route:destination-read:DrawRect:1334: gpu-copy-then-formula
  route:destination-read:DrawRect:1336: gpu-copy-then-formula
  route:destination-read:DrawRect:1338: gpu-copy-then-formula
  route:destination-read:DrawRect:1340: gpu-copy-then-formula
  route:destination-read:DrawRect:1342: gpu-copy-then-formula
  route:destination-read:DrawRect:1344: gpu-copy-then-formula
  route:destination-read:DrawRect:1346: gpu-copy-then-formula
  route:destination-read:DrawRect:1348: gpu-copy-then-formula
  route:destination-read:DrawRect:1350: gpu-copy-then-formula
  route:destination-read:DrawRect:1352: gpu-copy-then-formula
  route:destination-read:DrawRect:1354: gpu-copy-then-formula
  route:destination-read:DrawRect:1356: gpu-copy-then-formula
  route:destination-read:DrawRect:1358: gpu-copy-then-formula
  route:destination-read:DrawRect:1360: gpu-copy-then-formula
  route:destination-read:DrawRect:1362: gpu-copy-then-formula
  route:destination-read:DrawRect:1364: gpu-copy-then-formula
  route:destination-read:DrawRect:1366: gpu-copy-then-formula
  route:destination-read:DrawRect:1368: gpu-copy-then-formula
  route:destination-read:DrawRect:1370: gpu-copy-then-formula
  route:destination-read:DrawRect:1372: gpu-copy-then-formula
  route:destination-read:DrawRect:1374: gpu-copy-then-formula
  route:destination-read:DrawRect:1376: gpu-copy-then-formula
  route:destination-read:DrawRect:1378: gpu-copy-then-formula
  route:destination-read:DrawRect:1380: gpu-copy-then-formula
  route:destination-read:DrawRect:1382: gpu-copy-then-formula
  route:destination-read:DrawRect:1384: gpu-copy-then-formula
  route:destination-read:DrawRect:1386: gpu-copy-then-formula
  route:destination-read:DrawRect:1388: gpu-copy-then-formula
  route:destination-read:DrawRect:1390: gpu-copy-then-formula
  route:destination-read:DrawRect:1392: gpu-copy-then-formula
  route:destination-read:DrawRect:1394: gpu-copy-then-formula
  route:destination-read:DrawRect:1396: gpu-copy-then-formula
  route:destination-read:DrawRect:1398: gpu-copy-then-formula
  route:destination-read:DrawRect:1400: gpu-copy-then-formula
  route:destination-read:DrawRect:1402: gpu-copy-then-formula
  route:destination-read:DrawRect:1404: gpu-copy-then-formula
  route:destination-read:DrawRect:1406: gpu-copy-then-formula
  route:destination-read:DrawRect:1408: gpu-copy-then-formula
  route:destination-read:DrawRect:1410: gpu-copy-then-formula
  route:destination-read:DrawRect:1412: gpu-copy-then-formula
  route:destination-read:DrawRect:1414: gpu-copy-then-formula
  route:destination-read:DrawRect:1416: gpu-copy-then-formula
  route:destination-read:DrawRect:1418: gpu-copy-then-formula
  route:destination-read:DrawRect:1420: gpu-copy-then-formula
  route:destination-read:DrawRect:1422: gpu-copy-then-formula
  route:destination-read:DrawRect:1424: gpu-copy-then-formula
  route:destination-read:DrawRect:1426: gpu-copy-then-formula
  route:destination-read:DrawRect:1428: gpu-copy-then-formula
  route:destination-read:DrawRect:1430: gpu-copy-then-formula
  route:destination-read:DrawRect:1432: gpu-copy-then-formula
  route:destination-read:DrawRect:1434: gpu-copy-then-formula
  route:destination-read:DrawRect:1436: gpu-copy-then-formula
  route:destination-read:DrawRect:1438: gpu-copy-then-formula
  route:destination-read:DrawRect:1440: gpu-copy-then-formula
  route:destination-read:DrawRect:1442: gpu-copy-then-formula
  route:destination-read:DrawRect:1444: gpu-copy-then-formula
  route:destination-read:DrawRect:1446: gpu-copy-then-formula
  route:destination-read:DrawRect:1448: gpu-copy-then-formula
  route:destination-read:DrawRect:1450: gpu-copy-then-formula
  route:destination-read:DrawRect:1452: gpu-copy-then-formula
  route:destination-read:DrawRect:1454: gpu-copy-then-formula
  route:destination-read:DrawRect:1456: gpu-copy-then-formula
  route:destination-read:DrawRect:1458: gpu-copy-then-formula
  route:destination-read:DrawRect:1460: gpu-copy-then-formula
  route:destination-read:DrawRect:1462: gpu-copy-then-formula
  route:destination-read:DrawRect:1464: gpu-copy-then-formula
  route:destination-read:DrawRect:1466: gpu-copy-then-formula
  route:destination-read:DrawRect:1468: gpu-copy-then-formula
  route:destination-read:DrawRect:1470: gpu-copy-then-formula
  route:destination-read:DrawRect:1472: gpu-copy-then-formula
  route:destination-read:DrawRect:1474: gpu-copy-then-formula
  route:destination-read:DrawRect:1476: gpu-copy-then-formula
  route:destination-read:DrawRect:1478: gpu-copy-then-formula
  route:destination-read:DrawRect:1480: gpu-copy-then-formula
  route:destination-read:DrawRect:1482: gpu-copy-then-formula
  route:destination-read:DrawRect:1484: gpu-copy-then-formula
  route:destination-read:DrawRect:1486: gpu-copy-then-formula
  route:destination-read:DrawRect:1488: gpu-copy-then-formula
  route:destination-read:DrawRect:1490: gpu-copy-then-formula
  route:destination-read:DrawRect:1492: gpu-copy-then-formula
  route:destination-read:DrawRect:1494: gpu-copy-then-formula
  route:destination-read:DrawRect:1496: gpu-copy-then-formula
  route:destination-read:DrawRect:1498: gpu-copy-then-formula
  route:destination-read:DrawRect:1500: gpu-copy-then-formula
  route:destination-read:DrawRect:1502: gpu-copy-then-formula
  route:destination-read:DrawRect:1504: gpu-copy-then-formula
  route:destination-read:DrawRect:1506: gpu-copy-then-formula
  route:destination-read:DrawRect:1508: gpu-copy-then-formula
  route:destination-read:DrawRect:1510: gpu-copy-then-formula
  route:destination-read:DrawRect:1512: gpu-copy-then-formula
  route:destination-read:DrawRect:1514: gpu-copy-then-formula
  route:destination-read:DrawRect:1516: gpu-copy-then-formula
  route:destination-read:DrawRect:1518: gpu-copy-then-formula
  route:destination-read:DrawRect:1520: gpu-copy-then-formula
  route:destination-read:DrawRect:1522: gpu-copy-then-formula
  route:destination-read:DrawRect:1524: gpu-copy-then-formula
  route:destination-read:DrawRect:1526: gpu-copy-then-formula
  route:destination-read:DrawRect:1528: gpu-copy-then-formula
  route:destination-read:DrawRect:1530: gpu-copy-then-formula
  route:destination-read:DrawRect:1532: gpu-copy-then-formula
  route:destination-read:DrawRect:1534: gpu-copy-then-formula
  route:destination-read:DrawRect:1536: gpu-copy-then-formula
  route:destination-read:DrawRect:1538: gpu-copy-then-formula
  route:destination-read:DrawRect:1540: gpu-copy-then-formula
  route:destination-read:DrawRect:1542: gpu-copy-then-formula
  route:destination-read:DrawRect:1544: gpu-copy-then-formula
  route:destination-read:DrawRect:1546: gpu-copy-then-formula
  route:destination-read:DrawRect:1548: gpu-copy-then-formula
  route:destination-read:DrawRect:1550: gpu-copy-then-formula
  route:destination-read:DrawRect:1552: gpu-copy-then-formula
  route:destination-read:DrawRect:1554: gpu-copy-then-formula
  route:destination-read:DrawRect:1556: gpu-copy-then-formula
  route:destination-read:DrawRect:1558: gpu-copy-then-formula
  route:destination-read:DrawRect:1560: gpu-copy-then-formula
  route:destination-read:DrawRect:1562: gpu-copy-then-formula
  route:destination-read:DrawRect:1564: gpu-copy-then-formula
  route:destination-read:DrawRect:1566: gpu-copy-then-formula
  route:destination-read:DrawRect:1568: gpu-copy-then-formula
  route:destination-read:DrawRect:1570: gpu-copy-then-formula
  route:destination-read:DrawRect:1572: gpu-copy-then-formula
  route:destination-read:DrawRect:1574: gpu-copy-then-formula
  route:destination-read:DrawRect:1576: gpu-copy-then-formula
  route:destination-read:DrawRect:1578: gpu-copy-then-formula
  route:destination-read:DrawRect:1580: gpu-copy-then-formula
  route:destination-read:DrawRect:1582: gpu-copy-then-formula
  route:destination-read:DrawRect:1584: gpu-copy-then-formula
  route:destination-read:DrawRect:1586: gpu-copy-then-formula
  route:destination-read:DrawRect:1588: gpu-copy-then-formula
  route:destination-read:DrawRect:1590: gpu-copy-then-formula
  route:destination-read:DrawRect:1592: gpu-copy-then-formula
  route:destination-read:DrawRect:1594: gpu-copy-then-formula
  route:destination-read:DrawRect:1596: gpu-copy-then-formula
  route:destination-read:DrawRect:1598: gpu-copy-then-formula
  route:destination-read:DrawRect:1600: gpu-copy-then-formula
  route:destination-read:DrawRect:1602: gpu-copy-then-formula
  route:destination-read:DrawRect:1604: gpu-copy-then-formula
  route:destination-read:DrawRect:1606: gpu-copy-then-formula
  route:destination-read:DrawRect:1608: gpu-copy-then-formula
  route:destination-read:DrawRect:1610: gpu-copy-then-formula
  route:destination-read:DrawRect:1612: gpu-copy-then-formula
  route:destination-read:DrawRect:1614: gpu-copy-then-formula
  route:destination-read:DrawRect:1616: gpu-copy-then-formula
  route:destination-read:DrawRect:1618: gpu-copy-then-formula
  route:destination-read:DrawRect:1620: gpu-copy-then-formula
  route:destination-read:DrawRect:1622: gpu-copy-then-formula
  route:destination-read:DrawRect:1624: gpu-copy-then-formula
  route:destination-read:DrawRect:1626: gpu-copy-then-formula
  route:destination-read:DrawRect:1628: gpu-copy-then-formula
  route:destination-read:DrawRect:1630: gpu-copy-then-formula
  route:destination-read:DrawRect:1632: gpu-copy-then-formula
  route:destination-read:DrawRect:1634: gpu-copy-then-formula
  route:destination-read:DrawRect:1636: gpu-copy-then-formula
  route:destination-read:DrawRect:1638: gpu-copy-then-formula
  route:destination-read:DrawRect:1640: gpu-copy-then-formula
  route:destination-read:DrawRect:1642: gpu-copy-then-formula
  route:destination-read:DrawRect:1644: gpu-copy-then-formula
  route:destination-read:DrawRect:1646: gpu-copy-then-formula
  route:destination-read:DrawRect:1648: gpu-copy-then-formula
  route:destination-read:DrawRect:1650: gpu-copy-then-formula
  route:destination-read:DrawRect:1652: gpu-copy-then-formula
  route:destination-read:DrawRect:1654: gpu-copy-then-formula
  route:destination-read:DrawRect:1656: gpu-copy-then-formula
  route:destination-read:DrawRect:1658: gpu-copy-then-formula
  route:destination-read:DrawRect:1660: gpu-copy-then-formula
  route:destination-read:DrawRect:1662: gpu-copy-then-formula
  route:destination-read:DrawRect:1664: gpu-copy-then-formula
  route:destination-read:DrawRect:1666: gpu-copy-then-formula
  route:destination-read:DrawRect:1668: gpu-copy-then-formula
  route:destination-read:DrawRect:1670: gpu-copy-then-formula
  route:destination-read:DrawRect:1672: gpu-copy-then-formula
  route:destination-read:DrawRect:1674: gpu-copy-then-formula
  route:destination-read:DrawRect:1676: gpu-copy-then-formula
  route:destination-read:DrawRect:1678: gpu-copy-then-formula
  route:destination-read:DrawRect:1680: gpu-copy-then-formula
  route:destination-read:DrawRect:1682: gpu-copy-then-formula
  route:destination-read:DrawRect:1684: gpu-copy-then-formula
  route:destination-read:DrawRect:1686: gpu-copy-then-formula
  route:destination-read:DrawRect:1688: gpu-copy-then-formula
  route:destination-read:DrawRect:1690: gpu-copy-then-formula
  route:destination-read:DrawRect:1692: gpu-copy-then-formula
  route:destination-read:DrawRect:1694: gpu-copy-then-formula
  route:destination-read:DrawRect:1696: gpu-copy-then-formula
  route:destination-read:DrawRect:1698: gpu-copy-then-formula
  route:destination-read:DrawRect:1700: gpu-copy-then-formula
  route:destination-read:DrawRect:1702: gpu-copy-then-formula
  route:destination-read:DrawRect:1704: gpu-copy-then-formula
  route:destination-read:DrawRect:1706: gpu-copy-then-formula
  route:destination-read:DrawRect:1708: gpu-copy-then-formula
  route:destination-read:DrawRect:1710: gpu-copy-then-formula
  route:destination-read:DrawRect:1712: gpu-copy-then-formula
  route:destination-read:DrawRect:1714: gpu-copy-then-formula
  route:destination-read:DrawRect:1716: gpu-copy-then-formula
  route:destination-read:DrawRect:1718: gpu-copy-then-formula
  route:destination-read:DrawRect:1720: gpu-copy-then-formula
  route:destination-read:DrawRect:1722: gpu-copy-then-formula
  route:destination-read:DrawRect:1724: gpu-copy-then-formula
  route:destination-read:DrawRect:1726: gpu-copy-then-formula
  route:destination-read:DrawRect:1728: gpu-copy-then-formula
  route:destination-read:DrawRect:1730: gpu-copy-then-formula
  route:destination-read:DrawRect:1732: gpu-copy-then-formula
  route:destination-read:DrawRect:1734: gpu-copy-then-formula
  route:destination-read:DrawRect:1736: gpu-copy-then-formula
  route:destination-read:DrawRect:1738: gpu-copy-then-formula
  route:destination-read:DrawRect:1740: gpu-copy-then-formula
  route:destination-read:DrawRect:1742: gpu-copy-then-formula
  route:destination-read:DrawRect:1744: gpu-copy-then-formula
  route:destination-read:DrawRect:1746: gpu-copy-then-formula
  route:destination-read:DrawRect:1748: gpu-copy-then-formula
  route:destination-read:DrawRect:1750: gpu-copy-then-formula
  route:destination-read:DrawRect:1752: gpu-copy-then-formula
  route:destination-read:DrawRect:1754: gpu-copy-then-formula
  route:destination-read:DrawRect:1756: gpu-copy-then-formula
  route:destination-read:DrawRect:1758: gpu-copy-then-formula
  route:destination-read:DrawRect:1760: gpu-copy-then-formula
  route:destination-read:DrawRect:1762: gpu-copy-then-formula
  route:destination-read:DrawRect:1764: gpu-copy-then-formula
  route:destination-read:DrawRect:1766: gpu-copy-then-formula
  route:destination-read:DrawRect:1768: gpu-copy-then-formula
  route:destination-read:DrawRect:1770: gpu-copy-then-formula
  route:destination-read:DrawRect:1772: gpu-copy-then-formula
  route:destination-read:DrawRect:1774: gpu-copy-then-formula
  route:destination-read:DrawRect:1776: gpu-copy-then-formula
  route:destination-read:DrawRect:1778: gpu-copy-then-formula
  route:destination-read:DrawRect:1780: gpu-copy-then-formula
  route:destination-read:DrawRect:1782: gpu-copy-then-formula
  route:destination-read:DrawRect:1784: gpu-copy-then-formula
  route:destination-read:DrawRect:1786: gpu-copy-then-formula
  route:destination-read:DrawRect:1788: gpu-copy-then-formula
  route:destination-read:DrawRect:1790: gpu-copy-then-formula
  route:destination-read:DrawRect:1792: gpu-copy-then-formula
  route:destination-read:DrawRect:1794: gpu-copy-then-formula
  route:destination-read:DrawRect:1796: gpu-copy-then-formula
  route:destination-read:DrawRect:1798: gpu-copy-then-formula
  route:destination-read:DrawRect:1800: gpu-copy-then-formula
  route:destination-read:DrawRect:1802: gpu-copy-then-formula
  route:destination-read:DrawRect:1804: gpu-copy-then-formula
  route:destination-read:DrawRect:1806: gpu-copy-then-formula
  route:destination-read:DrawRect:1808: gpu-copy-then-formula
  route:destination-read:DrawRect:1810: gpu-copy-then-formula
  route:destination-read:DrawRect:1812: gpu-copy-then-formula
  route:destination-read:DrawRect:1814: gpu-copy-then-formula
  route:destination-read:DrawRect:1816: gpu-copy-then-formula
  route:destination-read:DrawRect:1818: gpu-copy-then-formula
  route:destination-read:DrawRect:1820: gpu-copy-then-formula
  route:destination-read:DrawRect:1822: gpu-copy-then-formula
  route:destination-read:DrawRect:1824: gpu-copy-then-formula
  route:destination-read:DrawRect:1826: gpu-copy-then-formula
  route:destination-read:DrawRect:1828: gpu-copy-then-formula
  route:destination-read:DrawRect:1830: gpu-copy-then-formula
  route:destination-read:DrawRect:1832: gpu-copy-then-formula
  route:destination-read:DrawRect:1834: gpu-copy-then-formula
  route:destination-read:DrawRect:1836: gpu-copy-then-formula
  route:destination-read:DrawRect:1838: gpu-copy-then-formula
  route:destination-read:DrawRect:1840: gpu-copy-then-formula
  route:destination-read:DrawRect:1842: gpu-copy-then-formula
  route:destination-read:DrawRect:1844: gpu-copy-then-formula
  route:destination-read:DrawRect:1846: gpu-copy-then-formula
  route:destination-read:DrawRect:1848: gpu-copy-then-formula
  route:destination-read:DrawRect:1850: gpu-copy-then-formula
  route:destination-read:DrawRect:1852: gpu-copy-then-formula
  route:destination-read:DrawRect:1854: gpu-copy-then-formula
  route:destination-read:DrawRect:1856: gpu-copy-then-formula
  route:destination-read:DrawRect:1858: gpu-copy-then-formula
  route:destination-read:DrawRect:1860: gpu-copy-then-formula
  route:destination-read:DrawRect:1862: gpu-copy-then-formula
  route:destination-read:DrawRect:1864: gpu-copy-then-formula
  route:destination-read:DrawRect:1866: gpu-copy-then-formula
  route:destination-read:DrawRect:1868: gpu-copy-then-formula
  route:destination-read:DrawRect:1870: gpu-copy-then-formula
  route:destination-read:DrawRect:1872: gpu-copy-then-formula
  route:destination-read:DrawRect:1874: gpu-copy-then-formula
  route:destination-read:DrawRect:1876: gpu-copy-then-formula
  route:destination-read:DrawRect:1878: gpu-copy-then-formula
  route:destination-read:DrawRect:1880: gpu-copy-then-formula
  route:destination-read:DrawRect:1882: gpu-copy-then-formula
  route:destination-read:DrawRect:1884: gpu-copy-then-formula
  route:destination-read:DrawRect:1886: gpu-copy-then-formula
  route:destination-read:DrawRect:1888: gpu-copy-then-formula
  route:destination-read:DrawRect:1890: gpu-copy-then-formula
  route:destination-read:DrawRect:1892: gpu-copy-then-formula
  route:destination-read:DrawRect:1894: gpu-copy-then-formula
  route:destination-read:DrawRect:1896: gpu-copy-then-formula
  route:destination-read:DrawRect:1898: gpu-copy-then-formula
  route:destination-read:DrawRect:1900: gpu-copy-then-formula
  route:destination-read:DrawRect:1902: gpu-copy-then-formula
  route:destination-read:DrawRect:1904: gpu-copy-then-formula
  route:destination-read:DrawRect:1906: gpu-copy-then-formula
  route:destination-read:DrawRect:1908: gpu-copy-then-formula
  route:destination-read:DrawRect:1910: gpu-copy-then-formula
  route:destination-read:DrawRect:1912: gpu-copy-then-formula
  route:destination-read:DrawRect:1914: gpu-copy-then-formula
  route:destination-read:DrawRect:1916: gpu-copy-then-formula
  route:destination-read:DrawRect:1918: gpu-copy-then-formula
  route:destination-read:DrawRect:1920: gpu-copy-then-formula
  route:destination-read:DrawRect:1922: gpu-copy-then-formula
  route:destination-read:DrawRect:1924: gpu-copy-then-formula
  route:destination-read:DrawRect:1926: gpu-copy-then-formula
  route:destination-read:DrawRect:1928: gpu-copy-then-formula
  route:destination-read:DrawRect:1930: gpu-copy-then-formula
  route:destination-read:DrawRect:1932: gpu-copy-then-formula
  route:destination-read:DrawRect:1934: gpu-copy-then-formula
  route:destination-read:DrawRect:1936: gpu-copy-then-formula
  route:destination-read:DrawRect:1938: gpu-copy-then-formula
  route:destination-read:DrawRect:1940: gpu-copy-then-formula
  route:destination-read:DrawRect:1942: gpu-copy-then-formula
  route:destination-read:DrawRect:1944: gpu-copy-then-formula
  route:destination-read:DrawRect:1946: gpu-copy-then-formula
  route:destination-read:DrawRect:1948: gpu-copy-then-formula
  route:destination-read:DrawRect:1950: gpu-copy-then-formula
  route:destination-read:DrawRect:1952: gpu-copy-then-formula
  route:destination-read:DrawRect:1954: gpu-copy-then-formula
  route:destination-read:DrawRect:1956: gpu-copy-then-formula
  route:destination-read:DrawRect:1958: gpu-copy-then-formula
  route:destination-read:DrawRect:1960: gpu-copy-then-formula
  route:destination-read:DrawRect:1962: gpu-copy-then-formula
  route:destination-read:DrawRect:1964: gpu-copy-then-formula
  route:destination-read:DrawRect:1966: gpu-copy-then-formula
  route:destination-read:DrawRect:1968: gpu-copy-then-formula
  route:destination-read:DrawRect:1970: gpu-copy-then-formula
  route:destination-read:DrawRect:1972: gpu-copy-then-formula
  route:destination-read:DrawRect:1974: gpu-copy-then-formula
  route:destination-read:DrawRect:1976: gpu-copy-then-formula
  route:destination-read:DrawRect:1978: gpu-copy-then-formula
  route:destination-read:DrawRect:1980: gpu-copy-then-formula
  route:destination-read:DrawRect:1982: gpu-copy-then-formula
  route:destination-read:DrawRect:1984: gpu-copy-then-formula
  route:destination-read:DrawRect:1986: gpu-copy-then-formula
  route:destination-read:DrawRect:1988: gpu-copy-then-formula
  route:destination-read:DrawRect:1990: gpu-copy-then-formula
  route:destination-read:DrawRect:1992: gpu-copy-then-formula
  route:destination-read:DrawRect:1994: gpu-copy-then-formula
  route:destination-read:DrawRect:1996: gpu-copy-then-formula
  route:destination-read:DrawRect:1998: gpu-copy-then-formula
  route:destination-read:DrawRect:2000: gpu-copy-then-formula
  route:destination-read:DrawRect:2002: gpu-copy-then-formula
  route:destination-read:DrawRect:2004: gpu-copy-then-formula
  route:destination-read:DrawRect:2006: gpu-copy-then-formula
  route:destination-read:DrawRect:2008: gpu-copy-then-formula
  route:destination-read:DrawRect:2010: gpu-copy-then-formula
  route:destination-read:DrawRect:2012: gpu-copy-then-formula
  route:destination-read:DrawRect:2014: gpu-copy-then-formula
  route:destination-read:DrawRect:2016: gpu-copy-then-formula
  route:destination-read:DrawRect:2018: gpu-copy-then-formula
  route:destination-read:DrawRect:2020: gpu-copy-then-formula
  route:destination-read:DrawRect:2022: gpu-copy-then-formula
  route:destination-read:DrawRect:2024: gpu-copy-then-formula
  route:destination-read:DrawRect:2026: gpu-copy-then-formula
  route:destination-read:DrawRect:2028: gpu-copy-then-formula
  route:destination-read:DrawRect:2030: gpu-copy-then-formula
  route:destination-read:DrawRect:2032: gpu-copy-then-formula
  route:destination-read:DrawRect:2034: gpu-copy-then-formula
  route:destination-read:DrawRect:2036: gpu-copy-then-formula
  route:destination-read:DrawRect:2038: gpu-copy-then-formula
  route:destination-read:DrawRect:2040: gpu-copy-then-formula
  route:destination-read:DrawRect:2042: gpu-copy-then-formula
  route:destination-read:DrawRect:2044: gpu-copy-then-formula
  route:destination-read:DrawRect:2046: gpu-copy-then-formula
  route:destination-read:DrawRect:2048: gpu-copy-then-formula
  route:destination-read:DrawRect:2050: gpu-copy-then-formula
  route:destination-read:DrawRect:2052: gpu-copy-then-formula
  route:destination-read:DrawRect:2054: gpu-copy-then-formula
  route:destination-read:DrawRect:2056: gpu-copy-then-formula
  route:destination-read:DrawRect:2058: gpu-copy-then-formula
  route:destination-read:DrawRect:2060: gpu-copy-then-formula
  route:destination-read:DrawRect:2062: gpu-copy-then-formula
  route:destination-read:DrawRect:2064: gpu-copy-then-formula
  route:destination-read:DrawRect:2066: gpu-copy-then-formula
  route:destination-read:DrawRect:2068: gpu-copy-then-formula
  route:destination-read:DrawRect:2070: gpu-copy-then-formula
  route:destination-read:DrawRect:2072: gpu-copy-then-formula
  route:destination-read:DrawRect:2074: gpu-copy-then-formula
  route:destination-read:DrawRect:2076: gpu-copy-then-formula
  route:destination-read:DrawRect:2078: gpu-copy-then-formula
  route:destination-read:DrawRect:2080: gpu-copy-then-formula
  route:destination-read:DrawRect:2082: gpu-copy-then-formula
  route:destination-read:DrawRect:2084: gpu-copy-then-formula
  route:destination-read:DrawRect:2086: gpu-copy-then-formula
  route:destination-read:DrawRect:2088: gpu-copy-then-formula
  route:destination-read:DrawRect:2090: gpu-copy-then-formula
  route:destination-read:DrawRect:2092: gpu-copy-then-formula
  route:destination-read:DrawRect:2094: gpu-copy-then-formula
  route:destination-read:DrawRect:2096: gpu-copy-then-formula
  route:destination-read:DrawRect:2098: gpu-copy-then-formula
  route:destination-read:DrawRect:2100: gpu-copy-then-formula
  route:destination-read:DrawRect:2102: gpu-copy-then-formula
  route:destination-read:DrawRect:2104: gpu-copy-then-formula
  route:destination-read:DrawRect:2106: gpu-copy-then-formula
  route:destination-read:DrawRect:2108: gpu-copy-then-formula
  route:destination-read:DrawRect:2110: gpu-copy-then-formula
  route:destination-read:DrawRect:2112: gpu-copy-then-formula
  route:destination-read:DrawRect:2114: gpu-copy-then-formula
  route:destination-read:DrawRect:2116: gpu-copy-then-formula
  route:destination-read:DrawRect:2118: gpu-copy-then-formula
  route:destination-read:DrawRect:2120: gpu-copy-then-formula
  route:destination-read:DrawRect:2122: gpu-copy-then-formula
  route:destination-read:DrawRect:2124: gpu-copy-then-formula
  route:destination-read:DrawRect:2126: gpu-copy-then-formula
  route:destination-read:DrawRect:2128: gpu-copy-then-formula
  route:destination-read:DrawRect:2130: gpu-copy-then-formula
  route:destination-read:DrawRect:2132: gpu-copy-then-formula
  route:destination-read:DrawRect:2134: gpu-copy-then-formula
  route:destination-read:DrawRect:2136: gpu-copy-then-formula
  route:destination-read:DrawRect:2138: gpu-copy-then-formula
  route:destination-read:DrawRect:2140: gpu-copy-then-formula
  route:destination-read:DrawRect:2142: gpu-copy-then-formula
  route:destination-read:DrawRect:2144: gpu-copy-then-formula
  route:destination-read:DrawRect:2146: gpu-copy-then-formula
  route:destination-read:DrawRect:2148: gpu-copy-then-formula
  route:destination-read:DrawRect:2150: gpu-copy-then-formula
  route:destination-read:DrawRect:2152: gpu-copy-then-formula
  route:destination-read:DrawRect:2154: gpu-copy-then-formula
  route:destination-read:DrawRect:2156: gpu-copy-then-formula
  route:destination-read:DrawRect:2158: gpu-copy-then-formula
  route:destination-read:DrawRect:2160: gpu-copy-then-formula
  route:destination-read:DrawRect:2162: gpu-copy-then-formula
  route:destination-read:DrawRect:2164: gpu-copy-then-formula
  route:destination-read:DrawRect:2166: gpu-copy-then-formula
  route:destination-read:DrawRect:2168: gpu-copy-then-formula
  route:destination-read:DrawRect:2170: gpu-copy-then-formula
  route:destination-read:DrawRect:2172: gpu-copy-then-formula
  route:destination-read:DrawRect:2174: gpu-copy-then-formula
  route:destination-read:DrawRect:2176: gpu-copy-then-formula
  route:destination-read:DrawRect:2178: gpu-copy-then-formula
  route:destination-read:DrawRect:2180: gpu-copy-then-formula
  route:destination-read:DrawRect:2182: gpu-copy-then-formula
  route:destination-read:DrawRect:2184: gpu-copy-then-formula
  route:destination-read:DrawRect:2186: gpu-copy-then-formula
  route:destination-read:DrawRect:2188: gpu-copy-then-formula
  route:destination-read:DrawRect:2190: gpu-copy-then-formula
  route:destination-read:DrawRect:2192: gpu-copy-then-formula
  route:destination-read:DrawRect:2194: gpu-copy-then-formula
  route:destination-read:DrawRect:2196: gpu-copy-then-formula
  route:destination-read:DrawRect:2198: gpu-copy-then-formula
  route:destination-read:DrawRect:2200: gpu-copy-then-formula
  route:destination-read:DrawRect:2202: gpu-copy-then-formula
  route:destination-read:DrawRect:2204: gpu-copy-then-formula
  route:destination-read:DrawRect:2206: gpu-copy-then-formula
  route:destination-read:DrawRect:2208: gpu-copy-then-formula
  route:destination-read:DrawRect:2210: gpu-copy-then-formula
  route:destination-read:DrawRect:2212: gpu-copy-then-formula
  route:destination-read:DrawRect:2214: gpu-copy-then-formula
  route:destination-read:DrawRect:2216: gpu-copy-then-formula
  route:destination-read:DrawRect:2218: gpu-copy-then-formula
  route:destination-read:DrawRect:2220: gpu-copy-then-formula
  route:destination-read:DrawRect:2222: gpu-copy-then-formula
  route:destination-read:DrawRect:2224: gpu-copy-then-formula
  route:destination-read:DrawRect:2226: gpu-copy-then-formula
  route:destination-read:DrawRect:2228: gpu-copy-then-formula
  route:destination-read:DrawRect:2230: gpu-copy-then-formula
  route:destination-read:DrawRect:2232: gpu-copy-then-formula
  route:destination-read:DrawRect:2234: gpu-copy-then-formula
  route:destination-read:DrawRect:2236: gpu-copy-then-formula
  route:destination-read:DrawRect:2238: gpu-copy-then-formula
  route:destination-read:DrawRect:2240: gpu-copy-then-formula
  route:destination-read:DrawRect:2242: gpu-copy-then-formula
  route:destination-read:DrawRect:2244: gpu-copy-then-formula
  route:destination-read:DrawRect:2246: gpu-copy-then-formula
  route:destination-read:DrawRect:2248: gpu-copy-then-formula
  route:destination-read:DrawRect:2250: gpu-copy-then-formula
  route:destination-read:DrawRect:2252: gpu-copy-then-formula
  route:destination-read:DrawRect:2254: gpu-copy-then-formula
  route:destination-read:DrawRect:2256: gpu-copy-then-formula
  route:destination-read:DrawRect:2258: gpu-copy-then-formula
  route:destination-read:DrawRect:2260: gpu-copy-then-formula
  route:destination-read:DrawRect:2262: gpu-copy-then-formula
  route:destination-read:DrawRect:2264: gpu-copy-then-formula
  route:destination-read:DrawRect:2266: gpu-copy-then-formula
  route:destination-read:DrawRect:2268: gpu-copy-then-formula
  route:destination-read:DrawRect:2270: gpu-copy-then-formula
  route:destination-read:DrawRect:2272: gpu-copy-then-formula
  route:destination-read:DrawRect:2274: gpu-copy-then-formula
  route:destination-read:DrawRect:2276: gpu-copy-then-formula
  route:destination-read:DrawRect:2278: gpu-copy-then-formula
  route:destination-read:DrawRect:2280: gpu-copy-then-formula
  route:destination-read:DrawRect:2282: gpu-copy-then-formula
  route:destination-read:DrawRect:2284: gpu-copy-then-formula
  route:destination-read:DrawRect:2286: gpu-copy-then-formula
  route:destination-read:DrawRect:2288: gpu-copy-then-formula
  route:destination-read:DrawRect:2290: gpu-copy-then-formula
  route:destination-read:DrawRect:2292: gpu-copy-then-formula
  route:destination-read:DrawRect:2294: gpu-copy-then-formula
  route:destination-read:DrawRect:2296: gpu-copy-then-formula
  route:destination-read:DrawRect:2298: gpu-copy-then-formula
  route:destination-read:DrawRect:2300: gpu-copy-then-formula
  route:destination-read:DrawRect:2302: gpu-copy-then-formula
  route:destination-read:DrawRect:2304: gpu-copy-then-formula
  route:destination-read:DrawRect:2306: gpu-copy-then-formula
  route:destination-read:DrawRect:2308: gpu-copy-then-formula
  route:destination-read:DrawRect:2310: gpu-copy-then-formula
  route:destination-read:DrawRect:2312: gpu-copy-then-formula
  route:destination-read:DrawRect:2314: gpu-copy-then-formula
  route:destination-read:DrawRect:2316: gpu-copy-then-formula
  route:destination-read:DrawRect:2318: gpu-copy-then-formula
  route:destination-read:DrawRect:2320: gpu-copy-then-formula
  route:destination-read:DrawRect:2322: gpu-copy-then-formula
  route:destination-read:DrawRect:2324: gpu-copy-then-formula
  route:destination-read:DrawRect:2326: gpu-copy-then-formula
  route:destination-read:DrawRect:2328: gpu-copy-then-formula
  route:destination-read:DrawRect:2330: gpu-copy-then-formula
  route:destination-read:DrawRect:2332: gpu-copy-then-formula
  route:destination-read:DrawRect:2334: gpu-copy-then-formula
  route:destination-read:DrawRect:2336: gpu-copy-then-formula
  route:destination-read:DrawRect:2338: gpu-copy-then-formula
  route:destination-read:DrawRect:2340: gpu-copy-then-formula
  route:destination-read:DrawRect:2342: gpu-copy-then-formula
  route:destination-read:DrawRect:2344: gpu-copy-then-formula
  route:destination-read:DrawRect:2346: gpu-copy-then-formula
  route:destination-read:DrawRect:2348: gpu-copy-then-formula
  route:destination-read:DrawRect:2350: gpu-copy-then-formula
  route:destination-read:DrawRect:2352: gpu-copy-then-formula
  route:destination-read:DrawRect:2354: gpu-copy-then-formula
  route:destination-read:DrawRect:2356: gpu-copy-then-formula
  route:destination-read:DrawRect:2358: gpu-copy-then-formula
  route:destination-read:DrawRect:2360: gpu-copy-then-formula
  route:destination-read:DrawRect:2362: gpu-copy-then-formula
  route:destination-read:DrawRect:2364: gpu-copy-then-formula
  route:destination-read:DrawRect:2366: gpu-copy-then-formula
  route:destination-read:DrawRect:2368: gpu-copy-then-formula
  route:destination-read:DrawRect:2370: gpu-copy-then-formula
  route:destination-read:DrawRect:2372: gpu-copy-then-formula
  route:destination-read:DrawRect:2374: gpu-copy-then-formula
  route:destination-read:DrawRect:2376: gpu-copy-then-formula
  route:destination-read:DrawRect:2378: gpu-copy-then-formula
  route:destination-read:DrawRect:2380: gpu-copy-then-formula
[FAIL] offsetimagefilter — unsupported.image.native_binding: Prepared Surface operation could not be lowered.
[FAIL] overdraw_canvas — unsupported.image.native_binding: Prepared Surface operation could not be lowered.
[FAIL] overdrawcolorfilter — unsupported.image.native_binding: Prepared Surface operation could not be lowered.
[FAIL] patch_alpha — failed.prepared-surface.materialization: Mixed prepared-surface materialization failed: IllegalArgumentException: List has more than one element..
[FAIL] patch_alpha_test — unsupported.core_primitive.stencil_edge_fan_budget: Core primitive geometry cannot be lowered exactly by the current canonical route.
[FAIL] patch_image — unsupported.prepared-vertices.sampled-material: Prepared-vertices material sha256:37e57c289d3862ef3788e7bf1a87609e752ce2d7e2ad3532ca5c627999b83aae samples frame resources that require the sampled-material materializer.
[FAIL] patch_image_persp — unsupported.vertices.material: Prepared Surface operation could not be lowered.
[FAIL] patch_primitive — failed.prepared-surface.materialization: Mixed prepared-surface materialization failed: IllegalArgumentException: List has more than one element..
[FAIL] perlinnoise — unsupported.core_primitive.coverage_sample.scalar_aa_not_promoted: ScalarAA coverage is promoted only by the exact single-sample B3.5b analytic route.
[FAIL] perlinnoise_layered — unsupported.composite.paint: Prepared Surface composite could not be lowered.
[RENDER] composite/perlinnoise_localmatrix.png (640x480, dispatch=7, refuse=0)
[FAIL] perlinnoise_rotated — unsupported.geometry.path_key_nondeterministic: unsupported.geometry.path_key_nondeterministic
[FAIL] PlusMergesAA — unsupported.layer.bounds_unbounded: Prepared Surface composite could not be lowered.
[FAIL] rasterallocator — unsupported.core_primitive.coverage_sample.scalar_aa_not_promoted: ScalarAA coverage is promoted only by the exact single-sample B3.5b analytic route.
[FAIL] recordopts — unsupported.composite.operation: Prepared Surface composite could not be lowered.
[FAIL] rotate_imagefilter — invalid.core_primitive.coverage_sample.stencil_1x_requires_single_sample: Stencil1x requires a single-sample frame and cannot be relabeled as multisample coverage.
[FAIL] runtimecolorfilter_vertices_atlas_and_patch — invalid.surface.prepared.empty-frame-accounting: A prepared no-op frame requires every text operation to have exact elided or culled authority.
[FAIL] gpusamplerstress — unsupported.material.mapping.image_tile_mode: Prepared Surface operation could not be lowered.
[RENDER] composite/save_behind.png (830x670, dispatch=1, refuse=0)
[FAIL] savelayer_f16 — unsupported.composite.paint: Prepared Surface composite could not be lowered.
[RENDER] composite/savelayer_initfromprev.png (256x256, dispatch=1, refuse=0)
[FAIL] shadermaskfilter_gradient — unsupported.core_primitive.stencil_edge_fan_budget: Core primitive geometry cannot be lowered exactly by the current canonical route.
[FAIL] shadow_utils_gray — unsupported.core_primitive.stencil_edge_fan_budget: Core primitive geometry cannot be lowered exactly by the current canonical route.
[FAIL] shadow_utils_occl — unsupported.core_primitive.stencil_edge_fan_budget: Core primitive geometry cannot be lowered exactly by the current canonical route.
[FAIL] simple-offsetimagefilter — unsupported.geometry.path_key_nondeterministic: unsupported.geometry.path_key_nondeterministic
[FAIL] sk3d_simple — unsupported.surface.prepared.mixed-composite-topology: Prepared Surface composite frames cannot cover the picture topology.
[RENDER] composite/skbug_14554.png (310x630, dispatch=1, refuse=0)
[FAIL] srcmode — invalid.preflight.text.blend: Prepared Surface operation could not be lowered.
[FAIL] srgb_colorfilter — unsupported.image.alpha_interpretation: Prepared Surface operation could not be lowered.
[FAIL] tablecolorfilter — unsupported.material.linear_gradient_capability_missing: unsupported.material.linear_gradient_capability_missing
[FAIL] extractalpha — unsupported.image.alpha_interpretation: Prepared Surface operation could not be lowered.
[FAIL] tileimagefilter — unsupported.composite.paint: Prepared Surface composite could not be lowered.
[FAIL] transparency_check — unsupported.material.linear_gradient_capability_missing: unsupported.material.linear_gradient_capability_missing
[FAIL] xfermodeimagefilter — unsupported.composite.operation: Prepared Surface composite could not be lowered.
[FAIL] xfermodes2 — unsupported.geometry.path_key_nondeterministic: unsupported.geometry.path_key_nondeterministic
[FAIL] xfermodes3 — unsupported.material.source_unimplemented: unsupported.material.source_unimplemented
[FAIL] xfermodes — unsupported.geometry.path_key_nondeterministic: unsupported.geometry.path_key_nondeterministic
[FAIL] alphagradients — unsupported.material.linear_gradient_capability_missing: unsupported.material.linear_gradient_capability_missing
[FAIL] analytic_gradients — unsupported.material.linear_gradient_capability_missing: unsupported.material.linear_gradient_capability_missing
[FAIL] bug6643 — unsupported.material.sweep_gradient_capability_missing: unsupported.material.sweep_gradient_capability_missing
[FAIL] clamped_gradients — unsupported.material.source_unimplemented: unsupported.material.source_unimplemented
[FAIL] gradients_2pt_conical_inside_nodither — unsupported.material.source_unimplemented: unsupported.material.source_unimplemented
[FAIL] gradients_2pt_conical_outside — unsupported.material.source_unimplemented: unsupported.material.source_unimplemented
[FAIL] crbug_938592 — unsupported.material.linear_gradient_capability_missing: unsupported.material.linear_gradient_capability_missing
[FAIL] degenerate_gradients — unsupported.material.gradient_tile_mode_unsupported: unsupported.material.gradient_tile_mode_unsupported
[FAIL] emptyshader — unsupported.geometry.path_key_nondeterministic: unsupported.geometry.path_key_nondeterministic
[FAIL] fillrect_gradient — unsupported.material.linear_gradient_capability_missing: unsupported.material.linear_gradient_capability_missing
[FAIL] gradient_dirty_laundry — unsupported.material.linear_gradient_capability_missing: unsupported.material.linear_gradient_capability_missing
[FAIL] gradients_many — unsupported.material.linear_gradient_capability_missing: unsupported.material.linear_gradient_capability_missing
[FAIL] gradient_many_hard_stops — unsupported.material.linear_gradient_capability_missing: unsupported.material.linear_gradient_capability_missing
[FAIL] gradient_many_stops — unsupported.material.linear_gradient_capability_missing: unsupported.material.linear_gradient_capability_missing
[FAIL] gradient_matrix — unsupported.material.linear_gradient_capability_missing: unsupported.material.linear_gradient_capability_missing
[FAIL] gradients_alpha_many_stops — unsupported.material.linear_gradient_capability_missing: unsupported.material.linear_gradient_capability_missing
[FAIL] gradients_color_space — unsupported.material.linear_gradient_capability_missing: unsupported.material.linear_gradient_capability_missing
[FAIL] gradients_color_space_many_stops — unsupported.material.linear_gradient_capability_missing: unsupported.material.linear_gradient_capability_missing
[FAIL] gradients_color_space_tilemode — unsupported.material.linear_gradient_capability_missing: unsupported.material.linear_gradient_capability_missing
[FAIL] gradients_degenerate_2pt — unsupported.material.source_unimplemented: unsupported.material.source_unimplemented
[FAIL] gradients_dup_color_stops — unsupported.material.linear_gradient_capability_missing: unsupported.material.linear_gradient_capability_missing
[FAIL] gradients — unsupported.material.linear_gradient_capability_missing: unsupported.material.linear_gradient_capability_missing
[FAIL] gradients_hue_method — unsupported.material.linear_gradient_capability_missing: unsupported.material.linear_gradient_capability_missing
[FAIL] gradients_interesting — unsupported.material.linear_gradient_capability_missing: unsupported.material.linear_gradient_capability_missing
[FAIL] gradients_local_perspective — unsupported.material.linear_gradient_capability_missing: unsupported.material.linear_gradient_capability_missing
[FAIL] gradients_no_texture — unsupported.material.linear_gradient_capability_missing: unsupported.material.linear_gradient_capability_missing
[FAIL] gradients_powerless_hue — invalid.prepared-surface.run-plan: The sealed mixed run plan is internally inconsistent.
[FAIL] gradients_view_perspective — unsupported.material.linear_gradient_capability_missing: unsupported.material.linear_gradient_capability_missing
[FAIL] hardstop_gradients — unsupported.material.linear_gradient_capability_missing: unsupported.material.linear_gradient_capability_missing
[FAIL] hardstop_gradients_many — unsupported.material.linear_gradient_capability_missing: unsupported.material.linear_gradient_capability_missing
[FAIL] linear_gradient — unsupported.material.linear_gradient_capability_missing: unsupported.material.linear_gradient_capability_missing
[FAIL] linear_gradient_rt — unsupported.material.linear_gradient_capability_missing: unsupported.material.linear_gradient_capability_missing
[FAIL] linear_gradient_tiny — unsupported.material.linear_gradient_capability_missing: unsupported.material.linear_gradient_capability_missing
[FAIL] persp_shaders_bw — unsupported.image.alpha_interpretation: Prepared Surface operation could not be lowered.
[FAIL] persp_shaders_aa — unsupported.image.alpha_interpretation: Prepared Surface operation could not be lowered.
[FAIL] radial_gradient2 — unsupported.material.source_unimplemented: unsupported.material.source_unimplemented
[FAIL] radial_gradient3 — unsupported.material.radial_gradient_capability_missing: unsupported.material.radial_gradient_capability_missing
[FAIL] radial_gradient3_nodither — unsupported.material.radial_gradient_capability_missing: unsupported.material.radial_gradient_capability_missing
[FAIL] radial_gradient4 — unsupported.material.radial_gradient_capability_missing: unsupported.material.radial_gradient_capability_missing
[FAIL] radial_gradient4_nodither — unsupported.material.radial_gradient_capability_missing: unsupported.material.radial_gradient_capability_missing
[FAIL] radial_gradient — unsupported.material.radial_gradient_capability_missing: unsupported.material.radial_gradient_capability_missing
[FAIL] radial_gradient_precision — unsupported.material.gradient_tile_mode_unsupported: unsupported.material.gradient_tile_mode_unsupported
[FAIL] scaled_tilemode_gradient — unsupported.material.linear_gradient_capability_missing: unsupported.material.linear_gradient_capability_missing
[FAIL] shallow_gradient_conical — unsupported.material.source_unimplemented: unsupported.material.source_unimplemented
[FAIL] shallow_gradient_conical_nodither — unsupported.material.source_unimplemented: unsupported.material.source_unimplemented
[FAIL] shallow_gradient_linear — unsupported.material.linear_gradient_capability_missing: unsupported.material.linear_gradient_capability_missing
[FAIL] shallow_gradient_linear_nodither — unsupported.material.linear_gradient_capability_missing: unsupported.material.linear_gradient_capability_missing
[FAIL] shallow_gradient_radial — unsupported.material.radial_gradient_capability_missing: unsupported.material.radial_gradient_capability_missing
[FAIL] shallow_gradient_radial_nodither — unsupported.material.radial_gradient_capability_missing: unsupported.material.radial_gradient_capability_missing
[FAIL] shallow_gradient_sweep — unsupported.material.sweep_gradient_capability_missing: unsupported.material.sweep_gradient_capability_missing
[FAIL] shallow_gradient_sweep_nodither — unsupported.material.sweep_gradient_capability_missing: unsupported.material.sweep_gradient_capability_missing
[FAIL] small_color_stop — unsupported.material.source_unimplemented: unsupported.material.source_unimplemented
[FAIL] sweep_tiling — unsupported.material.sweep_gradient_capability_missing: unsupported.material.sweep_gradient_capability_missing
[FAIL] testgradient — unsupported.material.linear_gradient_capability_missing: unsupported.material.linear_gradient_capability_missing
[FAIL] all_bitmap_configs — unsupported.image.alpha_interpretation: Prepared Surface operation could not be lowered.
[FAIL] all_variants_8888 — unsupported.image.alpha_interpretation: Prepared Surface operation could not be lowered.
[FAIL] alpha_image_alpha_tint — unsupported.image.alpha_interpretation: Prepared Surface operation could not be lowered.
[FAIL] alpha_image_shader_rt — unsupported.core_primitive.material.non_solid: Core primitive geometry cannot be lowered exactly by the current canonical route.
[RENDER] image/animatedGif.png (2560x958, dispatch=1, refuse=0)
[FAIL] anisomips — unsupported.material.source_unimplemented: unsupported.material.source_unimplemented
[FAIL] anisotropic_image_scale_aniso — unsupported.geometry.path_key_nondeterministic: unsupported.geometry.path_key_nondeterministic
[FAIL] anisotropic_image_scale_linear — unsupported.geometry.path_key_nondeterministic: unsupported.geometry.path_key_nondeterministic
[FAIL] anisotropic_image_scale_mip — unsupported.geometry.path_key_nondeterministic: unsupported.geometry.path_key_nondeterministic
[RENDER] image/async_rescale_and_read_alpha_type.png (512x512, dispatch=3, refuse=0)
[RENDER] image/async_rescale_and_read_rose.png (1230x820, dispatch=7, refuse=0)
[RENDER] image/async_rescale_and_read_no_bleed.png (60x60, dispatch=2, refuse=0)
[RENDER] image/async_yuv_no_scale.png (400x300, dispatch=2, refuse=0)
[FAIL] bc1_transparency — unsupported.image.alpha_interpretation: Prepared Surface operation could not be lowered.
[FAIL] bicubic — unsupported.geometry.path_key_nondeterministic: unsupported.geometry.path_key_nondeterministic
[FAIL] bigmatrix — unsupported.material.source_unimplemented: unsupported.material.source_unimplemented
[FAIL] bitmapcopy — unsupported.image.pixel.format: Prepared Surface operation could not be lowered.
[FAIL] bitmapfilters — unsupported.image.alpha_interpretation: Prepared Surface operation could not be lowered.
[FAIL] bitmap-image-srgb-legacy — unsupported.image.alpha_interpretation: Prepared Surface operation could not be lowered.
[FAIL] bitmap_premul — unsupported.image.alpha_interpretation: Prepared Surface operation could not be lowered.
[FAIL] bitmaprect_rounding — unsupported.image.alpha_interpretation: Prepared Surface operation could not be lowered.
[FAIL] bitmapshaders — unsupported.image.alpha_interpretation: Prepared Surface operation could not be lowered.
[FAIL] bitmap_subset_shader — unsupported.material.source_unimplemented: unsupported.material.source_unimplemented
[RENDER] image/bleed_downscale.png (360x240, dispatch=7, refuse=0)
[FAIL] bmp_filter_quality_repeat — unsupported.material.source_unimplemented: unsupported.material.source_unimplemented
[FAIL] bug6783 — unsupported.material.source_unimplemented: unsupported.material.source_unimplemented
[RENDER] image/cgimage.png (800x250, dispatch=4, refuse=0)
[FAIL] child_sampling_rt — unsupported.core_primitive.coverage_sample.scalar_aa_not_promoted: ScalarAA coverage is promoted only by the exact single-sample B3.5b analytic route.
[RENDER] image/clippedbitmapshaders.png (300x300, dispatch=10, refuse=0)
[RENDER] image/color_cube_cf_rt.png (512x512, dispatch=5, refuse=0)
[FAIL] colorwheel_alphatypes — unsupported.image.alpha_interpretation: Prepared Surface operation could not be lowered.
[FAIL] colorwheel — unsupported.image.alpha_interpretation: Prepared Surface operation could not be lowered.
[FAIL] colorspace2 — unsupported.core_primitive.coverage_sample.scalar_aa_not_promoted: ScalarAA coverage is promoted only by the exact single-sample B3.5b analytic route.
[FAIL] colorspace — unsupported.core_primitive.coverage_sample.scalar_aa_not_promoted: ScalarAA coverage is promoted only by the exact single-sample B3.5b analytic route.
[RENDER] image/compositor_quads_image.png (955x699, dispatch=1, refuse=0)
[FAIL] compressed_textures — unsupported.image.alpha_interpretation: Prepared Surface operation could not be lowered.
[RENDER] image/coordclampshader.png (1074x795, dispatch=1, refuse=0)
[FAIL] copyTo4444 — unsupported.image.alpha_interpretation: Prepared Surface operation could not be lowered.
[FAIL] crbug_224618 — unsupported.material.gradient_tile_mode_unsupported: unsupported.material.gradient_tile_mode_unsupported
[FAIL] crbug_404394639 — unsupported.material.linear_gradient_capability_missing: unsupported.material.linear_gradient_capability_missing
[FAIL] deferred_shader_rt — unsupported.core_primitive.material.non_solid: Core primitive geometry cannot be lowered exactly by the current canonical route.
[FAIL] bitmaprect_s — unsupported.material.linear_gradient_capability_missing: unsupported.material.linear_gradient_capability_missing
[FAIL] bitmaprect_i — unsupported.material.linear_gradient_capability_missing: unsupported.material.linear_gradient_capability_missing
[FAIL] 3x3bitmaprect — unsupported.image.alpha_interpretation: Prepared Surface operation could not be lowered.
[FAIL] draw_bitmap_rect_skbug4734 — unsupported.image.alpha_interpretation: Prepared Surface operation could not be lowered.
[FAIL] drawminibitmaprect — unsupported.material.gradient_tile_mode_unsupported: unsupported.material.gradient_tile_mode_unsupported
[FAIL] drawimage_sampling — unsupported.image.alpha_interpretation: Prepared Surface operation could not be lowered.
[FAIL] drawimagerect_filter — unsupported.image.alpha_interpretation: Prepared Surface operation could not be lowered.
[RENDER] image/encode-alpha-jpeg.png (400x200, dispatch=1, refuse=0)
[FAIL] encode-color-types-webp-lossless — unsupported.image.alpha_interpretation: Prepared Surface operation could not be lowered.
[RENDER] image/encode-platform.png (1280x768, dispatch=1, refuse=0)
[FAIL] encode-srgb-png — unsupported.image.alpha_interpretation: Prepared Surface operation could not be lowered.
[FAIL] exoticformats — unsupported.image.alpha_interpretation: Prepared Surface operation could not be lowered.
[FAIL] filterbug — unsupported.material.source_unimplemented: unsupported.material.source_unimplemented
[RENDER] image/filterindiabox.png (680x130, dispatch=1, refuse=0)
[FAIL] flight_animated_image — unsupported.surface.prepared.mixed-composite-topology: Prepared Surface composite frames cannot cover the picture topology.
[FAIL] flippity — unsupported.image.alpha_interpretation: Prepared Surface operation could not be lowered.
[FAIL] format4444 — unsupported.image.pixel.format: Prepared Surface operation could not be lowered.
[FAIL] giantbitmap_clamp_bilerp_rotate — unsupported.geometry.path_key_nondeterministic: unsupported.geometry.path_key_nondeterministic
[FAIL] giantbitmap_clamp_bilerp_scale — unsupported.geometry.path_key_nondeterministic: unsupported.geometry.path_key_nondeterministic
[FAIL] giantbitmap_clamp_point_rotate — unsupported.geometry.path_key_nondeterministic: unsupported.geometry.path_key_nondeterministic
[FAIL] giantbitmap_clamp_point_scale — unsupported.geometry.path_key_nondeterministic: unsupported.geometry.path_key_nondeterministic
[FAIL] giantbitmap_mirror_bilerp_rotate — unsupported.geometry.path_key_nondeterministic: unsupported.geometry.path_key_nondeterministic
[FAIL] giantbitmap_mirror_bilerp_scale — unsupported.geometry.path_key_nondeterministic: unsupported.geometry.path_key_nondeterministic
[FAIL] giantbitmap_mirror_point_rotate — unsupported.geometry.path_key_nondeterministic: unsupported.geometry.path_key_nondeterministic
[FAIL] giantbitmap_mirror_point_scale — unsupported.geometry.path_key_nondeterministic: unsupported.geometry.path_key_nondeterministic
[FAIL] giantbitmap_repeat_bilerp_rotate — unsupported.geometry.path_key_nondeterministic: unsupported.geometry.path_key_nondeterministic
[FAIL] giantbitmap_repeat_bilerp_scale — unsupported.geometry.path_key_nondeterministic: unsupported.geometry.path_key_nondeterministic
[FAIL] giantbitmap_repeat_point_rotate — unsupported.geometry.path_key_nondeterministic: unsupported.geometry.path_key_nondeterministic
[FAIL] giantbitmap_repeat_point_scale — unsupported.geometry.path_key_nondeterministic: unsupported.geometry.path_key_nondeterministic
[RENDER] image/grayscalejpg.png (128x128, dispatch=1, refuse=0)
[FAIL] hugebitmapshader — unsupported.material.source_unimplemented: unsupported.material.source_unimplemented
[FAIL] image-cacherator-from-picture — unsupported.geometry.path_key_nondeterministic: unsupported.geometry.path_key_nondeterministic
[FAIL] image_dither — unsupported.material.linear_gradient_capability_missing: unsupported.material.linear_gradient_capability_missing
[FAIL] imagefilter_transformed_image — unsupported.image.alpha_interpretation: Prepared Surface operation could not be lowered.
[FAIL] imagefilterscropexpand — unsupported.composite.paint: Prepared Surface composite could not be lowered.
[FAIL] imagefiltersgraph — unsupported.image.native_binding: Prepared Surface operation could not be lowered.
[FAIL] image-surface — unsupported.geometry.path_key_nondeterministic: unsupported.geometry.path_key_nondeterministic
[FAIL] imagemagnifier_bounds — unsupported.composite.operation: Prepared Surface composite could not be lowered.
[FAIL] imagemagnifier_cropped — unsupported.composite.paint: Prepared Surface composite could not be lowered.
[FAIL] imagemagnifier — unsupported.composite.paint: Prepared Surface composite could not be lowered.
[FAIL] imagemakewithfilter — unsupported.image.alpha_interpretation: Prepared Surface operation could not be lowered.
[FAIL] imagemasksubset — unsupported.image.alpha_interpretation: Prepared Surface operation could not be lowered.
[FAIL] image_out_of_gamut — unsupported.image.alpha_interpretation: Prepared Surface operation could not be lowered.
[FAIL] image-picture — unsupported.geometry.path_key_nondeterministic: unsupported.geometry.path_key_nondeterministic
[FAIL] imageresizetiled — unsupported.composite.operation: Prepared Surface composite could not be lowered.
[FAIL] image-shader — unsupported.geometry.path_key_nondeterministic: unsupported.geometry.path_key_nondeterministic
[FAIL] imagesource — unsupported.surface.prepared.image-clip: Prepared Surface operation could not be lowered.
[FAIL] image_subset — unsupported.core_primitive.stencil_edge_fan_budget: Core primitive geometry cannot be lowered exactly by the current canonical route.
[RENDER] image/imageshader_tinyscale.png (1000x1000, dispatch=1, refuse=0)

Done: 55 rendered, 295 failed

[Incubating] Problems report is available at: file:///Users/chaos/.local/share/opencode/worktree/b0ac68aba2977c8e330962597a21babf616d6567/quick-sailor/build/reports/problems/problems-report.html

Deprecated Gradle features were used in this build, making it incompatible with Gradle 10.

You can use '--warning-mode all' to show the individual deprecation warnings and determine if they come from your own scripts or plugins.

For more on this, please refer to https://docs.gradle.org/9.2.0/userguide/command_line_interface.html#sec:command_line_warnings in the Gradle documentation.

BUILD SUCCESSFUL in 54s
84 actionable tasks: 2 executed, 82 up-to-date
Consider enabling configuration cache to speed up this build: https://docs.gradle.org/9.2.0/userguide/configuration_cache_enabling.html
