WARNING: A restricted method in java.lang.System has been called
WARNING: java.lang.System::load has been called by net.rubygrapefruit.platform.internal.NativeLibraryLoader in an unnamed module (file:/Users/chaos/.gradle/wrapper/dists/gradle-9.2.0-bin/11i5gvueggl8a5cioxuftxrik/gradle-9.2.0/lib/native-platform-0.22-milestone-29.jar)
WARNING: Use --enable-native-access=ALL-UNNAMED to avoid a warning for callers in this module
WARNING: Restricted methods will be blocked in a future release unless native access is enabled

To honour the JVM settings for this build a single-use Daemon process will be forked. For more on this, please refer to https://docs.gradle.org/9.2.0/userguide/gradle_daemon.html#sec:disabling_the_daemon in the Gradle documentation.
Daemon will be stopped at the end of the build
> Task :buildSrc:checkKotlinGradlePluginConfigurationErrors SKIPPED
> Task :buildSrc:generateExternalPluginSpecBuilders UP-TO-DATE
> Task :buildSrc:extractPrecompiledScriptPluginPlugins UP-TO-DATE
> Task :buildSrc:compilePluginsBlocks UP-TO-DATE
> Task :buildSrc:generatePrecompiledScriptPluginAccessors UP-TO-DATE
> Task :buildSrc:generateScriptPluginAdapters UP-TO-DATE
> Task :buildSrc:compileKotlin UP-TO-DATE
> Task :buildSrc:compileJava NO-SOURCE
> Task :buildSrc:compileGroovy NO-SOURCE
> Task :buildSrc:pluginDescriptors UP-TO-DATE
> Task :buildSrc:processResources UP-TO-DATE
> Task :buildSrc:classes UP-TO-DATE
> Task :buildSrc:jar UP-TO-DATE
> Task :codec:checkKotlinGradlePluginConfigurationErrors SKIPPED
> Task :color-management:checkKotlinGradlePluginConfigurationErrors SKIPPED
> Task :math:kmpPartiallyResolvedDependenciesChecker
> Task :math:checkKotlinGradlePluginConfigurationErrors SKIPPED
> Task :math:compileKotlinJvm UP-TO-DATE
> Task :math:compileJvmMainJava NO-SOURCE
> Task :math:jvmProcessResources NO-SOURCE
> Task :math:processJvmMainResources SKIPPED
> Task :math:jvmMainClasses UP-TO-DATE
> Task :math:jvmJar UP-TO-DATE
> Task :color-management:compileKotlin UP-TO-DATE
> Task :color-management:compileJava NO-SOURCE
> Task :font:checkKotlinGradlePluginConfigurationErrors SKIPPED
> Task :font:core:checkKotlinGradlePluginConfigurationErrors SKIPPED
> Task :font:core:compileKotlin UP-TO-DATE
> Task :font:core:compileJava NO-SOURCE
> Task :font:colr:checkKotlinGradlePluginConfigurationErrors SKIPPED
> Task :font:sfnt:checkKotlinGradlePluginConfigurationErrors SKIPPED
> Task :font:sfnt:compileKotlin UP-TO-DATE
> Task :font:sfnt:compileJava NO-SOURCE
> Task :font:colr:compileKotlin UP-TO-DATE
> Task :font:colr:compileJava NO-SOURCE
> Task :font:colr:processResources NO-SOURCE
> Task :font:colr:classes UP-TO-DATE
> Task :font:colr:jar UP-TO-DATE
> Task :font:glyph:checkKotlinGradlePluginConfigurationErrors SKIPPED
> Task :font:gpu-api:checkKotlinGradlePluginConfigurationErrors SKIPPED
> Task :font:gpu-api:compileKotlin UP-TO-DATE
> Task :font:gpu-api:compileJava NO-SOURCE
> Task :font:scaler:checkKotlinGradlePluginConfigurationErrors SKIPPED
> Task :font:scaler:compileKotlin UP-TO-DATE
> Task :font:scaler:compileJava NO-SOURCE
> Task :font:text:checkKotlinGradlePluginConfigurationErrors SKIPPED
> Task :font:text:compileKotlin UP-TO-DATE
> Task :font:text:compileJava NO-SOURCE
> Task :font:glyph:compileKotlin UP-TO-DATE
> Task :font:glyph:compileJava NO-SOURCE
> Task :font:compileKotlin UP-TO-DATE
> Task :font:compileJava NO-SOURCE
> Task :gpu-renderer:checkKotlinGradlePluginConfigurationErrors SKIPPED
> Task :gpu-renderer:compileKotlin UP-TO-DATE
> Task :gpu-renderer:compileJava NO-SOURCE
> Task :kanvas:checkKotlinGradlePluginConfigurationErrors SKIPPED
> Task :kanvas:compileKotlin UP-TO-DATE
> Task :kanvas:compileJava NO-SOURCE
> Task :codec:api:checkKotlinGradlePluginConfigurationErrors SKIPPED
> Task :codec:api:compileKotlin UP-TO-DATE
> Task :codec:api:compileJava NO-SOURCE
> Task :codec:bmp:checkKotlinGradlePluginConfigurationErrors SKIPPED
> Task :codec:common:checkKotlinGradlePluginConfigurationErrors SKIPPED
> Task :codec:common:compileKotlin UP-TO-DATE
> Task :codec:common:compileJava NO-SOURCE
> Task :codec:common:processResources NO-SOURCE
> Task :codec:common:classes UP-TO-DATE
> Task :codec:common:jar UP-TO-DATE
> Task :codec:core:checkKotlinGradlePluginConfigurationErrors SKIPPED
> Task :codec:core:compileKotlin NO-SOURCE
> Task :codec:core:compileJava NO-SOURCE
> Task :codec:bmp:compileKotlin UP-TO-DATE
> Task :codec:bmp:compileJava NO-SOURCE
> Task :codec:bmp:processResources UP-TO-DATE
> Task :codec:bmp:classes UP-TO-DATE
> Task :codec:bmp:jar UP-TO-DATE
> Task :codec:extended:checkKotlinGradlePluginConfigurationErrors SKIPPED
> Task :codec:extended:compileKotlin UP-TO-DATE
> Task :codec:extended:compileJava NO-SOURCE
> Task :codec:extended:processResources UP-TO-DATE
> Task :codec:extended:classes UP-TO-DATE
> Task :codec:extended:jar UP-TO-DATE
> Task :codec:gif:checkKotlinGradlePluginConfigurationErrors SKIPPED
> Task :codec:gif:compileKotlin UP-TO-DATE
> Task :codec:gif:compileJava NO-SOURCE
> Task :codec:gif:processResources UP-TO-DATE
> Task :codec:gif:classes UP-TO-DATE
> Task :codec:gif:jar UP-TO-DATE
> Task :codec:ico:checkKotlinGradlePluginConfigurationErrors SKIPPED
> Task :codec:png:checkKotlinGradlePluginConfigurationErrors SKIPPED
> Task :codec:png:compileKotlin UP-TO-DATE
> Task :codec:png:compileJava NO-SOURCE
> Task :codec:png:processResources UP-TO-DATE
> Task :codec:png:classes UP-TO-DATE
> Task :codec:png:jar UP-TO-DATE
> Task :codec:ico:compileKotlin UP-TO-DATE
> Task :codec:ico:compileJava NO-SOURCE
> Task :codec:ico:processResources UP-TO-DATE
> Task :codec:ico:classes UP-TO-DATE
> Task :codec:ico:jar UP-TO-DATE
> Task :codec:jpeg:checkKotlinGradlePluginConfigurationErrors SKIPPED
> Task :codec:jpeg:compileKotlin UP-TO-DATE
> Task :codec:jpeg:compileJava NO-SOURCE
> Task :codec:jpeg:processResources UP-TO-DATE
> Task :codec:jpeg:classes UP-TO-DATE
> Task :codec:jpeg:jar UP-TO-DATE
> Task :codec:jpeg-ls:checkKotlinGradlePluginConfigurationErrors SKIPPED
> Task :codec:jpeg-ls:compileKotlin UP-TO-DATE
> Task :codec:jpeg-ls:compileJava NO-SOURCE
> Task :codec:jpeg-ls:processResources UP-TO-DATE
> Task :codec:jpeg-ls:classes UP-TO-DATE
> Task :codec:jpeg-ls:jar UP-TO-DATE
> Task :codec:jpeg2000:checkKotlinGradlePluginConfigurationErrors SKIPPED
> Task :codec:jpeg2000:compileKotlin UP-TO-DATE
> Task :codec:jpeg2000:compileJava NO-SOURCE
> Task :codec:jpeg2000:processResources UP-TO-DATE
> Task :codec:jpeg2000:classes UP-TO-DATE
> Task :codec:jpeg2000:jar UP-TO-DATE
> Task :codec:jpegxl:checkKotlinGradlePluginConfigurationErrors SKIPPED
> Task :codec:jpegxl:compileKotlin UP-TO-DATE
> Task :codec:jpegxl:compileJava NO-SOURCE
> Task :codec:jpegxl:processResources UP-TO-DATE
> Task :codec:jpegxl:classes UP-TO-DATE
> Task :codec:jpegxl:jar UP-TO-DATE
> Task :codec:wbmp:checkKotlinGradlePluginConfigurationErrors SKIPPED
> Task :codec:wbmp:compileKotlin UP-TO-DATE
> Task :codec:wbmp:compileJava NO-SOURCE
> Task :codec:wbmp:processResources UP-TO-DATE
> Task :codec:wbmp:classes UP-TO-DATE
> Task :codec:wbmp:jar UP-TO-DATE
> Task :codec:webp:checkKotlinGradlePluginConfigurationErrors SKIPPED
> Task :codec:webp:compileKotlin UP-TO-DATE
> Task :codec:webp:compileJava NO-SOURCE
> Task :codec:webp:processResources UP-TO-DATE
> Task :codec:webp:classes UP-TO-DATE
> Task :codec:webp:jar UP-TO-DATE
> Task :codec:compileKotlin NO-SOURCE
> Task :codec:compileJava NO-SOURCE
> Task :codec:processResources NO-SOURCE
> Task :codec:classes UP-TO-DATE
> Task :codec:jar UP-TO-DATE
> Task :color-management:processResources NO-SOURCE
> Task :color-management:classes UP-TO-DATE
> Task :color-management:jar UP-TO-DATE
> Task :font:processResources NO-SOURCE
> Task :font:classes UP-TO-DATE
> Task :font:jar UP-TO-DATE
> Task :gpu-renderer:processResources UP-TO-DATE
> Task :gpu-renderer:classes UP-TO-DATE
> Task :gpu-renderer:jar UP-TO-DATE
> Task :kanvas:processResources NO-SOURCE
> Task :kanvas:classes UP-TO-DATE
> Task :kanvas:jar UP-TO-DATE
> Task :codec:api:processResources UP-TO-DATE
> Task :codec:api:classes UP-TO-DATE
> Task :codec:api:jar UP-TO-DATE
> Task :codec:core:processResources NO-SOURCE
> Task :codec:core:classes UP-TO-DATE
> Task :codec:core:jar UP-TO-DATE
> Task :font:core:processResources NO-SOURCE
> Task :font:core:classes UP-TO-DATE
> Task :font:core:jar UP-TO-DATE
> Task :font:glyph:processResources NO-SOURCE
> Task :font:glyph:classes UP-TO-DATE
> Task :font:glyph:jar UP-TO-DATE
> Task :font:gpu-api:processResources NO-SOURCE
> Task :font:gpu-api:classes UP-TO-DATE
> Task :font:gpu-api:jar UP-TO-DATE
> Task :font:scaler:processResources NO-SOURCE
> Task :font:scaler:classes UP-TO-DATE
> Task :font:scaler:jar UP-TO-DATE
> Task :font:sfnt:processResources NO-SOURCE
> Task :font:sfnt:classes UP-TO-DATE
> Task :font:sfnt:jar UP-TO-DATE
> Task :font:text:processResources UP-TO-DATE
> Task :font:text:classes UP-TO-DATE
> Task :font:text:jar UP-TO-DATE
> Task :integration-tests:diagnostic:checkKotlinGradlePluginConfigurationErrors SKIPPED
> Task :integration-tests:test-utils:checkKotlinGradlePluginConfigurationErrors SKIPPED
> Task :integration-tests:test-utils:compileKotlin UP-TO-DATE
> Task :integration-tests:test-utils:compileJava NO-SOURCE
> Task :integration-tests:diagnostic:compileKotlin UP-TO-DATE
> Task :integration-tests:diagnostic:compileJava NO-SOURCE
> Task :integration-tests:diagnostic:processResources NO-SOURCE
> Task :integration-tests:diagnostic:classes UP-TO-DATE
> Task :integration-tests:diagnostic:jar UP-TO-DATE
> Task :integration-tests:skia:checkKotlinGradlePluginConfigurationErrors SKIPPED
> Task :integration-tests:skia:compileKotlin NO-SOURCE
> Task :integration-tests:skia:compileJava NO-SOURCE
> Task :integration-tests:skia:processResources NO-SOURCE
> Task :integration-tests:skia:classes UP-TO-DATE
> Task :integration-tests:skia:jar UP-TO-DATE
> Task :integration-tests:skia:compileTestKotlin UP-TO-DATE
> Task :integration-tests:skia:compileTestJava NO-SOURCE
> Task :integration-tests:skia:processTestResources UP-TO-DATE
> Task :integration-tests:skia:testClasses UP-TO-DATE
> Task :integration-tests:test-utils:processResources NO-SOURCE
> Task :integration-tests:test-utils:classes UP-TO-DATE
> Task :integration-tests:test-utils:jar UP-TO-DATE

> Task :integration-tests:skia:generateSkiaScan
[SKIP] org.graphiks.kanvas.skia.gm.blur.MatrixConvolutionGm
[SKIP] org.graphiks.kanvas.skia.gm.clip.ComplexClip2Gm
[SKIP] org.graphiks.kanvas.skia.gm.image.AnimCodecPlayerExifGm
[SKIP] org.graphiks.kanvas.skia.gm.image.DrawBitmapRectGm
[SKIP] org.graphiks.kanvas.skia.gm.path.InnerShapesGm
[SKIP] org.graphiks.kanvas.skia.gm.path.TrickyCubicStrokesGm
[SKIP] org.graphiks.kanvas.skia.gm.text.GlyphPosGm
WARNING: A terminally deprecated method in sun.misc.Unsafe has been called
WARNING: sun.misc.Unsafe::objectFieldOffset has been called by org.lwjgl.system.MemoryUtil (file:/Users/chaos/.gradle/caches/modules-2/files-2.1/org.lwjgl/lwjgl/3.3.3/29589b5f87ed335a6c7e7ee6a5775f81f97ecb84/lwjgl-3.3.3.jar)
WARNING: Please consider reporting this to the maintainers of class org.lwjgl.system.MemoryUtil
WARNING: sun.misc.Unsafe::objectFieldOffset will be removed in a future release
Exception in thread "Thread-0" java.lang.InterruptedException: sleep interrupted
	at java.base/java.lang.Thread.sleepNanos0(Native Method)
	at java.base/java.lang.Thread.sleepNanos(Thread.java:509)
	at java.base/java.lang.Thread.sleep(Thread.java:540)
	at org.graphiks.kanvas.skia.SkiaGmScannerKt.main$lambda$2(SkiaGmScanner.kt:134)
	at java.base/java.lang.Thread.run(Thread.java:1474)
[FAIL] 0 animated-backdrop-blur (825ms) unsupported.composite.operation: Prepared Surface composite could not be lowered.
Exception in thread "Thread-4" [FAIL] 1 bigblurs (74ms) unsupported.geometry.path_key_nondeterministic: unsupported.geometry.path_key_nondeterministic
java.lang.InterruptedException: sleep interrupted
	at java.base/java.lang.Thread.sleepNanos0(Native Method)
	at java.base/java.lang.Thread.sleepNanos(Thread.java:509)
	at java.base/java.lang.Thread.sleep(Thread.java:540)
	at org.graphiks.kanvas.skia.SkiaGmScannerKt.main$lambda$2(SkiaGmScanner.kt:134)
	at java.base/java.lang.Thread.run(Thread.java:1474)
Exception in thread "Thread-5" java.lang.InterruptedException: sleep interrupted
	at java.base/java.lang.Thread.sleepNanos0(Native Method)
	at java.base/java.lang.Thread.sleepNanos(Thread.java:509)
	at java.base/java.lang.Thread.sleep(Thread.java:540)
	at org.graphiks.kanvas.skia.SkiaGmScannerKt.main$lambda$2(SkiaGmScanner.kt:134)
	at java.base/java.lang.Thread.run(Thread.java:1474)
[DONE] 2 blur2rects (210ms)
Exception in thread "Thread-6" [FAIL] 3 blur2rectsnonninepatch (13ms) unsupported.native-mask-blur.mixed-local-sizes: The top-level mask blur lane serializes one local mask size per frame.
java.lang.InterruptedException: sleep interrupted
	at java.base/java.lang.Thread.sleepNanos0(Native Method)
	at java.base/java.lang.Thread.sleepNanos(Thread.java:509)
	at java.base/java.lang.Thread.sleep(Thread.java:540)
	at org.graphiks.kanvas.skia.SkiaGmScannerKt.main$lambda$2(SkiaGmScanner.kt:134)
	at java.base/java.lang.Thread.run(Thread.java:1474)
Exception in thread "Thread-7" java.lang.InterruptedException: sleep interrupted
[DONE] 4 BlurBigSigma (127ms)
	at java.base/java.lang.Thread.sleepNanos0(Native Method)
	at java.base/java.lang.Thread.sleepNanos(Thread.java:509)
	at java.base/java.lang.Thread.sleep(Thread.java:540)
	at org.graphiks.kanvas.skia.SkiaGmScannerKt.main$lambda$2(SkiaGmScanner.kt:134)
	at java.base/java.lang.Thread.run(Thread.java:1474)
[FAIL] 5 blurcircles2 (19ms) invalid.surface.prepared.frame-build-contract: Prepared Surface frame construction violated an internal contract.
Exception in thread "Thread-8" java.lang.InterruptedException: sleep interrupted
	at java.base/java.lang.Thread.sleepNanos0(Native Method)
	at java.base/java.lang.Thread.sleepNanos(Thread.java:509)
	at java.base/java.lang.Thread.sleep(Thread.java:540)
	at org.graphiks.kanvas.skia.SkiaGmScannerKt.main$lambda$2(SkiaGmScanner.kt:134)
	at java.base/java.lang.Thread.run(Thread.java:1474)
Exception in thread "Thread-9" [FAIL] 6 blurcircles (6ms) invalid.surface.prepared.frame-build-contract: Prepared Surface frame construction violated an internal contract.
java.lang.InterruptedException: sleep interrupted
	at java.base/java.lang.Thread.sleepNanos0(Native Method)
	at java.base/java.lang.Thread.sleepNanos(Thread.java:509)
	at java.base/java.lang.Thread.sleep(Thread.java:540)
	at org.graphiks.kanvas.skia.SkiaGmScannerKt.main$lambda$2(SkiaGmScanner.kt:134)
	at java.base/java.lang.Thread.run(Thread.java:1474)
[FAIL] 7 BlurDrawImage (5ms) unsupported.image.native_binding: Prepared Surface operation could not be lowered.
Exception in thread "Thread-10" java.lang.InterruptedException: sleep interrupted
	at java.base/java.lang.Thread.sleepNanos0(Native Method)
	at java.base/java.lang.Thread.sleepNanos(Thread.java:509)
	at java.base/java.lang.Thread.sleep(Thread.java:540)
	at org.graphiks.kanvas.skia.SkiaGmScannerKt.main$lambda$2(SkiaGmScanner.kt:134)
	at java.base/java.lang.Thread.run(Thread.java:1474)
[FAIL] 8 blur_ignore_xform_circle (489ms) unsupported.core_primitive.stencil_edge_fan_budget: Core primitive geometry cannot be lowered exactly by the current canonical route.
Exception in thread "Thread-11" java.lang.InterruptedException: sleep interrupted
	at java.base/java.lang.Thread.sleepNanos0(Native Method)
	at java.base/java.lang.Thread.sleepNanos(Thread.java:509)
	at java.base/java.lang.Thread.sleep(Thread.java:540)
	at org.graphiks.kanvas.skia.SkiaGmScannerKt.main$lambda$2(SkiaGmScanner.kt:134)
	at java.base/java.lang.Thread.run(Thread.java:1474)
Exception in thread "Thread-12" java.lang.InterruptedException: sleep interrupted
	at java.base/java.lang.Thread.sleepNanos0(Native Method)
	at java.base/java.lang.Thread.sleepNanos(Thread.java:509)
	at java.base/java.lang.Thread.sleep(Thread.java:540)
	at org.graphiks.kanvas.skia.SkiaGmScannerKt.main$lambda$2(SkiaGmScanner.kt:134)
	at java.base/java.lang.Thread.run(Thread.java:1474)
[FAIL] 9 blur_ignore_xform_rrect (352ms) stale.preflight.resource_generation: A render packet resource generation is stale.
[FAIL] 10 blur_ignore_xform_rect (256ms) stale.preflight.resource_generation: A render packet resource generation is stale.
Exception in thread "Thread-13" java.lang.InterruptedException: sleep interrupted
	at java.base/java.lang.Thread.sleepNanos0(Native Method)
	at java.base/java.lang.Thread.sleepNanos(Thread.java:509)
	at java.base/java.lang.Thread.sleep(Thread.java:540)
	at org.graphiks.kanvas.skia.SkiaGmScannerKt.main$lambda$2(SkiaGmScanner.kt:134)
	at java.base/java.lang.Thread.run(Thread.java:1474)
[FAIL] 11 blur_image (4ms) unsupported.image.native_binding: Prepared Surface operation could not be lowered.
Exception in thread "Thread-14" java.lang.InterruptedException: sleep interrupted
	at java.base/java.lang.Thread.sleepNanos0(Native Method)
	at java.base/java.lang.Thread.sleepNanos(Thread.java:509)
	at java.base/java.lang.Thread.sleep(Thread.java:540)
	at org.graphiks.kanvas.skia.SkiaGmScannerKt.main$lambda$2(SkiaGmScanner.kt:134)
	at java.base/java.lang.Thread.run(Thread.java:1474)
Exception in thread "Thread-15" [FAIL] 12 blur_matrix_rect (53ms) unsupported.native-mask-blur.mixed-local-sizes: The top-level mask blur lane serializes one local mask size per frame.
java.lang.InterruptedException: sleep interrupted
	at java.base/java.lang.Thread.sleepNanos0(Native Method)
	at java.base/java.lang.Thread.sleepNanos(Thread.java:509)
	at java.base/java.lang.Thread.sleep(Thread.java:540)
	at org.graphiks.kanvas.skia.SkiaGmScannerKt.main$lambda$2(SkiaGmScanner.kt:134)
	at java.base/java.lang.Thread.run(Thread.java:1474)
[FAIL] 13 check_small_sigma_offset (2ms) unsupported.geometry.path_key_nondeterministic: unsupported.geometry.path_key_nondeterministic
Exception in thread "Thread-16" java.lang.InterruptedException: sleep interrupted
	at java.base/java.lang.Thread.sleepNanos0(Native Method)
	at java.base/java.lang.Thread.sleepNanos(Thread.java:509)
	at java.base/java.lang.Thread.sleep(Thread.java:540)
	at org.graphiks.kanvas.skia.SkiaGmScannerKt.main$lambda$2(SkiaGmScanner.kt:134)
	at java.base/java.lang.Thread.run(Thread.java:1474)
Exception in thread "Thread-17" java.lang.InterruptedException: sleep interrupted
[FAIL] 14 blurquickreject (1ms) unsupported.geometry.path_key_nondeterministic: unsupported.geometry.path_key_nondeterministic
	at java.base/java.lang.Thread.sleepNanos0(Native Method)
	at java.base/java.lang.Thread.sleepNanos(Thread.java:509)
	at java.base/java.lang.Thread.sleep(Thread.java:540)
	at org.graphiks.kanvas.skia.SkiaGmScannerKt.main$lambda$2(SkiaGmScanner.kt:134)
	at java.base/java.lang.Thread.run(Thread.java:1474)
[FAIL] 15 blurrect_compare (7120ms) unsupported.image.alpha_interpretation: Prepared Surface operation could not be lowered.
Exception in thread "Thread-18" java.lang.InterruptedException: sleep interrupted
	at java.base/java.lang.Thread.sleepNanos0(Native Method)
	at java.base/java.lang.Thread.sleepNanos(Thread.java:509)
	at java.base/java.lang.Thread.sleep(Thread.java:540)
	at org.graphiks.kanvas.skia.SkiaGmScannerKt.main$lambda$2(SkiaGmScanner.kt:134)
	at java.base/java.lang.Thread.run(Thread.java:1474)
Exception in thread "Thread-19" [FAIL] 16 blurrect_gallery (5423ms) unsupported.image.alpha_interpretation: Prepared Surface operation could not be lowered.
java.lang.InterruptedException: sleep interrupted
	at java.base/java.lang.Thread.sleepNanos0(Native Method)
	at java.base/java.lang.Thread.sleepNanos(Thread.java:509)
	at java.base/java.lang.Thread.sleep(Thread.java:540)
	at org.graphiks.kanvas.skia.SkiaGmScannerKt.main$lambda$2(SkiaGmScanner.kt:134)
	at java.base/java.lang.Thread.run(Thread.java:1474)
[FAIL] 17 blurrects (15ms) unsupported.material.source_unimplemented: unsupported.material.source_unimplemented
Exception in thread "Thread-20" java.lang.InterruptedException: sleep interrupted
	at java.base/java.lang.Thread.sleepNanos0(Native Method)
	at java.base/java.lang.Thread.sleepNanos(Thread.java:509)
	at java.base/java.lang.Thread.sleep(Thread.java:540)
	at org.graphiks.kanvas.skia.SkiaGmScannerKt.main$lambda$2(SkiaGmScanner.kt:134)
	at java.base/java.lang.Thread.run(Thread.java:1474)
Exception in thread "Thread-21" java.lang.InterruptedException: sleep interrupted
[DONE] 18 BlurSmallSigma (18ms)
	at java.base/java.lang.Thread.sleepNanos0(Native Method)
	at java.base/java.lang.Thread.sleepNanos(Thread.java:509)
	at java.base/java.lang.Thread.sleep(Thread.java:540)
	at org.graphiks.kanvas.skia.SkiaGmScannerKt.main$lambda$2(SkiaGmScanner.kt:134)
	at java.base/java.lang.Thread.run(Thread.java:1474)
[FAIL] 19 blurredclippedcircle (12ms) invalid.surface.prepared.frame-build-contract: Prepared Surface frame construction violated an internal contract.
Exception in thread "Thread-22" java.lang.InterruptedException: sleep interrupted
	at java.base/java.lang.Thread.sleepNanos0(Native Method)
	at java.base/java.lang.Thread.sleepNanos(Thread.java:509)
	at java.base/java.lang.Thread.sleep(Thread.java:540)
	at org.graphiks.kanvas.skia.SkiaGmScannerKt.main$lambda$2(SkiaGmScanner.kt:134)
	at java.base/java.lang.Thread.run(Thread.java:1474)
[DONE] 20 crbug_899512 (18ms)
Exception in thread "Thread-23" java.lang.InterruptedException: sleep interrupted
	at java.base/java.lang.Thread.sleepNanos0(Native Method)
	at java.base/java.lang.Thread.sleepNanos(Thread.java:509)
	at java.base/java.lang.Thread.sleep(Thread.java:540)
	at org.graphiks.kanvas.skia.SkiaGmScannerKt.main$lambda$2(SkiaGmScanner.kt:134)
	at java.base/java.lang.Thread.run(Thread.java:1474)
[FAIL] 21 emboss (1ms) unsupported.geometry.path_key_nondeterministic: unsupported.geometry.path_key_nondeterministic
Exception in thread "Thread-24" java.lang.InterruptedException: sleep interrupted
	at java.base/java.lang.Thread.sleepNanos0(Native Method)
	at java.base/java.lang.Thread.sleepNanos(Thread.java:509)
	at java.base/java.lang.Thread.sleep(Thread.java:540)
	at org.graphiks.kanvas.skia.SkiaGmScannerKt.main$lambda$2(SkiaGmScanner.kt:134)
	at java.base/java.lang.Thread.run(Thread.java:1474)
Exception in thread "Thread-25" java.lang.InterruptedException: sleep interrupted
[FAIL] 22 embossmaskfilter (5ms) invalid.surface.prepared.frame-build-contract: Prepared Surface frame construction violated an internal contract.
	at java.base/java.lang.Thread.sleepNanos0(Native Method)
	at java.base/java.lang.Thread.sleepNanos(Thread.java:509)
	at java.base/java.lang.Thread.sleep(Thread.java:540)
	at org.graphiks.kanvas.skia.SkiaGmScannerKt.main$lambda$2(SkiaGmScanner.kt:134)
	at java.base/java.lang.Thread.run(Thread.java:1474)
Exception in thread "Thread-26" java.lang.InterruptedException: sleep interrupted
[FAIL] 23 fast_slow_blurimagefilter (11ms) unsupported.image.native_binding: Prepared Surface operation could not be lowered.
	at java.base/java.lang.Thread.sleepNanos0(Native Method)
	at java.base/java.lang.Thread.sleepNanos(Thread.java:509)
	at java.base/java.lang.Thread.sleep(Thread.java:540)
	at org.graphiks.kanvas.skia.SkiaGmScannerKt.main$lambda$2(SkiaGmScanner.kt:134)
	at java.base/java.lang.Thread.run(Thread.java:1474)
[FAIL] 24 hdr-pip-blur (5ms) unsupported.image.alpha_interpretation: Prepared Surface operation could not be lowered.
Exception in thread "Thread-27" java.lang.InterruptedException: sleep interrupted
	at java.base/java.lang.Thread.sleepNanos0(Native Method)
	at java.base/java.lang.Thread.sleepNanos(Thread.java:509)
	at java.base/java.lang.Thread.sleep(Thread.java:540)
	at org.graphiks.kanvas.skia.SkiaGmScannerKt.main$lambda$2(SkiaGmScanner.kt:134)
	at java.base/java.lang.Thread.run(Thread.java:1474)
[DONE] 25 imageblur2 (107ms)
Exception in thread "Thread-28" java.lang.InterruptedException: sleep interrupted
	at java.base/java.lang.Thread.sleepNanos0(Native Method)
	at java.base/java.lang.Thread.sleepNanos(Thread.java:509)
	at java.base/java.lang.Thread.sleep(Thread.java:540)
	at org.graphiks.kanvas.skia.SkiaGmScannerKt.main$lambda$2(SkiaGmScanner.kt:134)
	at java.base/java.lang.Thread.run(Thread.java:1474)
[FAIL] 26 imageblurclampmode (7ms) unsupported.core_primitive.stencil_edge_fan_budget: Core primitive geometry cannot be lowered exactly by the current canonical route.
Exception in thread "Thread-29" java.lang.InterruptedException: sleep interrupted
	at java.base/java.lang.Thread.sleepNanos0(Native Method)
	at java.base/java.lang.Thread.sleepNanos(Thread.java:509)
	at java.base/java.lang.Thread.sleep(Thread.java:540)
	at org.graphiks.kanvas.skia.SkiaGmScannerKt.main$lambda$2(SkiaGmScanner.kt:134)
	at java.base/java.lang.Thread.run(Thread.java:1474)
[DONE] 27 imageblur (18ms)
Exception in thread "Thread-30" java.lang.InterruptedException: sleep interrupted
	at java.base/java.lang.Thread.sleepNanos0(Native Method)
	at java.base/java.lang.Thread.sleepNanos(Thread.java:509)
	at java.base/java.lang.Thread.sleep(Thread.java:540)
	at org.graphiks.kanvas.skia.SkiaGmScannerKt.main$lambda$2(SkiaGmScanner.kt:134)
	at java.base/java.lang.Thread.run(Thread.java:1474)
[FAIL] 28 imageblurrepeatmode (8ms) unsupported.core_primitive.coverage_sample.scalar_aa_not_promoted: ScalarAA coverage is promoted only by the exact single-sample B3.5b analytic route.
Exception in thread "Thread-31" java.lang.InterruptedException: sleep interrupted
	at java.base/java.lang.Thread.sleepNanos0(Native Method)
	at java.base/java.lang.Thread.sleepNanos(Thread.java:509)
	at java.base/java.lang.Thread.sleep(Thread.java:540)
	at org.graphiks.kanvas.skia.SkiaGmScannerKt.main$lambda$2(SkiaGmScanner.kt:134)
	at java.base/java.lang.Thread.run(Thread.java:1474)
[FAIL] 29 imageblurrepeatunclipped (1ms) unsupported.image.native_binding: Prepared Surface operation could not be lowered.
Exception in thread "Thread-32" java.lang.InterruptedException: sleep interrupted
	at java.base/java.lang.Thread.sleepNanos0(Native Method)
	at java.base/java.lang.Thread.sleepNanos(Thread.java:509)
	at java.base/java.lang.Thread.sleep(Thread.java:540)
	at org.graphiks.kanvas.skia.SkiaGmScannerKt.main$lambda$2(SkiaGmScanner.kt:134)
	at java.base/java.lang.Thread.run(Thread.java:1474)
[FAIL] 30 inverse_fill_filters (1ms) unsupported.geometry.path_key_nondeterministic: unsupported.geometry.path_key_nondeterministic
Exception in thread "Thread-33" java.lang.InterruptedException: sleep interrupted
	at java.base/java.lang.Thread.sleepNanos0(Native Method)
	at java.base/java.lang.Thread.sleepNanos(Thread.java:509)
	at java.base/java.lang.Thread.sleep(Thread.java:540)
	at org.graphiks.kanvas.skia.SkiaGmScannerKt.main$lambda$2(SkiaGmScanner.kt:134)
	at java.base/java.lang.Thread.run(Thread.java:1474)
[FAIL] 31 inverse_windingmode_filters (0ms) unsupported.geometry.path_key_nondeterministic: unsupported.geometry.path_key_nondeterministic
Exception in thread "Thread-34" java.lang.InterruptedException: sleep interrupted
	at java.base/java.lang.Thread.sleepNanos0(Native Method)
	at java.base/java.lang.Thread.sleepNanos(Thread.java:509)
	at java.base/java.lang.Thread.sleep(Thread.java:540)
	at org.graphiks.kanvas.skia.SkiaGmScannerKt.main$lambda$2(SkiaGmScanner.kt:134)
	at java.base/java.lang.Thread.run(Thread.java:1474)
Exception in thread "Thread-35" [DONE] 32 matrixconvolution (14ms)
java.lang.InterruptedException: sleep interrupted
	at java.base/java.lang.Thread.sleepNanos0(Native Method)
	at java.base/java.lang.Thread.sleepNanos(Thread.java:509)
	at java.base/java.lang.Thread.sleep(Thread.java:540)
	at org.graphiks.kanvas.skia.SkiaGmScannerKt.main$lambda$2(SkiaGmScanner.kt:134)
	at java.base/java.lang.Thread.run(Thread.java:1474)
Exception in thread "Thread-36" java.lang.InterruptedException: sleep interrupted
[DONE] 33 matrixconvolution_big_color (10ms)
	at java.base/java.lang.Thread.sleepNanos0(Native Method)
	at java.base/java.lang.Thread.sleepNanos(Thread.java:509)
	at java.base/java.lang.Thread.sleep(Thread.java:540)
	at org.graphiks.kanvas.skia.SkiaGmScannerKt.main$lambda$2(SkiaGmScanner.kt:134)
	at java.base/java.lang.Thread.run(Thread.java:1474)
[DONE] 34 matrixconvolution_big (10ms)
Exception in thread "Thread-37" java.lang.InterruptedException: sleep interrupted
	at java.base/java.lang.Thread.sleepNanos0(Native Method)
	at java.base/java.lang.Thread.sleepNanos(Thread.java:509)
	at java.base/java.lang.Thread.sleep(Thread.java:540)
	at org.graphiks.kanvas.skia.SkiaGmScannerKt.main$lambda$2(SkiaGmScanner.kt:134)
	at java.base/java.lang.Thread.run(Thread.java:1474)
[DONE] 35 matrixconvolution_bigger (9ms)
Exception in thread "Thread-38" java.lang.InterruptedException: sleep interrupted
	at java.base/java.lang.Thread.sleepNanos0(Native Method)
	at java.base/java.lang.Thread.sleepNanos(Thread.java:509)
	at java.base/java.lang.Thread.sleep(Thread.java:540)
	at org.graphiks.kanvas.skia.SkiaGmScannerKt.main$lambda$2(SkiaGmScanner.kt:134)
	at java.base/java.lang.Thread.run(Thread.java:1474)
[DONE] 36 matrixconvolution_biggest (9ms)
Exception in thread "Thread-39" java.lang.InterruptedException: sleep interrupted
	at java.base/java.lang.Thread.sleepNanos0(Native Method)
	at java.base/java.lang.Thread.sleepNanos(Thread.java:509)
	at java.base/java.lang.Thread.sleep(Thread.java:540)
	at org.graphiks.kanvas.skia.SkiaGmScannerKt.main$lambda$2(SkiaGmScanner.kt:134)
	at java.base/java.lang.Thread.run(Thread.java:1474)
[FAIL] 37 matrixconvolution_color (2ms) unsupported.core_primitive.stencil_edge_fan_budget: Core primitive geometry cannot be lowered exactly by the current canonical route.
Exception in thread "Thread-40" java.lang.InterruptedException: sleep interrupted
	at java.base/java.lang.Thread.sleepNanos0(Native Method)
	at java.base/java.lang.Thread.sleepNanos(Thread.java:509)
	at java.base/java.lang.Thread.sleep(Thread.java:540)
	at org.graphiks.kanvas.skia.SkiaGmScannerKt.main$lambda$2(SkiaGmScanner.kt:134)
	at java.base/java.lang.Thread.run(Thread.java:1474)
[FAIL] 38 rrect_blurs (1ms) unsupported.geometry.path_key_nondeterministic: unsupported.geometry.path_key_nondeterministic
Exception in thread "Thread-41" java.lang.InterruptedException: sleep interrupted
	at java.base/java.lang.Thread.sleepNanos0(Native Method)
	at java.base/java.lang.Thread.sleepNanos(Thread.java:509)
	at java.base/java.lang.Thread.sleep(Thread.java:540)
	at org.graphiks.kanvas.skia.SkiaGmScannerKt.main$lambda$2(SkiaGmScanner.kt:134)
	at java.base/java.lang.Thread.run(Thread.java:1474)
[FAIL] 39 simpleblurroundrect (2ms) unsupported.material.source_unimplemented: unsupported.material.source_unimplemented
Exception in thread "Thread-42" java.lang.InterruptedException: sleep interrupted
	at java.base/java.lang.Thread.sleepNanos0(Native Method)
	at java.base/java.lang.Thread.sleepNanos(Thread.java:509)
	at java.base/java.lang.Thread.sleep(Thread.java:540)
	at org.graphiks.kanvas.skia.SkiaGmScannerKt.main$lambda$2(SkiaGmScanner.kt:134)
	at java.base/java.lang.Thread.run(Thread.java:1474)
[DONE] 40 smallemboss (59ms)
Exception in thread "Thread-43" java.lang.InterruptedException: sleep interrupted
	at java.base/java.lang.Thread.sleepNanos0(Native Method)
	at java.base/java.lang.Thread.sleepNanos(Thread.java:509)
	at java.base/java.lang.Thread.sleep(Thread.java:540)
	at org.graphiks.kanvas.skia.SkiaGmScannerKt.main$lambda$2(SkiaGmScanner.kt:134)
	at java.base/java.lang.Thread.run(Thread.java:1474)
[DONE] 41 tablemaskfilter (23ms)
Exception in thread "Thread-44" java.lang.InterruptedException: sleep interrupted
	at java.base/java.lang.Thread.sleepNanos0(Native Method)
	at java.base/java.lang.Thread.sleepNanos(Thread.java:509)
	at java.base/java.lang.Thread.sleep(Thread.java:540)
	at org.graphiks.kanvas.skia.SkiaGmScannerKt.main$lambda$2(SkiaGmScanner.kt:134)
	at java.base/java.lang.Thread.run(Thread.java:1474)
[FAIL] 42 TiledBlurBigSigma (0ms) unsupported.composite.paint: Prepared Surface composite could not be lowered.
Exception in thread "Thread-45" java.lang.InterruptedException: sleep interrupted
	at java.base/java.lang.Thread.sleepNanos0(Native Method)
	at java.base/java.lang.Thread.sleepNanos(Thread.java:509)
	at java.base/java.lang.Thread.sleep(Thread.java:540)
	at org.graphiks.kanvas.skia.SkiaGmScannerKt.main$lambda$2(SkiaGmScanner.kt:134)
	at java.base/java.lang.Thread.run(Thread.java:1474)
[FAIL] 43 aaclip (14ms) invalid.preflight.core_primitive_path_stencil_msaa_authority: Path stencil MSAA authority requires one unique path-bearing render scope.
Exception in thread "Thread-46" java.lang.InterruptedException: sleep interrupted
	at java.base/java.lang.Thread.sleepNanos0(Native Method)
	at java.base/java.lang.Thread.sleepNanos(Thread.java:509)
	at java.base/java.lang.Thread.sleep(Thread.java:540)
	at org.graphiks.kanvas.skia.SkiaGmScannerKt.main$lambda$2(SkiaGmScanner.kt:134)
	at java.base/java.lang.Thread.run(Thread.java:1474)
Exception in thread "Thread-47" [FAIL] 44 bug339297_as_clip (3401ms) unsupported.clip.complex_stack: unsupported.clip.complex_stack
java.lang.InterruptedException: sleep interrupted
	at java.base/java.lang.Thread.sleepNanos0(Native Method)
	at java.base/java.lang.Thread.sleepNanos(Thread.java:509)
	at java.base/java.lang.Thread.sleep(Thread.java:540)
	at org.graphiks.kanvas.skia.SkiaGmScannerKt.main$lambda$2(SkiaGmScanner.kt:134)
	at java.base/java.lang.Thread.run(Thread.java:1474)
[FAIL] 45 circular-clips (16ms) unsupported.core_primitive.coverage_sample.scalar_aa_not_promoted: ScalarAA coverage is promoted only by the exact single-sample B3.5b analytic route.
Exception in thread "Thread-48" java.lang.InterruptedException: sleep interrupted
	at java.base/java.lang.Thread.sleepNanos0(Native Method)
	at java.base/java.lang.Thread.sleepNanos(Thread.java:509)
	at java.base/java.lang.Thread.sleep(Thread.java:540)
	at org.graphiks.kanvas.skia.SkiaGmScannerKt.main$lambda$2(SkiaGmScanner.kt:134)
	at java.base/java.lang.Thread.run(Thread.java:1474)
Exception in thread "Thread-49" [FAIL] 46 clipcubic (2ms) unsupported.geometry.path_key_nondeterministic: unsupported.geometry.path_key_nondeterministic
java.lang.InterruptedException: sleep interrupted
	at java.base/java.lang.Thread.sleepNanos0(Native Method)
	at java.base/java.lang.Thread.sleepNanos(Thread.java:509)
	at java.base/java.lang.Thread.sleep(Thread.java:540)
	at org.graphiks.kanvas.skia.SkiaGmScannerKt.main$lambda$2(SkiaGmScanner.kt:134)
	at java.base/java.lang.Thread.run(Thread.java:1474)
Exception in thread "Thread-50" java.lang.InterruptedException: sleep interrupted
[DONE] 47 clipdrawdraw (19ms)
	at java.base/java.lang.Thread.sleepNanos0(Native Method)
	at java.base/java.lang.Thread.sleepNanos(Thread.java:509)
	at java.base/java.lang.Thread.sleep(Thread.java:540)
	at org.graphiks.kanvas.skia.SkiaGmScannerKt.main$lambda$2(SkiaGmScanner.kt:134)
	at java.base/java.lang.Thread.run(Thread.java:1474)
[FAIL] 48 cliplargerect (0ms) unsupported.geometry.path_key_nondeterministic: unsupported.geometry.path_key_nondeterministic
Exception in thread "Thread-51" java.lang.InterruptedException: sleep interrupted
	at java.base/java.lang.Thread.sleepNanos0(Native Method)
	at java.base/java.lang.Thread.sleepNanos(Thread.java:509)
	at java.base/java.lang.Thread.sleep(Thread.java:540)
	at org.graphiks.kanvas.skia.SkiaGmScannerKt.main$lambda$2(SkiaGmScanner.kt:134)
	at java.base/java.lang.Thread.run(Thread.java:1474)
[FAIL] 49 clip_region (0ms) unsupported.composite.clip: Prepared Surface composite could not be lowered.
Exception in thread "Thread-52" java.lang.InterruptedException: sleep interrupted
	at java.base/java.lang.Thread.sleepNanos0(Native Method)
	at java.base/java.lang.Thread.sleepNanos(Thread.java:509)
	at java.base/java.lang.Thread.sleep(Thread.java:540)
	at org.graphiks.kanvas.skia.SkiaGmScannerKt.main$lambda$2(SkiaGmScanner.kt:134)
	at java.base/java.lang.Thread.run(Thread.java:1474)
[FAIL] 50 clip_sierpinski_region (2ms) unsupported.composite.clip: Prepared Surface composite could not be lowered.
Exception in thread "Thread-53" java.lang.InterruptedException: sleep interrupted
	at java.base/java.lang.Thread.sleepNanos0(Native Method)
	at java.base/java.lang.Thread.sleepNanos(Thread.java:509)
	at java.base/java.lang.Thread.sleep(Thread.java:540)
	at org.graphiks.kanvas.skia.SkiaGmScannerKt.main$lambda$2(SkiaGmScanner.kt:134)
	at java.base/java.lang.Thread.run(Thread.java:1474)
[FAIL] 51 clip_strokerect (0ms) unsupported.geometry.path_key_nondeterministic: unsupported.geometry.path_key_nondeterministic
Exception in thread "Thread-54" java.lang.InterruptedException: sleep interrupted
	at java.base/java.lang.Thread.sleepNanos0(Native Method)
	at java.base/java.lang.Thread.sleepNanos(Thread.java:509)
	at java.base/java.lang.Thread.sleep(Thread.java:540)
	at org.graphiks.kanvas.skia.SkiaGmScannerKt.main$lambda$2(SkiaGmScanner.kt:134)
	at java.base/java.lang.Thread.run(Thread.java:1474)
[FAIL] 52 clipsuperrrect (2ms) unsupported.core_primitive.stencil_edge_fan_budget: Core primitive geometry cannot be lowered exactly by the current canonical route.
Exception in thread "Thread-55" java.lang.InterruptedException: sleep interrupted
	at java.base/java.lang.Thread.sleepNanos0(Native Method)
	at java.base/java.lang.Thread.sleepNanos(Thread.java:509)
	at java.base/java.lang.Thread.sleep(Thread.java:540)
	at org.graphiks.kanvas.skia.SkiaGmScannerKt.main$lambda$2(SkiaGmScanner.kt:134)
	at java.base/java.lang.Thread.run(Thread.java:1474)
[FAIL] 53 complexclip3_complex (563ms) unsupported.core_primitive.coverage_sample.scalar_aa_not_promoted: ScalarAA coverage is promoted only by the exact single-sample B3.5b analytic route.
Exception in thread "Thread-56" java.lang.InterruptedException: sleep interrupted
	at java.base/java.lang.Thread.sleepNanos0(Native Method)
	at java.base/java.lang.Thread.sleepNanos(Thread.java:509)
	at java.base/java.lang.Thread.sleep(Thread.java:540)
	at org.graphiks.kanvas.skia.SkiaGmScannerKt.main$lambda$2(SkiaGmScanner.kt:134)
	at java.base/java.lang.Thread.run(Thread.java:1474)
[FAIL] 54 complexclip3_simple (489ms) unsupported.core_primitive.coverage_sample.scalar_aa_not_promoted: ScalarAA coverage is promoted only by the exact single-sample B3.5b analytic route.
Exception in thread "Thread-57" java.lang.InterruptedException: sleep interrupted
	at java.base/java.lang.Thread.sleepNanos0(Native Method)
	at java.base/java.lang.Thread.sleepNanos(Thread.java:509)
	at java.base/java.lang.Thread.sleep(Thread.java:540)
	at org.graphiks.kanvas.skia.SkiaGmScannerKt.main$lambda$2(SkiaGmScanner.kt:134)
	at java.base/java.lang.Thread.run(Thread.java:1474)
[FAIL] 55 complexclip4_aa (2ms) unsupported.core_primitive.coverage_sample.scalar_aa_not_promoted: ScalarAA coverage is promoted only by the exact single-sample B3.5b analytic route.
Exception in thread "Thread-58" java.lang.InterruptedException: sleep interrupted
	at java.base/java.lang.Thread.sleepNanos0(Native Method)
	at java.base/java.lang.Thread.sleepNanos(Thread.java:509)
	at java.base/java.lang.Thread.sleep(Thread.java:540)
	at org.graphiks.kanvas.skia.SkiaGmScannerKt.main$lambda$2(SkiaGmScanner.kt:134)
	at java.base/java.lang.Thread.run(Thread.java:1474)
[FAIL] 56 complexclip4_bw (3ms) unsupported.core_primitive.coverage_sample.scalar_aa_not_promoted: ScalarAA coverage is promoted only by the exact single-sample B3.5b analytic route.
Exception in thread "Thread-59" java.lang.InterruptedException: sleep interrupted
	at java.base/java.lang.Thread.sleepNanos0(Native Method)
	at java.base/java.lang.Thread.sleepNanos(Thread.java:509)
	at java.base/java.lang.Thread.sleep(Thread.java:540)
	at org.graphiks.kanvas.skia.SkiaGmScannerKt.main$lambda$2(SkiaGmScanner.kt:134)
	at java.base/java.lang.Thread.run(Thread.java:1474)
Exception in thread "Thread-60" java.lang.InterruptedException: sleep interrupted
[FAIL] 57 complexclip_aa (365ms) unsupported.geometry.path_key_nondeterministic: unsupported.geometry.path_key_nondeterministic
	at java.base/java.lang.Thread.sleepNanos0(Native Method)
	at java.base/java.lang.Thread.sleepNanos(Thread.java:509)
	at java.base/java.lang.Thread.sleep(Thread.java:540)
	at org.graphiks.kanvas.skia.SkiaGmScannerKt.main$lambda$2(SkiaGmScanner.kt:134)
	at java.base/java.lang.Thread.run(Thread.java:1474)
[FAIL] 58 complexclip_aa_invert (403ms) unsupported.geometry.path_key_nondeterministic: unsupported.geometry.path_key_nondeterministic
Exception in thread "Thread-61" java.lang.InterruptedException: sleep interrupted
	at java.base/java.lang.Thread.sleepNanos0(Native Method)
	at java.base/java.lang.Thread.sleepNanos(Thread.java:509)
	at java.base/java.lang.Thread.sleep(Thread.java:540)
	at org.graphiks.kanvas.skia.SkiaGmScannerKt.main$lambda$2(SkiaGmScanner.kt:134)
	at java.base/java.lang.Thread.run(Thread.java:1474)
[FAIL] 59 complexclip_aa_layer (9ms) unsupported.composite.clip: Prepared Surface composite could not be lowered.
Exception in thread "Thread-62" java.lang.InterruptedException: sleep interrupted
	at java.base/java.lang.Thread.sleepNanos0(Native Method)
	at java.base/java.lang.Thread.sleepNanos(Thread.java:509)
	at java.base/java.lang.Thread.sleep(Thread.java:540)
	at org.graphiks.kanvas.skia.SkiaGmScannerKt.main$lambda$2(SkiaGmScanner.kt:134)
	at java.base/java.lang.Thread.run(Thread.java:1474)
[FAIL] 60 complexclip_aa_layer_invert (7ms) unsupported.composite.clip: Prepared Surface composite could not be lowered.
Exception in thread "Thread-63" java.lang.InterruptedException: sleep interrupted
	at java.base/java.lang.Thread.sleepNanos0(Native Method)
	at java.base/java.lang.Thread.sleepNanos(Thread.java:509)
	at java.base/java.lang.Thread.sleep(Thread.java:540)
	at org.graphiks.kanvas.skia.SkiaGmScannerKt.main$lambda$2(SkiaGmScanner.kt:134)
	at java.base/java.lang.Thread.run(Thread.java:1474)
[FAIL] 61 complexclip_blur_tiled (0ms) unsupported.composite.paint: Prepared Surface composite could not be lowered.
Exception in thread "Thread-64" java.lang.InterruptedException: sleep interrupted
	at java.base/java.lang.Thread.sleepNanos0(Native Method)
	at java.base/java.lang.Thread.sleepNanos(Thread.java:509)
	at java.base/java.lang.Thread.sleep(Thread.java:540)
	at org.graphiks.kanvas.skia.SkiaGmScannerKt.main$lambda$2(SkiaGmScanner.kt:134)
	at java.base/java.lang.Thread.run(Thread.java:1474)
Exception in thread "Thread-65" java.lang.InterruptedException: sleep interrupted
[FAIL] 62 complexclip_bw (383ms) unsupported.geometry.path_key_nondeterministic: unsupported.geometry.path_key_nondeterministic
	at java.base/java.lang.Thread.sleepNanos0(Native Method)
	at java.base/java.lang.Thread.sleepNanos(Thread.java:509)
	at java.base/java.lang.Thread.sleep(Thread.java:540)
	at org.graphiks.kanvas.skia.SkiaGmScannerKt.main$lambda$2(SkiaGmScanner.kt:134)
	at java.base/java.lang.Thread.run(Thread.java:1474)
[FAIL] 63 complexclip_bw_invert (350ms) unsupported.geometry.path_key_nondeterministic: unsupported.geometry.path_key_nondeterministic
Exception in thread "Thread-66" java.lang.InterruptedException: sleep interrupted
	at java.base/java.lang.Thread.sleepNanos0(Native Method)
	at java.base/java.lang.Thread.sleepNanos(Thread.java:509)
	at java.base/java.lang.Thread.sleep(Thread.java:540)
	at org.graphiks.kanvas.skia.SkiaGmScannerKt.main$lambda$2(SkiaGmScanner.kt:134)
	at java.base/java.lang.Thread.run(Thread.java:1474)
[FAIL] 64 complexclip_bw_layer (7ms) unsupported.composite.clip: Prepared Surface composite could not be lowered.
Exception in thread "Thread-67" java.lang.InterruptedException: sleep interrupted
	at java.base/java.lang.Thread.sleepNanos0(Native Method)
	at java.base/java.lang.Thread.sleepNanos(Thread.java:509)
	at java.base/java.lang.Thread.sleep(Thread.java:540)
	at org.graphiks.kanvas.skia.SkiaGmScannerKt.main$lambda$2(SkiaGmScanner.kt:134)
	at java.base/java.lang.Thread.run(Thread.java:1474)
[FAIL] 65 complexclip_bw_layer_invert (6ms) unsupported.composite.clip: Prepared Surface composite could not be lowered.
Exception in thread "Thread-68" java.lang.InterruptedException: sleep interrupted
	at java.base/java.lang.Thread.sleepNanos0(Native Method)
	at java.base/java.lang.Thread.sleepNanos(Thread.java:509)
	at java.base/java.lang.Thread.sleep(Thread.java:540)
	at org.graphiks.kanvas.skia.SkiaGmScannerKt.main$lambda$2(SkiaGmScanner.kt:134)
	at java.base/java.lang.Thread.run(Thread.java:1474)
[FAIL] 66 convex_poly_clip (2ms) unsupported.material.gradient_tile_mode_unsupported: unsupported.material.gradient_tile_mode_unsupported
Exception in thread "Thread-69" java.lang.InterruptedException: sleep interrupted
	at java.base/java.lang.Thread.sleepNanos0(Native Method)
	at java.base/java.lang.Thread.sleepNanos(Thread.java:509)
	at java.base/java.lang.Thread.sleep(Thread.java:540)
	at org.graphiks.kanvas.skia.SkiaGmScannerKt.main$lambda$2(SkiaGmScanner.kt:134)
	at java.base/java.lang.Thread.run(Thread.java:1474)
[FAIL] 67 crbug_892988 (0ms) unsupported.geometry.path_key_nondeterministic: unsupported.geometry.path_key_nondeterministic
Exception in thread "Thread-70" java.lang.InterruptedException: sleep interrupted
	at java.base/java.lang.Thread.sleepNanos0(Native Method)
	at java.base/java.lang.Thread.sleepNanos(Thread.java:509)
	at java.base/java.lang.Thread.sleep(Thread.java:540)
	at org.graphiks.kanvas.skia.SkiaGmScannerKt.main$lambda$2(SkiaGmScanner.kt:134)
	at java.base/java.lang.Thread.run(Thread.java:1474)
[FAIL] 68 croppedrects (0ms) unsupported.geometry.path_key_nondeterministic: unsupported.geometry.path_key_nondeterministic
Exception in thread "Thread-71" java.lang.InterruptedException: sleep interrupted
	at java.base/java.lang.Thread.sleepNanos0(Native Method)
	at java.base/java.lang.Thread.sleepNanos(Thread.java:509)
	at java.base/java.lang.Thread.sleep(Thread.java:540)
	at org.graphiks.kanvas.skia.SkiaGmScannerKt.main$lambda$2(SkiaGmScanner.kt:134)
	at java.base/java.lang.Thread.run(Thread.java:1474)
[FAIL] 69 distantclip (0ms) unsupported.recording.core_primitive_analytic_shape_clip: Prepared analytic shapes currently require NoClip or ScissorOnly execution.
Exception in thread "Thread-72" java.lang.InterruptedException: sleep interrupted
	at java.base/java.lang.Thread.sleepNanos0(Native Method)
	at java.base/java.lang.Thread.sleepNanos(Thread.java:509)
	at java.base/java.lang.Thread.sleep(Thread.java:540)
	at org.graphiks.kanvas.skia.SkiaGmScannerKt.main$lambda$2(SkiaGmScanner.kt:134)
	at java.base/java.lang.Thread.run(Thread.java:1474)
[FAIL] 70 fast_constraint_red_is_allowed (0ms) unsupported.image.alpha_interpretation: Prepared Surface operation could not be lowered.
Exception in thread "Thread-73" java.lang.InterruptedException: sleep interrupted
	at java.base/java.lang.Thread.sleepNanos0(Native Method)
	at java.base/java.lang.Thread.sleepNanos(Thread.java:509)
	at java.base/java.lang.Thread.sleep(Thread.java:540)
	at org.graphiks.kanvas.skia.SkiaGmScannerKt.main$lambda$2(SkiaGmScanner.kt:134)
	at java.base/java.lang.Thread.run(Thread.java:1474)
[FAIL] 71 fast_constraint_red_is_allowed_manual (0ms) unsupported.image.alpha_interpretation: Prepared Surface operation could not be lowered.
Exception in thread "Thread-74" java.lang.InterruptedException: sleep interrupted
	at java.base/java.lang.Thread.sleepNanos0(Native Method)
	at java.base/java.lang.Thread.sleepNanos(Thread.java:509)
	at java.base/java.lang.Thread.sleep(Thread.java:540)
	at org.graphiks.kanvas.skia.SkiaGmScannerKt.main$lambda$2(SkiaGmScanner.kt:134)
	at java.base/java.lang.Thread.run(Thread.java:1474)
[FAIL] 72 inverseclip (2ms) unsupported.core_primitive.stencil_edge_fan_budget: Core primitive geometry cannot be lowered exactly by the current canonical route.
Exception in thread "Thread-75" java.lang.InterruptedException: sleep interrupted
	at java.base/java.lang.Thread.sleepNanos0(Native Method)
	at java.base/java.lang.Thread.sleepNanos(Thread.java:509)
	at java.base/java.lang.Thread.sleep(Thread.java:540)
	at org.graphiks.kanvas.skia.SkiaGmScannerKt.main$lambda$2(SkiaGmScanner.kt:134)
	at java.base/java.lang.Thread.run(Thread.java:1474)
[FAIL] 73 manypathatlases_128 (1ms) unsupported.core_primitive.stencil_edge_fan_budget: Core primitive geometry cannot be lowered exactly by the current canonical route.
Exception in thread "Thread-76" java.lang.InterruptedException: sleep interrupted
	at java.base/java.lang.Thread.sleepNanos0(Native Method)
	at java.base/java.lang.Thread.sleepNanos(Thread.java:509)
	at java.base/java.lang.Thread.sleep(Thread.java:540)
	at org.graphiks.kanvas.skia.SkiaGmScannerKt.main$lambda$2(SkiaGmScanner.kt:134)
	at java.base/java.lang.Thread.run(Thread.java:1474)
[FAIL] 74 manypathatlases_2048 (1ms) unsupported.core_primitive.stencil_edge_fan_budget: Core primitive geometry cannot be lowered exactly by the current canonical route.
Exception in thread "Thread-77" java.lang.InterruptedException: sleep interrupted
	at java.base/java.lang.Thread.sleepNanos0(Native Method)
	at java.base/java.lang.Thread.sleepNanos(Thread.java:509)
	at java.base/java.lang.Thread.sleep(Thread.java:540)
	at org.graphiks.kanvas.skia.SkiaGmScannerKt.main$lambda$2(SkiaGmScanner.kt:134)
	at java.base/java.lang.Thread.run(Thread.java:1474)
[FAIL] 75 pdf_crbug_772685 (0ms) invalid.surface.prepared.frame-build-contract: Prepared Surface frame construction violated an internal contract.
Exception in thread "Thread-78" java.lang.InterruptedException: sleep interrupted
	at java.base/java.lang.Thread.sleepNanos0(Native Method)
	at java.base/java.lang.Thread.sleepNanos(Thread.java:509)
	at java.base/java.lang.Thread.sleep(Thread.java:540)
	at org.graphiks.kanvas.skia.SkiaGmScannerKt.main$lambda$2(SkiaGmScanner.kt:134)
	at java.base/java.lang.Thread.run(Thread.java:1474)
[FAIL] 76 perspective_clip (5ms) unsupported.core_primitive.stencil_edge_fan_budget: Core primitive geometry cannot be lowered exactly by the current canonical route.
Exception in thread "Thread-79" java.lang.InterruptedException: sleep interrupted
	at java.base/java.lang.Thread.sleepNanos0(Native Method)
	at java.base/java.lang.Thread.sleepNanos(Thread.java:509)
	at java.base/java.lang.Thread.sleep(Thread.java:540)
	at org.graphiks.kanvas.skia.SkiaGmScannerKt.main$lambda$2(SkiaGmScanner.kt:134)
	at java.base/java.lang.Thread.run(Thread.java:1474)
[FAIL] 77 rrect_clip_aa (3ms) unsupported.core_primitive.coverage_sample.scalar_aa_not_promoted: ScalarAA coverage is promoted only by the exact single-sample B3.5b analytic route.
Exception in thread "Thread-80" java.lang.InterruptedException: sleep interrupted
	at java.base/java.lang.Thread.sleepNanos0(Native Method)
	at java.base/java.lang.Thread.sleepNanos(Thread.java:509)
	at java.base/java.lang.Thread.sleep(Thread.java:540)
	at org.graphiks.kanvas.skia.SkiaGmScannerKt.main$lambda$2(SkiaGmScanner.kt:134)
	at java.base/java.lang.Thread.run(Thread.java:1474)
[FAIL] 78 rrect_clip_bw (2ms) unsupported.core_primitive.coverage_sample.scalar_aa_not_promoted: ScalarAA coverage is promoted only by the exact single-sample B3.5b analytic route.
Exception in thread "Thread-81" java.lang.InterruptedException: sleep interrupted
	at java.base/java.lang.Thread.sleepNanos0(Native Method)
	at java.base/java.lang.Thread.sleepNanos(Thread.java:509)
	at java.base/java.lang.Thread.sleep(Thread.java:540)
	at org.graphiks.kanvas.skia.SkiaGmScannerKt.main$lambda$2(SkiaGmScanner.kt:134)
	at java.base/java.lang.Thread.run(Thread.java:1474)
[FAIL] 79 rrect_clip_draw_paint (0ms) unsupported.composite.clip: Prepared Surface composite could not be lowered.
Exception in thread "Thread-82" java.lang.InterruptedException: sleep interrupted
	at java.base/java.lang.Thread.sleepNanos0(Native Method)
	at java.base/java.lang.Thread.sleepNanos(Thread.java:509)
	at java.base/java.lang.Thread.sleep(Thread.java:540)
	at org.graphiks.kanvas.skia.SkiaGmScannerKt.main$lambda$2(SkiaGmScanner.kt:134)
	at java.base/java.lang.Thread.run(Thread.java:1474)
[FAIL] 80 simpleaaclip_path (53ms) unsupported.geometry.path_key_nondeterministic: unsupported.geometry.path_key_nondeterministic
Exception in thread "Thread-83" java.lang.InterruptedException: sleep interrupted
	at java.base/java.lang.Thread.sleepNanos0(Native Method)
	at java.base/java.lang.Thread.sleepNanos(Thread.java:509)
	at java.base/java.lang.Thread.sleep(Thread.java:540)
	at org.graphiks.kanvas.skia.SkiaGmScannerKt.main$lambda$2(SkiaGmScanner.kt:134)
	at java.base/java.lang.Thread.run(Thread.java:1474)
Exception in thread "Thread-84" java.lang.InterruptedException: sleep interrupted
[FAIL] 81 simpleaaclip_rect (45ms) unsupported.geometry.path_key_nondeterministic: unsupported.geometry.path_key_nondeterministic
	at java.base/java.lang.Thread.sleepNanos0(Native Method)
	at java.base/java.lang.Thread.sleepNanos(Thread.java:509)
	at java.base/java.lang.Thread.sleep(Thread.java:540)
	at org.graphiks.kanvas.skia.SkiaGmScannerKt.main$lambda$2(SkiaGmScanner.kt:134)
	at java.base/java.lang.Thread.run(Thread.java:1474)
[FAIL] 82 skbug1719 (1ms) invalid.surface.prepared.frame-build-contract: Prepared Surface frame construction violated an internal contract.
Exception in thread "Thread-85" java.lang.InterruptedException: sleep interrupted
	at java.base/java.lang.Thread.sleepNanos0(Native Method)
	at java.base/java.lang.Thread.sleepNanos(Thread.java:509)
	at java.base/java.lang.Thread.sleep(Thread.java:540)
	at org.graphiks.kanvas.skia.SkiaGmScannerKt.main$lambda$2(SkiaGmScanner.kt:134)
	at java.base/java.lang.Thread.run(Thread.java:1474)
[FAIL] 83 skbug_9319 (4ms) invalid.preflight.core_primitive_clip_producer_authority: Resource-backed clip consumer is missing its sealed producer topology.
Exception in thread "Thread-86" java.lang.InterruptedException: sleep interrupted
	at java.base/java.lang.Thread.sleepNanos0(Native Method)
	at java.base/java.lang.Thread.sleepNanos(Thread.java:509)
	at java.base/java.lang.Thread.sleep(Thread.java:540)
	at org.graphiks.kanvas.skia.SkiaGmScannerKt.main$lambda$2(SkiaGmScanner.kt:134)
	at java.base/java.lang.Thread.run(Thread.java:1474)
[FAIL] 84 strict_constraint_batch_no_red_allowed (0ms) unsupported.image.alpha_interpretation: Prepared Surface operation could not be lowered.
Exception in thread "Thread-87" java.lang.InterruptedException: sleep interrupted
	at java.base/java.lang.Thread.sleepNanos0(Native Method)
	at java.base/java.lang.Thread.sleepNanos(Thread.java:509)
	at java.base/java.lang.Thread.sleep(Thread.java:540)
	at org.graphiks.kanvas.skia.SkiaGmScannerKt.main$lambda$2(SkiaGmScanner.kt:134)
	at java.base/java.lang.Thread.run(Thread.java:1474)
[FAIL] 85 strict_constraint_batch_no_red_allowed_manual (0ms) unsupported.image.alpha_interpretation: Prepared Surface operation could not be lowered.
Exception in thread "Thread-88" java.lang.InterruptedException: sleep interrupted
	at java.base/java.lang.Thread.sleepNanos0(Native Method)
	at java.base/java.lang.Thread.sleepNanos(Thread.java:509)
	at java.base/java.lang.Thread.sleep(Thread.java:540)
	at org.graphiks.kanvas.skia.SkiaGmScannerKt.main$lambda$2(SkiaGmScanner.kt:134)
	at java.base/java.lang.Thread.run(Thread.java:1474)
[FAIL] 86 strict_constraint_no_red_allowed (0ms) unsupported.image.alpha_interpretation: Prepared Surface operation could not be lowered.
Exception in thread "Thread-89" java.lang.InterruptedException: sleep interrupted
	at java.base/java.lang.Thread.sleepNanos0(Native Method)
	at java.base/java.lang.Thread.sleepNanos(Thread.java:509)
	at java.base/java.lang.Thread.sleep(Thread.java:540)
	at org.graphiks.kanvas.skia.SkiaGmScannerKt.main$lambda$2(SkiaGmScanner.kt:134)
	at java.base/java.lang.Thread.run(Thread.java:1474)
[FAIL] 87 strict_constraint_no_red_allowed_manual (0ms) unsupported.image.alpha_interpretation: Prepared Surface operation could not be lowered.
Exception in thread "Thread-90" java.lang.InterruptedException: sleep interrupted
	at java.base/java.lang.Thread.sleepNanos0(Native Method)
	at java.base/java.lang.Thread.sleepNanos(Thread.java:509)
	at java.base/java.lang.Thread.sleep(Thread.java:540)
	at org.graphiks.kanvas.skia.SkiaGmScannerKt.main$lambda$2(SkiaGmScanner.kt:134)
	at java.base/java.lang.Thread.run(Thread.java:1474)
[FAIL] 88 windowrectangles (66ms) unsupported.recording.core_primitive_analytic_shape_clip: Prepared analytic shapes currently require NoClip or ScissorOnly execution.
Exception in thread "Thread-91" java.lang.InterruptedException: sleep interrupted
	at java.base/java.lang.Thread.sleepNanos0(Native Method)
	at java.base/java.lang.Thread.sleepNanos(Thread.java:509)
	at java.base/java.lang.Thread.sleep(Thread.java:540)
	at org.graphiks.kanvas.skia.SkiaGmScannerKt.main$lambda$2(SkiaGmScanner.kt:134)
	at java.base/java.lang.Thread.run(Thread.java:1474)
[DONE] 89 color (11ms)
Exception in thread "Thread-92" java.lang.InterruptedException: sleep interrupted
	at java.base/java.lang.Thread.sleepNanos0(Native Method)
	at java.base/java.lang.Thread.sleepNanos(Thread.java:509)
	at java.base/java.lang.Thread.sleep(Thread.java:540)
	at org.graphiks.kanvas.skia.SkiaGmScannerKt.main$lambda$2(SkiaGmScanner.kt:134)
	at java.base/java.lang.Thread.run(Thread.java:1474)
[DONE] 90 filter (7ms)
Exception in thread "Thread-93" java.lang.InterruptedException: sleep interrupted
	at java.base/java.lang.Thread.sleepNanos0(Native Method)
	at java.base/java.lang.Thread.sleepNanos(Thread.java:509)
	at java.base/java.lang.Thread.sleep(Thread.java:540)
	at org.graphiks.kanvas.skia.SkiaGmScannerKt.main$lambda$2(SkiaGmScanner.kt:134)
	at java.base/java.lang.Thread.run(Thread.java:1474)
[DONE] 91 orientation (9ms)
Exception in thread "Thread-94" java.lang.InterruptedException: sleep interrupted
	at java.base/java.lang.Thread.sleepNanos0(Native Method)
	at java.base/java.lang.Thread.sleepNanos(Thread.java:509)
	at java.base/java.lang.Thread.sleep(Thread.java:540)
	at org.graphiks.kanvas.skia.SkiaGmScannerKt.main$lambda$2(SkiaGmScanner.kt:134)
	at java.base/java.lang.Thread.run(Thread.java:1474)
[FAIL] 92 p3_ovals (1ms) unsupported.core_primitive.stencil_edge_fan_budget: Core primitive geometry cannot be lowered exactly by the current canonical route.
Exception in thread "Thread-95" java.lang.InterruptedException: sleep interrupted
	at java.base/java.lang.Thread.sleepNanos0(Native Method)
	at java.base/java.lang.Thread.sleepNanos(Thread.java:509)
	at java.base/java.lang.Thread.sleep(Thread.java:540)
	at org.graphiks.kanvas.skia.SkiaGmScannerKt.main$lambda$2(SkiaGmScanner.kt:134)
	at java.base/java.lang.Thread.run(Thread.java:1474)
[FAIL] 93 paint_alpha_normals_rt (13ms) unsupported.material.source_unimplemented: unsupported.material.source_unimplemented
Exception in thread "Thread-96" java.lang.InterruptedException: sleep interrupted
	at java.base/java.lang.Thread.sleepNanos0(Native Method)
	at java.base/java.lang.Thread.sleepNanos(Thread.java:509)
	at java.base/java.lang.Thread.sleep(Thread.java:540)
	at org.graphiks.kanvas.skia.SkiaGmScannerKt.main$lambda$2(SkiaGmScanner.kt:134)
	at java.base/java.lang.Thread.run(Thread.java:1474)
Exception in thread "Thread-97" java.lang.InterruptedException: sleep interrupted
[DONE] 94 rect (10ms)
	at java.base/java.lang.Thread.sleepNanos0(Native Method)
	at java.base/java.lang.Thread.sleepNanos(Thread.java:509)
	at java.base/java.lang.Thread.sleep(Thread.java:540)
	at org.graphiks.kanvas.skia.SkiaGmScannerKt.main$lambda$2(SkiaGmScanner.kt:134)
	at java.base/java.lang.Thread.run(Thread.java:1474)
[FAIL] 95 shader (0ms) unsupported.material.linear_gradient_capability_missing: unsupported.material.linear_gradient_capability_missing
Exception in thread "Thread-98" java.lang.InterruptedException: sleep interrupted
	at java.base/java.lang.Thread.sleepNanos0(Native Method)
	at java.base/java.lang.Thread.sleepNanos(Thread.java:509)
	at java.base/java.lang.Thread.sleep(Thread.java:540)
	at org.graphiks.kanvas.skia.SkiaGmScannerKt.main$lambda$2(SkiaGmScanner.kt:134)
	at java.base/java.lang.Thread.run(Thread.java:1474)
Exception in thread "Thread-99" java.lang.InterruptedException: sleep interrupted
[FAIL] 96 aaxfermodes (750ms) unsupported.composite.picture.budget: Prepared Surface composite could not be lowered.
	at java.base/java.lang.Thread.sleepNanos0(Native Method)
	at java.base/java.lang.Thread.sleepNanos(Thread.java:509)
	at java.base/java.lang.Thread.sleep(Thread.java:540)
	at org.graphiks.kanvas.skia.SkiaGmScannerKt.main$lambda$2(SkiaGmScanner.kt:134)
	at java.base/java.lang.Thread.run(Thread.java:1474)
[FAIL] 97 aarectmodes (190ms) unsupported.composite.preflight: Prepared Surface composite could not be lowered.
Exception in thread "Thread-100" java.lang.InterruptedException: sleep interrupted
	at java.base/java.lang.Thread.sleepNanos0(Native Method)
	at java.base/java.lang.Thread.sleepNanos(Thread.java:509)
	at java.base/java.lang.Thread.sleep(Thread.java:540)
	at org.graphiks.kanvas.skia.SkiaGmScannerKt.main$lambda$2(SkiaGmScanner.kt:134)
	at java.base/java.lang.Thread.run(Thread.java:1474)
[FAIL] 98 arithmode_blender (0ms) unsupported.material.linear_gradient_capability_missing: unsupported.material.linear_gradient_capability_missing
Exception in thread "Thread-101" java.lang.InterruptedException: sleep interrupted
	at java.base/java.lang.Thread.sleepNanos0(Native Method)
	at java.base/java.lang.Thread.sleepNanos(Thread.java:509)
	at java.base/java.lang.Thread.sleep(Thread.java:540)
	at org.graphiks.kanvas.skia.SkiaGmScannerKt.main$lambda$2(SkiaGmScanner.kt:134)
	at java.base/java.lang.Thread.run(Thread.java:1474)
[FAIL] 99 backdrop_hintrect_clipping (2ms) unsupported.composite.paint: Prepared Surface composite could not be lowered.
Exception in thread "Thread-102" java.lang.InterruptedException: sleep interrupted
	at java.base/java.lang.Thread.sleepNanos0(Native Method)
	at java.base/java.lang.Thread.sleepNanos(Thread.java:509)
	at java.base/java.lang.Thread.sleep(Thread.java:540)
	at org.graphiks.kanvas.skia.SkiaGmScannerKt.main$lambda$2(SkiaGmScanner.kt:134)
	at java.base/java.lang.Thread.run(Thread.java:1474)
[FAIL] 100 backdrop_imagefilter_croprect (0ms) unsupported.composite.paint: Prepared Surface composite could not be lowered.
Exception in thread "Thread-103" java.lang.InterruptedException: sleep interrupted
	at java.base/java.lang.Thread.sleepNanos0(Native Method)
	at java.base/java.lang.Thread.sleepNanos(Thread.java:509)
	at java.base/java.lang.Thread.sleep(Thread.java:540)
	at org.graphiks.kanvas.skia.SkiaGmScannerKt.main$lambda$2(SkiaGmScanner.kt:134)
	at java.base/java.lang.Thread.run(Thread.java:1474)
[FAIL] 101 badpaint (0ms) unsupported.material.source_unimplemented: unsupported.material.source_unimplemented
Exception in thread "Thread-104" java.lang.InterruptedException: sleep interrupted
	at java.base/java.lang.Thread.sleepNanos0(Native Method)
	at java.base/java.lang.Thread.sleepNanos(Thread.java:509)
	at java.base/java.lang.Thread.sleep(Thread.java:540)
	at org.graphiks.kanvas.skia.SkiaGmScannerKt.main$lambda$2(SkiaGmScanner.kt:134)
	at java.base/java.lang.Thread.run(Thread.java:1474)
Exception in thread "Thread-105" java.lang.InterruptedException: sleep interrupted
[DONE] 102 clip_shader_difference (11ms)
	at java.base/java.lang.Thread.sleepNanos0(Native Method)
	at java.base/java.lang.Thread.sleepNanos(Thread.java:509)
	at java.base/java.lang.Thread.sleep(Thread.java:540)
	at org.graphiks.kanvas.skia.SkiaGmScannerKt.main$lambda$2(SkiaGmScanner.kt:134)
	at java.base/java.lang.Thread.run(Thread.java:1474)
[FAIL] 103 clipshadermatrix (0ms) unsupported.composite.paint: Prepared Surface composite could not be lowered.
Exception in thread "Thread-106" java.lang.InterruptedException: sleep interrupted
	at java.base/java.lang.Thread.sleepNanos0(Native Method)
	at java.base/java.lang.Thread.sleepNanos(Thread.java:509)
	at java.base/java.lang.Thread.sleep(Thread.java:540)
	at org.graphiks.kanvas.skia.SkiaGmScannerKt.main$lambda$2(SkiaGmScanner.kt:134)
	at java.base/java.lang.Thread.run(Thread.java:1474)
[DONE] 104 clip_shader_layer (8ms)
Exception in thread "Thread-107" java.lang.InterruptedException: sleep interrupted
	at java.base/java.lang.Thread.sleepNanos0(Native Method)
	at java.base/java.lang.Thread.sleepNanos(Thread.java:509)
	at java.base/java.lang.Thread.sleep(Thread.java:540)
	at org.graphiks.kanvas.skia.SkiaGmScannerKt.main$lambda$2(SkiaGmScanner.kt:134)
	at java.base/java.lang.Thread.run(Thread.java:1474)
[FAIL] 105 clip_shader_nested (0ms) unsupported.composite.paint: Prepared Surface composite could not be lowered.
Exception in thread "Thread-108" java.lang.InterruptedException: sleep interrupted
	at java.base/java.lang.Thread.sleepNanos0(Native Method)
	at java.base/java.lang.Thread.sleepNanos(Thread.java:509)
	at java.base/java.lang.Thread.sleep(Thread.java:540)
	at org.graphiks.kanvas.skia.SkiaGmScannerKt.main$lambda$2(SkiaGmScanner.kt:134)
	at java.base/java.lang.Thread.run(Thread.java:1474)
[DONE] 106 clip_shader_persp (26ms)
Exception in thread "Thread-109" java.lang.InterruptedException: sleep interrupted
	at java.base/java.lang.Thread.sleepNanos0(Native Method)
	at java.base/java.lang.Thread.sleepNanos(Thread.java:509)
	at java.base/java.lang.Thread.sleep(Thread.java:540)
	at org.graphiks.kanvas.skia.SkiaGmScannerKt.main$lambda$2(SkiaGmScanner.kt:134)
	at java.base/java.lang.Thread.run(Thread.java:1474)
[DONE] 107 clip_shader (14ms)
Exception in thread "Thread-110" java.lang.InterruptedException: sleep interrupted
	at java.base/java.lang.Thread.sleepNanos0(Native Method)
	at java.base/java.lang.Thread.sleepNanos(Thread.java:509)
	at java.base/java.lang.Thread.sleep(Thread.java:540)
	at org.graphiks.kanvas.skia.SkiaGmScannerKt.main$lambda$2(SkiaGmScanner.kt:134)
	at java.base/java.lang.Thread.run(Thread.java:1474)
[DONE] 108 color4blendcf (15ms)
Exception in thread "Thread-111" java.lang.InterruptedException: sleep interrupted
	at java.base/java.lang.Thread.sleepNanos0(Native Method)
	at java.base/java.lang.Thread.sleepNanos(Thread.java:509)
	at java.base/java.lang.Thread.sleep(Thread.java:540)
	at org.graphiks.kanvas.skia.SkiaGmScannerKt.main$lambda$2(SkiaGmScanner.kt:134)
	at java.base/java.lang.Thread.run(Thread.java:1474)
[DONE] 109 color4shader (13ms)
Exception in thread "Thread-112" java.lang.InterruptedException: sleep interrupted
	at java.base/java.lang.Thread.sleepNanos0(Native Method)
	at java.base/java.lang.Thread.sleepNanos(Thread.java:509)
	at java.base/java.lang.Thread.sleep(Thread.java:540)
	at org.graphiks.kanvas.skia.SkiaGmScannerKt.main$lambda$2(SkiaGmScanner.kt:134)
	at java.base/java.lang.Thread.run(Thread.java:1474)
[FAIL] 110 colorfilterimagefilter (1ms) unsupported.core_primitive.coverage_sample.scalar_aa_not_promoted: ScalarAA coverage is promoted only by the exact single-sample B3.5b analytic route.
Exception in thread "Thread-113" java.lang.InterruptedException: sleep interrupted
	at java.base/java.lang.Thread.sleepNanos0(Native Method)
	at java.base/java.lang.Thread.sleepNanos(Thread.java:509)
	at java.base/java.lang.Thread.sleep(Thread.java:540)
	at org.graphiks.kanvas.skia.SkiaGmScannerKt.main$lambda$2(SkiaGmScanner.kt:134)
	at java.base/java.lang.Thread.run(Thread.java:1474)
[FAIL] 111 colorfilterimagefilter_layer (0ms) unsupported.composite.paint: Prepared Surface composite could not be lowered.
Exception in thread "Thread-114" java.lang.InterruptedException: sleep interrupted
	at java.base/java.lang.Thread.sleepNanos0(Native Method)
	at java.base/java.lang.Thread.sleepNanos(Thread.java:509)
	at java.base/java.lang.Thread.sleep(Thread.java:540)
	at org.graphiks.kanvas.skia.SkiaGmScannerKt.main$lambda$2(SkiaGmScanner.kt:134)
	at java.base/java.lang.Thread.run(Thread.java:1474)
[FAIL] 112 colorfiltershader (0ms) unsupported.material.gradient_tile_mode_unsupported: unsupported.material.gradient_tile_mode_unsupported
Exception in thread "Thread-115" java.lang.InterruptedException: sleep interrupted
	at java.base/java.lang.Thread.sleepNanos0(Native Method)
	at java.base/java.lang.Thread.sleepNanos(Thread.java:509)
	at java.base/java.lang.Thread.sleep(Thread.java:540)
	at org.graphiks.kanvas.skia.SkiaGmScannerKt.main$lambda$2(SkiaGmScanner.kt:134)
	at java.base/java.lang.Thread.run(Thread.java:1474)
Exception in thread "Thread-116" java.lang.InterruptedException: sleep interrupted
	at java.base/java.lang.Thread.sleepNanos0(Native Method)
	at java.base/java.lang.Thread.sleepNanos(Thread.java:509)
	at java.base/java.lang.Thread.sleep(Thread.java:540)
	at org.graphiks.kanvas.skia.SkiaGmScannerKt.main$lambda$2(SkiaGmScanner.kt:134)
	at java.base/java.lang.Thread.run(Thread.java:1474)
[FAIL] 113 lightingcolorfilter (0ms) unsupported.material.linear_gradient_capability_missing: unsupported.material.linear_gradient_capability_missing
[FAIL] 114 colormatrix (4515ms) unsupported.material.linear_gradient_capability_missing: unsupported.material.linear_gradient_capability_missing
Exception in thread "Thread-117" java.lang.InterruptedException: sleep interrupted
	at java.base/java.lang.Thread.sleepNanos0(Native Method)
	at java.base/java.lang.Thread.sleepNanos(Thread.java:509)
	at java.base/java.lang.Thread.sleep(Thread.java:540)
	at org.graphiks.kanvas.skia.SkiaGmScannerKt.main$lambda$2(SkiaGmScanner.kt:134)
	at java.base/java.lang.Thread.run(Thread.java:1474)
[FAIL] 115 colorcomposefilter_alpha (5ms) unsupported.core_primitive.coverage_sample.scalar_aa_not_promoted: ScalarAA coverage is promoted only by the exact single-sample B3.5b analytic route.
Exception in thread "Thread-118" java.lang.InterruptedException: sleep interrupted
	at java.base/java.lang.Thread.sleepNanos0(Native Method)
	at java.base/java.lang.Thread.sleepNanos(Thread.java:509)
	at java.base/java.lang.Thread.sleep(Thread.java:540)
	at org.graphiks.kanvas.skia.SkiaGmScannerKt.main$lambda$2(SkiaGmScanner.kt:134)
	at java.base/java.lang.Thread.run(Thread.java:1474)
[FAIL] 116 colorcomposefilter_wacky (4ms) unsupported.core_primitive.coverage_sample.scalar_aa_not_promoted: ScalarAA coverage is promoted only by the exact single-sample B3.5b analytic route.
Exception in thread "Thread-119" java.lang.InterruptedException: sleep interrupted
	at java.base/java.lang.Thread.sleepNanos0(Native Method)
	at java.base/java.lang.Thread.sleepNanos(Thread.java:509)
	at java.base/java.lang.Thread.sleep(Thread.java:540)
	at org.graphiks.kanvas.skia.SkiaGmScannerKt.main$lambda$2(SkiaGmScanner.kt:134)
	at java.base/java.lang.Thread.run(Thread.java:1474)
[FAIL] 117 compare_atlas_vertices (19ms) unsupported.image.alpha_interpretation: Prepared Surface operation could not be lowered.
Exception in thread "Thread-120" java.lang.InterruptedException: sleep interrupted
	at java.base/java.lang.Thread.sleepNanos0(Native Method)
	at java.base/java.lang.Thread.sleepNanos(Thread.java:509)
	at java.base/java.lang.Thread.sleep(Thread.java:540)
	at org.graphiks.kanvas.skia.SkiaGmScannerKt.main$lambda$2(SkiaGmScanner.kt:134)
	at java.base/java.lang.Thread.run(Thread.java:1474)
[FAIL] 118 composeshader_alpha (4ms) unsupported.material.source_unimplemented: unsupported.material.source_unimplemented
Exception in thread "Thread-121" java.lang.InterruptedException: sleep interrupted
	at java.base/java.lang.Thread.sleepNanos0(Native Method)
	at java.base/java.lang.Thread.sleepNanos(Thread.java:509)
	at java.base/java.lang.Thread.sleep(Thread.java:540)
	at org.graphiks.kanvas.skia.SkiaGmScannerKt.main$lambda$2(SkiaGmScanner.kt:134)
	at java.base/java.lang.Thread.run(Thread.java:1474)
[FAIL] 119 composeshader_bitmap (1ms) unsupported.material.source_unimplemented: unsupported.material.source_unimplemented
Exception in thread "Thread-122" java.lang.InterruptedException: sleep interrupted
	at java.base/java.lang.Thread.sleepNanos0(Native Method)
	at java.base/java.lang.Thread.sleepNanos(Thread.java:509)
	at java.base/java.lang.Thread.sleep(Thread.java:540)
	at org.graphiks.kanvas.skia.SkiaGmScannerKt.main$lambda$2(SkiaGmScanner.kt:134)
	at java.base/java.lang.Thread.run(Thread.java:1474)
[FAIL] 120 composeshader_bitmap_lm (0ms) unsupported.material.source_unimplemented: unsupported.material.source_unimplemented
Exception in thread "Thread-123" java.lang.InterruptedException: sleep interrupted
	at java.base/java.lang.Thread.sleepNanos0(Native Method)
	at java.base/java.lang.Thread.sleepNanos(Thread.java:509)
	at java.base/java.lang.Thread.sleep(Thread.java:540)
	at org.graphiks.kanvas.skia.SkiaGmScannerKt.main$lambda$2(SkiaGmScanner.kt:134)
	at java.base/java.lang.Thread.run(Thread.java:1474)
[FAIL] 121 composeshader (0ms) unsupported.material.source_unimplemented: unsupported.material.source_unimplemented
Exception in thread "Thread-124" java.lang.InterruptedException: sleep interrupted
	at java.base/java.lang.Thread.sleepNanos0(Native Method)
	at java.base/java.lang.Thread.sleepNanos(Thread.java:509)
	at java.base/java.lang.Thread.sleep(Thread.java:540)
	at org.graphiks.kanvas.skia.SkiaGmScannerKt.main$lambda$2(SkiaGmScanner.kt:134)
	at java.base/java.lang.Thread.run(Thread.java:1474)
Exception in thread "Thread-125" java.lang.InterruptedException: sleep interrupted
	at java.base/java.lang.Thread.sleepNanos0(Native Method)
	at java.base/java.lang.Thread.sleepNanos(Thread.java:509)
	at java.base/java.lang.Thread.sleep(Thread.java:540)
	at org.graphiks.kanvas.skia.SkiaGmScannerKt.main$lambda$2(SkiaGmScanner.kt:134)
	at java.base/java.lang.Thread.run(Thread.java:1474)
[FAIL] 122 composeshader_grid (0ms) unsupported.composite.paint: Prepared Surface composite could not be lowered.
[FAIL] 123 composeCFIF (0ms) unsupported.core_primitive.coverage_sample.scalar_aa_not_promoted: ScalarAA coverage is promoted only by the exact single-sample B3.5b analytic route.
Exception in thread "Thread-126" java.lang.InterruptedException: sleep interrupted
	at java.base/java.lang.Thread.sleepNanos0(Native Method)
	at java.base/java.lang.Thread.sleepNanos(Thread.java:509)
	at java.base/java.lang.Thread.sleep(Thread.java:540)
	at org.graphiks.kanvas.skia.SkiaGmScannerKt.main$lambda$2(SkiaGmScanner.kt:134)
	at java.base/java.lang.Thread.run(Thread.java:1474)
Exception in thread "Thread-127" [FAIL] 124 compositor_quads_color (114ms) unsupported.geometry.path_key_nondeterministic: unsupported.geometry.path_key_nondeterministic
java.lang.InterruptedException: sleep interrupted
	at java.base/java.lang.Thread.sleepNanos0(Native Method)
	at java.base/java.lang.Thread.sleepNanos(Thread.java:509)
	at java.base/java.lang.Thread.sleep(Thread.java:540)
	at org.graphiks.kanvas.skia.SkiaGmScannerKt.main$lambda$2(SkiaGmScanner.kt:134)
	at java.base/java.lang.Thread.run(Thread.java:1474)
[FAIL] 125 crbug_1162942 (1ms) unsupported.core_primitive.geometry.invalid: Core primitive geometry cannot be lowered exactly by the current canonical route.
Exception in thread "Thread-128" java.lang.InterruptedException: sleep interrupted
	at java.base/java.lang.Thread.sleepNanos0(Native Method)
	at java.base/java.lang.Thread.sleepNanos(Thread.java:509)
	at java.base/java.lang.Thread.sleep(Thread.java:540)
	at org.graphiks.kanvas.skia.SkiaGmScannerKt.main$lambda$2(SkiaGmScanner.kt:134)
	at java.base/java.lang.Thread.run(Thread.java:1474)
[DONE] 126 crbug_1167277 (18ms)
Exception in thread "Thread-129" java.lang.InterruptedException: sleep interrupted
	at java.base/java.lang.Thread.sleepNanos0(Native Method)
	at java.base/java.lang.Thread.sleepNanos(Thread.java:509)
	at java.base/java.lang.Thread.sleep(Thread.java:540)
	at org.graphiks.kanvas.skia.SkiaGmScannerKt.main$lambda$2(SkiaGmScanner.kt:134)
	at java.base/java.lang.Thread.run(Thread.java:1474)
[DONE] 127 crbug_1174186 (80ms)
Exception in thread "Thread-130" java.lang.InterruptedException: sleep interrupted
	at java.base/java.lang.Thread.sleepNanos0(Native Method)
	at java.base/java.lang.Thread.sleepNanos(Thread.java:509)
	at java.base/java.lang.Thread.sleep(Thread.java:540)
	at org.graphiks.kanvas.skia.SkiaGmScannerKt.main$lambda$2(SkiaGmScanner.kt:134)
	at java.base/java.lang.Thread.run(Thread.java:1474)
[FAIL] 128 crbug_1177833 (3ms) unsupported.core_primitive.coverage_sample.scalar_aa_not_promoted: ScalarAA coverage is promoted only by the exact single-sample B3.5b analytic route.
Exception in thread "Thread-131" java.lang.InterruptedException: sleep interrupted
	at java.base/java.lang.Thread.sleepNanos0(Native Method)
	at java.base/java.lang.Thread.sleepNanos(Thread.java:509)
	at java.base/java.lang.Thread.sleep(Thread.java:540)
	at org.graphiks.kanvas.skia.SkiaGmScannerKt.main$lambda$2(SkiaGmScanner.kt:134)
	at java.base/java.lang.Thread.run(Thread.java:1474)
[FAIL] 129 crbug_918512 (0ms) unsupported.composite.paint: Prepared Surface composite could not be lowered.
Exception in thread "Thread-132" java.lang.InterruptedException: sleep interrupted
	at java.base/java.lang.Thread.sleepNanos0(Native Method)
	at java.base/java.lang.Thread.sleepNanos(Thread.java:509)
	at java.base/java.lang.Thread.sleep(Thread.java:540)
	at org.graphiks.kanvas.skia.SkiaGmScannerKt.main$lambda$2(SkiaGmScanner.kt:134)
	at java.base/java.lang.Thread.run(Thread.java:1474)
[FAIL] 130 destcolor (2ms) unsupported.core_primitive.stencil_edge_fan_budget: Core primitive geometry cannot be lowered exactly by the current canonical route.
Exception in thread "Thread-133" java.lang.InterruptedException: sleep interrupted
	at java.base/java.lang.Thread.sleepNanos0(Native Method)
	at java.base/java.lang.Thread.sleepNanos(Thread.java:509)
	at java.base/java.lang.Thread.sleep(Thread.java:540)
	at org.graphiks.kanvas.skia.SkiaGmScannerKt.main$lambda$2(SkiaGmScanner.kt:134)
	at java.base/java.lang.Thread.run(Thread.java:1474)
Exception in thread "Thread-134" java.lang.InterruptedException: sleep interrupted
[FAIL] 131 discard (1685ms) invalid.prepared-surface.run-plan: The sealed mixed run plan is internally inconsistent.
	at java.base/java.lang.Thread.sleepNanos0(Native Method)
	at java.base/java.lang.Thread.sleepNanos(Thread.java:509)
	at java.base/java.lang.Thread.sleep(Thread.java:540)
	at org.graphiks.kanvas.skia.SkiaGmScannerKt.main$lambda$2(SkiaGmScanner.kt:134)
	at java.base/java.lang.Thread.run(Thread.java:1474)
Exception in thread "Thread-135" java.lang.InterruptedException: sleep interrupted
[FAIL] 132 displacement (69ms) unsupported.image.native_binding: Prepared Surface operation could not be lowered.
	at java.base/java.lang.Thread.sleepNanos0(Native Method)
	at java.base/java.lang.Thread.sleepNanos(Thread.java:509)
	at java.base/java.lang.Thread.sleep(Thread.java:540)
	at org.graphiks.kanvas.skia.SkiaGmScannerKt.main$lambda$2(SkiaGmScanner.kt:134)
	at java.base/java.lang.Thread.run(Thread.java:1474)
[FAIL] 133 draw-atlas-colors (445ms) unsupported.image.atlas.source_blend: Prepared Surface operation could not be lowered.
Exception in thread "Thread-136" java.lang.InterruptedException: sleep interrupted
	at java.base/java.lang.Thread.sleepNanos0(Native Method)
	at java.base/java.lang.Thread.sleepNanos(Thread.java:509)
	at java.base/java.lang.Thread.sleep(Thread.java:540)
	at org.graphiks.kanvas.skia.SkiaGmScannerKt.main$lambda$2(SkiaGmScanner.kt:134)
	at java.base/java.lang.Thread.run(Thread.java:1474)
[FAIL] 134 draw-atlas (1ms) unsupported.image.alpha_interpretation: Prepared Surface operation could not be lowered.
Exception in thread "Thread-137" java.lang.InterruptedException: sleep interrupted
	at java.base/java.lang.Thread.sleepNanos0(Native Method)
	at java.base/java.lang.Thread.sleepNanos(Thread.java:509)
	at java.base/java.lang.Thread.sleep(Thread.java:540)
	at org.graphiks.kanvas.skia.SkiaGmScannerKt.main$lambda$2(SkiaGmScanner.kt:134)
	at java.base/java.lang.Thread.run(Thread.java:1474)
[FAIL] 135 draw_image_set_alpha_only (2ms) unsupported.image.alpha_interpretation: Prepared Surface operation could not be lowered.
Exception in thread "Thread-138" java.lang.InterruptedException: sleep interrupted
	at java.base/java.lang.Thread.sleepNanos0(Native Method)
	at java.base/java.lang.Thread.sleepNanos(Thread.java:509)
	at java.base/java.lang.Thread.sleep(Thread.java:540)
	at org.graphiks.kanvas.skia.SkiaGmScannerKt.main$lambda$2(SkiaGmScanner.kt:134)
	at java.base/java.lang.Thread.run(Thread.java:1474)
Exception in thread "Thread-139" java.lang.InterruptedException: sleep interrupted
[FAIL] 136 draw_image_set (4ms) unsupported.image.alpha_interpretation: Prepared Surface operation could not be lowered.
	at java.base/java.lang.Thread.sleepNanos0(Native Method)
	at java.base/java.lang.Thread.sleepNanos(Thread.java:509)
	at java.base/java.lang.Thread.sleep(Thread.java:540)
	at org.graphiks.kanvas.skia.SkiaGmScannerKt.main$lambda$2(SkiaGmScanner.kt:134)
	at java.base/java.lang.Thread.run(Thread.java:1474)
Exception in thread "Thread-140" java.lang.InterruptedException: sleep interrupted
	at java.base/java.lang.Thread.sleepNanos0(Native Method)
	at java.base/java.lang.Thread.sleepNanos(Thread.java:509)
	at java.base/java.lang.Thread.sleep(Thread.java:540)
	at org.graphiks.kanvas.skia.SkiaGmScannerKt.main$lambda$2(SkiaGmScanner.kt:134)
	at java.base/java.lang.Thread.run(Thread.java:1474)
[FAIL] 137 draw_image_set_rect_to_rect (2ms) unsupported.image.alpha_interpretation: Prepared Surface operation could not be lowered.
[FAIL] 138 draw_quad_set (166ms) unsupported.geometry.path_key_nondeterministic: unsupported.geometry.path_key_nondeterministic
Exception in thread "Thread-141" java.lang.InterruptedException: sleep interrupted
	at java.base/java.lang.Thread.sleepNanos0(Native Method)
	at java.base/java.lang.Thread.sleepNanos(Thread.java:509)
	at java.base/java.lang.Thread.sleep(Thread.java:540)
	at org.graphiks.kanvas.skia.SkiaGmScannerKt.main$lambda$2(SkiaGmScanner.kt:134)
	at java.base/java.lang.Thread.run(Thread.java:1474)
[FAIL] 139 dropshadow_pseudopersp (0ms) unsupported.composite.paint: Prepared Surface composite could not be lowered.
Exception in thread "Thread-142" java.lang.InterruptedException: sleep interrupted
	at java.base/java.lang.Thread.sleepNanos0(Native Method)
	at java.base/java.lang.Thread.sleepNanos(Thread.java:509)
	at java.base/java.lang.Thread.sleep(Thread.java:540)
	at org.graphiks.kanvas.skia.SkiaGmScannerKt.main$lambda$2(SkiaGmScanner.kt:134)
	at java.base/java.lang.Thread.run(Thread.java:1474)
[FAIL] 140 dstreadshuffle (8ms) unsupported.geometry.path_key_nondeterministic: unsupported.geometry.path_key_nondeterministic
Exception in thread "Thread-143" java.lang.InterruptedException: sleep interrupted
	at java.base/java.lang.Thread.sleepNanos0(Native Method)
	at java.base/java.lang.Thread.sleepNanos(Thread.java:509)
	at java.base/java.lang.Thread.sleep(Thread.java:540)
	at org.graphiks.kanvas.skia.SkiaGmScannerKt.main$lambda$2(SkiaGmScanner.kt:134)
	at java.base/java.lang.Thread.run(Thread.java:1474)
Exception in thread "Thread-144" [DONE] 141 ducky_yuv_blend (24ms)
java.lang.InterruptedException: sleep interrupted
	at java.base/java.lang.Thread.sleepNanos0(Native Method)
	at java.base/java.lang.Thread.sleepNanos(Thread.java:509)
	at java.base/java.lang.Thread.sleep(Thread.java:540)
	at org.graphiks.kanvas.skia.SkiaGmScannerKt.main$lambda$2(SkiaGmScanner.kt:134)
	at java.base/java.lang.Thread.run(Thread.java:1474)
[FAIL] 142 encode (327ms) unsupported.image.alpha_interpretation: Prepared Surface operation could not be lowered.
Exception in thread "Thread-145" java.lang.InterruptedException: sleep interrupted
	at java.base/java.lang.Thread.sleepNanos0(Native Method)
	at java.base/java.lang.Thread.sleepNanos(Thread.java:509)
	at java.base/java.lang.Thread.sleep(Thread.java:540)
	at org.graphiks.kanvas.skia.SkiaGmScannerKt.main$lambda$2(SkiaGmScanner.kt:134)
	at java.base/java.lang.Thread.run(Thread.java:1474)
[DONE] 143 fadefilter (9ms)
Exception in thread "Thread-146" java.lang.InterruptedException: sleep interrupted
	at java.base/java.lang.Thread.sleepNanos0(Native Method)
	at java.base/java.lang.Thread.sleepNanos(Thread.java:509)
	at java.base/java.lang.Thread.sleep(Thread.java:540)
	at org.graphiks.kanvas.skia.SkiaGmScannerKt.main$lambda$2(SkiaGmScanner.kt:134)
	at java.base/java.lang.Thread.run(Thread.java:1474)
[FAIL] 144 filterfastbounds (0ms) unsupported.composite.paint: Prepared Surface composite could not be lowered.
Exception in thread "Thread-147" java.lang.InterruptedException: sleep interrupted
	at java.base/java.lang.Thread.sleepNanos0(Native Method)
	at java.base/java.lang.Thread.sleepNanos(Thread.java:509)
	at java.base/java.lang.Thread.sleep(Thread.java:540)
	at org.graphiks.kanvas.skia.SkiaGmScannerKt.main$lambda$2(SkiaGmScanner.kt:134)
	at java.base/java.lang.Thread.run(Thread.java:1474)
[FAIL] 145 hslcolorfilter (1ms) unsupported.material.source_unimplemented: unsupported.material.source_unimplemented
Exception in thread "Thread-148" java.lang.InterruptedException: sleep interrupted
	at java.base/java.lang.Thread.sleepNanos0(Native Method)
	at java.base/java.lang.Thread.sleepNanos(Thread.java:509)
	at java.base/java.lang.Thread.sleep(Thread.java:540)
	at org.graphiks.kanvas.skia.SkiaGmScannerKt.main$lambda$2(SkiaGmScanner.kt:134)
	at java.base/java.lang.Thread.run(Thread.java:1474)
[FAIL] 146 hairmodes (41ms) unsupported.geometry.path_key_nondeterministic: unsupported.geometry.path_key_nondeterministic
Exception in thread "Thread-149" java.lang.InterruptedException: sleep interrupted
	at java.base/java.lang.Thread.sleepNanos0(Native Method)
	at java.base/java.lang.Thread.sleepNanos(Thread.java:509)
	at java.base/java.lang.Thread.sleep(Thread.java:540)
	at org.graphiks.kanvas.skia.SkiaGmScannerKt.main$lambda$2(SkiaGmScanner.kt:134)
	at java.base/java.lang.Thread.run(Thread.java:1474)
[FAIL] 147 highcontrastfilter (7ms) unsupported.composite.paint: Prepared Surface composite could not be lowered.
Exception in thread "Thread-150" java.lang.InterruptedException: sleep interrupted
	at java.base/java.lang.Thread.sleepNanos0(Native Method)
	at java.base/java.lang.Thread.sleepNanos(Thread.java:509)
	at java.base/java.lang.Thread.sleep(Thread.java:540)
	at org.graphiks.kanvas.skia.SkiaGmScannerKt.main$lambda$2(SkiaGmScanner.kt:134)
	at java.base/java.lang.Thread.run(Thread.java:1474)
[FAIL] 148 hsl (132ms) unsupported.core_primitive.stencil_edge_fan_budget: Core primitive geometry cannot be lowered exactly by the current canonical route.
Exception in thread "Thread-151" java.lang.InterruptedException: sleep interrupted
	at java.base/java.lang.Thread.sleepNanos0(Native Method)
	at java.base/java.lang.Thread.sleepNanos(Thread.java:509)
	at java.base/java.lang.Thread.sleep(Thread.java:540)
	at org.graphiks.kanvas.skia.SkiaGmScannerKt.main$lambda$2(SkiaGmScanner.kt:134)
	at java.base/java.lang.Thread.run(Thread.java:1474)
[DONE] 149 HSL_duck (16ms)
Exception in thread "Thread-152" java.lang.InterruptedException: sleep interrupted
	at java.base/java.lang.Thread.sleepNanos0(Native Method)
	at java.base/java.lang.Thread.sleepNanos(Thread.java:509)
	at java.base/java.lang.Thread.sleep(Thread.java:540)
	at org.graphiks.kanvas.skia.SkiaGmScannerKt.main$lambda$2(SkiaGmScanner.kt:134)
	at java.base/java.lang.Thread.run(Thread.java:1474)
[DONE] 150 imagefilter_composed_transform (21ms)
Exception in thread "Thread-153" java.lang.InterruptedException: sleep interrupted
	at java.base/java.lang.Thread.sleepNanos0(Native Method)
	at java.base/java.lang.Thread.sleepNanos(Thread.java:509)
	at java.base/java.lang.Thread.sleep(Thread.java:540)
	at org.graphiks.kanvas.skia.SkiaGmScannerKt.main$lambda$2(SkiaGmScanner.kt:134)
	at java.base/java.lang.Thread.run(Thread.java:1474)
[DONE] 151 imagefilter_convolve_subset (7ms)
Exception in thread "Thread-154" java.lang.InterruptedException: sleep interrupted
	at java.base/java.lang.Thread.sleepNanos0(Native Method)
	at java.base/java.lang.Thread.sleepNanos(Thread.java:509)
	at java.base/java.lang.Thread.sleep(Thread.java:540)
	at org.graphiks.kanvas.skia.SkiaGmScannerKt.main$lambda$2(SkiaGmScanner.kt:134)
	at java.base/java.lang.Thread.run(Thread.java:1474)
Exception in thread "Thread-155" java.lang.InterruptedException: sleep interrupted
[FAIL] 152 imagefiltersbase (2ms) unsupported.core_primitive.stencil_edge_fan_budget: Core primitive geometry cannot be lowered exactly by the current canonical route.
	at java.base/java.lang.Thread.sleepNanos0(Native Method)
	at java.base/java.lang.Thread.sleepNanos(Thread.java:509)
	at java.base/java.lang.Thread.sleep(Thread.java:540)
	at org.graphiks.kanvas.skia.SkiaGmScannerKt.main$lambda$2(SkiaGmScanner.kt:134)
	at java.base/java.lang.Thread.run(Thread.java:1474)
[FAIL] 153 imagefiltersclipped (1ms) unsupported.core_primitive.stencil_edge_fan_budget: Core primitive geometry cannot be lowered exactly by the current canonical route.
Exception in thread "Thread-156" java.lang.InterruptedException: sleep interrupted
	at java.base/java.lang.Thread.sleepNanos0(Native Method)
	at java.base/java.lang.Thread.sleepNanos(Thread.java:509)
	at java.base/java.lang.Thread.sleep(Thread.java:540)
	at org.graphiks.kanvas.skia.SkiaGmScannerKt.main$lambda$2(SkiaGmScanner.kt:134)
	at java.base/java.lang.Thread.run(Thread.java:1474)
[FAIL] 154 imagefilterscropped (28ms) unsupported.core_primitive.geometry.invalid: Core primitive geometry cannot be lowered exactly by the current canonical route.
Exception in thread "Thread-157" java.lang.InterruptedException: sleep interrupted
	at java.base/java.lang.Thread.sleepNanos0(Native Method)
	at java.base/java.lang.Thread.sleepNanos(Thread.java:509)
	at java.base/java.lang.Thread.sleep(Thread.java:540)
	at org.graphiks.kanvas.skia.SkiaGmScannerKt.main$lambda$2(SkiaGmScanner.kt:134)
	at java.base/java.lang.Thread.run(Thread.java:1474)
[DONE] 155 imagefilters_effect_order (10ms)
Exception in thread "Thread-158" java.lang.InterruptedException: sleep interrupted
	at java.base/java.lang.Thread.sleepNanos0(Native Method)
	at java.base/java.lang.Thread.sleepNanos(Thread.java:509)
	at java.base/java.lang.Thread.sleep(Thread.java:540)
	at org.graphiks.kanvas.skia.SkiaGmScannerKt.main$lambda$2(SkiaGmScanner.kt:134)
	at java.base/java.lang.Thread.run(Thread.java:1474)
[FAIL] 156 imagefiltersstroked (0ms) unsupported.geometry.path_key_nondeterministic: unsupported.geometry.path_key_nondeterministic
Exception in thread "Thread-159" java.lang.InterruptedException: sleep interrupted
	at java.base/java.lang.Thread.sleepNanos0(Native Method)
	at java.base/java.lang.Thread.sleepNanos(Thread.java:509)
	at java.base/java.lang.Thread.sleep(Thread.java:540)
	at org.graphiks.kanvas.skia.SkiaGmScannerKt.main$lambda$2(SkiaGmScanner.kt:134)
	at java.base/java.lang.Thread.run(Thread.java:1474)
[DONE] 157 imagefilter_matrix_localmatrix (9ms)
Exception in thread "Thread-160" java.lang.InterruptedException: sleep interrupted
	at java.base/java.lang.Thread.sleepNanos0(Native Method)
	at java.base/java.lang.Thread.sleepNanos(Thread.java:509)
	at java.base/java.lang.Thread.sleep(Thread.java:540)
	at org.graphiks.kanvas.skia.SkiaGmScannerKt.main$lambda$2(SkiaGmScanner.kt:134)
	at java.base/java.lang.Thread.run(Thread.java:1474)
[FAIL] 158 imagefilterstransformed (1ms) unsupported.core_primitive.stencil_edge_fan_budget: Core primitive geometry cannot be lowered exactly by the current canonical route.
Exception in thread "Thread-161" java.lang.InterruptedException: sleep interrupted
	at java.base/java.lang.Thread.sleepNanos0(Native Method)
	at java.base/java.lang.Thread.sleepNanos(Thread.java:509)
	at java.base/java.lang.Thread.sleep(Thread.java:540)
	at org.graphiks.kanvas.skia.SkiaGmScannerKt.main$lambda$2(SkiaGmScanner.kt:134)
	at java.base/java.lang.Thread.run(Thread.java:1474)
[FAIL] 159 imagefiltersunpremul (0ms) unsupported.image.alpha_interpretation: Prepared Surface operation could not be lowered.
Exception in thread "Thread-162" java.lang.InterruptedException: sleep interrupted
	at java.base/java.lang.Thread.sleepNanos0(Native Method)
	at java.base/java.lang.Thread.sleepNanos(Thread.java:509)
	at java.base/java.lang.Thread.sleep(Thread.java:540)
	at org.graphiks.kanvas.skia.SkiaGmScannerKt.main$lambda$2(SkiaGmScanner.kt:134)
	at java.base/java.lang.Thread.run(Thread.java:1474)
[FAIL] 160 imagefilters_xfermodes (1ms) unsupported.composite.paint: Prepared Surface composite could not be lowered.
Exception in thread "Thread-163" java.lang.InterruptedException: sleep interrupted
	at java.base/java.lang.Thread.sleepNanos0(Native Method)
	at java.base/java.lang.Thread.sleepNanos(Thread.java:509)
	at java.base/java.lang.Thread.sleep(Thread.java:540)
	at org.graphiks.kanvas.skia.SkiaGmScannerKt.main$lambda$2(SkiaGmScanner.kt:134)
	at java.base/java.lang.Thread.run(Thread.java:1474)
[FAIL] 161 internal_links (52ms) unsupported.core_primitive.coverage_sample.scalar_aa_not_promoted: ScalarAA coverage is promoted only by the exact single-sample B3.5b analytic route.
Exception in thread "Thread-164" java.lang.InterruptedException: sleep interrupted
	at java.base/java.lang.Thread.sleepNanos0(Native Method)
	at java.base/java.lang.Thread.sleepNanos(Thread.java:509)
	at java.base/java.lang.Thread.sleep(Thread.java:540)
	at org.graphiks.kanvas.skia.SkiaGmScannerKt.main$lambda$2(SkiaGmScanner.kt:134)
	at java.base/java.lang.Thread.run(Thread.java:1474)
[FAIL] 162 lcdblendmodes (1956ms) invalid.preflight.text.blend: Prepared Surface operation could not be lowered.
Exception in thread "Thread-165" java.lang.InterruptedException: sleep interrupted
	at java.base/java.lang.Thread.sleepNanos0(Native Method)
	at java.base/java.lang.Thread.sleepNanos(Thread.java:509)
	at java.base/java.lang.Thread.sleep(Thread.java:540)
	at org.graphiks.kanvas.skia.SkiaGmScannerKt.main$lambda$2(SkiaGmScanner.kt:134)
	at java.base/java.lang.Thread.run(Thread.java:1474)
[FAIL] 163 lighting (16ms) unsupported.image.native_binding: Prepared Surface operation could not be lowered.
Exception in thread "Thread-166" java.lang.InterruptedException: sleep interrupted
	at java.base/java.lang.Thread.sleepNanos0(Native Method)
	at java.base/java.lang.Thread.sleepNanos(Thread.java:509)
	at java.base/java.lang.Thread.sleep(Thread.java:540)
	at org.graphiks.kanvas.skia.SkiaGmScannerKt.main$lambda$2(SkiaGmScanner.kt:134)
	at java.base/java.lang.Thread.run(Thread.java:1474)
[FAIL] 164 localmatriximagefilter (1ms) unsupported.core_primitive.stencil_edge_fan_budget: Core primitive geometry cannot be lowered exactly by the current canonical route.
Exception in thread "Thread-167" java.lang.InterruptedException: sleep interrupted
	at java.base/java.lang.Thread.sleepNanos0(Native Method)
	at java.base/java.lang.Thread.sleepNanos(Thread.java:509)
	at java.base/java.lang.Thread.sleep(Thread.java:540)
	at org.graphiks.kanvas.skia.SkiaGmScannerKt.main$lambda$2(SkiaGmScanner.kt:134)
	at java.base/java.lang.Thread.run(Thread.java:1474)
[FAIL] 165 luminosity_overflow (1ms) unsupported.core_primitive.coverage_sample.scalar_aa_not_promoted: ScalarAA coverage is promoted only by the exact single-sample B3.5b analytic route.
Exception in thread "Thread-168" java.lang.InterruptedException: sleep interrupted
	at java.base/java.lang.Thread.sleepNanos0(Native Method)
	at java.base/java.lang.Thread.sleepNanos(Thread.java:509)
	at java.base/java.lang.Thread.sleep(Thread.java:540)
	at org.graphiks.kanvas.skia.SkiaGmScannerKt.main$lambda$2(SkiaGmScanner.kt:134)
	at java.base/java.lang.Thread.run(Thread.java:1474)
[DONE] 166 matriximagefilter (23ms)
Exception in thread "Thread-169" java.lang.InterruptedException: sleep interrupted
	at java.base/java.lang.Thread.sleepNanos0(Native Method)
	at java.base/java.lang.Thread.sleepNanos(Thread.java:509)
	at java.base/java.lang.Thread.sleep(Thread.java:540)
	at org.graphiks.kanvas.skia.SkiaGmScannerKt.main$lambda$2(SkiaGmScanner.kt:134)
	at java.base/java.lang.Thread.run(Thread.java:1474)
[FAIL] 167 mixerCF (0ms) unsupported.material.source_unimplemented: unsupported.material.source_unimplemented
Exception in thread "Thread-170" java.lang.InterruptedException: sleep interrupted
	at java.base/java.lang.Thread.sleepNanos0(Native Method)
	at java.base/java.lang.Thread.sleepNanos(Thread.java:509)
	at java.base/java.lang.Thread.sleep(Thread.java:540)
	at org.graphiks.kanvas.skia.SkiaGmScannerKt.main$lambda$2(SkiaGmScanner.kt:134)
	at java.base/java.lang.Thread.run(Thread.java:1474)
Exception in thread "Thread-171" java.lang.InterruptedException: sleep interrupted
	at java.base/java.lang.Thread.sleepNanos0(Native Method)
	at java.base/java.lang.Thread.sleepNanos(Thread.java:509)
	at java.base/java.lang.Thread.sleep(Thread.java:540)
	at org.graphiks.kanvas.skia.SkiaGmScannerKt.main$lambda$2(SkiaGmScanner.kt:134)
	at java.base/java.lang.Thread.run(Thread.java:1474)
[DONE] 168 modecolorfilters (7378ms) diags=1190
  route:destination-read:DrawRect:2: gpu-copy-then-formula
  route:destination-read:DrawRect:4: gpu-copy-then-formula
  route:destination-read:DrawRect:6: gpu-copy-then-formula
  route:destination-read:DrawRect:8: gpu-copy-then-formula
  route:destination-read:DrawRect:10: gpu-copy-then-formula
  route:destination-read:DrawRect:12: gpu-copy-then-formula
  route:destination-read:DrawRect:14: gpu-copy-then-formula
  route:destination-read:DrawRect:16: gpu-copy-then-formula
  route:destination-read:DrawRect:18: gpu-copy-then-formula
  route:destination-read:DrawRect:20: gpu-copy-then-formula
  route:destination-read:DrawRect:22: gpu-copy-then-formula
  route:destination-read:DrawRect:24: gpu-copy-then-formula
  route:destination-read:DrawRect:26: gpu-copy-then-formula
  route:destination-read:DrawRect:28: gpu-copy-then-formula
  route:destination-read:DrawRect:30: gpu-copy-then-formula
  route:destination-read:DrawRect:32: gpu-copy-then-formula
  route:destination-read:DrawRect:34: gpu-copy-then-formula
  route:destination-read:DrawRect:36: gpu-copy-then-formula
  route:destination-read:DrawRect:38: gpu-copy-then-formula
  route:destination-read:DrawRect:40: gpu-copy-then-formula
  route:destination-read:DrawRect:42: gpu-copy-then-formula
  route:destination-read:DrawRect:44: gpu-copy-then-formula
  route:destination-read:DrawRect:46: gpu-copy-then-formula
  route:destination-read:DrawRect:48: gpu-copy-then-formula
  route:destination-read:DrawRect:50: gpu-copy-then-formula
  route:destination-read:DrawRect:52: gpu-copy-then-formula
  route:destination-read:DrawRect:54: gpu-copy-then-formula
  route:destination-read:DrawRect:56: gpu-copy-then-formula
  route:destination-read:DrawRect:58: gpu-copy-then-formula
  route:destination-read:DrawRect:60: gpu-copy-then-formula
  route:destination-read:DrawRect:62: gpu-copy-then-formula
  route:destination-read:DrawRect:64: gpu-copy-then-formula
  route:destination-read:DrawRect:66: gpu-copy-then-formula
  route:destination-read:DrawRect:68: gpu-copy-then-formula
  route:destination-read:DrawRect:70: gpu-copy-then-formula
  route:destination-read:DrawRect:72: gpu-copy-then-formula
  route:destination-read:DrawRect:74: gpu-copy-then-formula
  route:destination-read:DrawRect:76: gpu-copy-then-formula
  route:destination-read:DrawRect:78: gpu-copy-then-formula
  route:destination-read:DrawRect:80: gpu-copy-then-formula
  route:destination-read:DrawRect:82: gpu-copy-then-formula
  route:destination-read:DrawRect:84: gpu-copy-then-formula
  route:destination-read:DrawRect:86: gpu-copy-then-formula
  route:destination-read:DrawRect:88: gpu-copy-then-formula
  route:destination-read:DrawRect:90: gpu-copy-then-formula
  route:destination-read:DrawRect:92: gpu-copy-then-formula
  route:destination-read:DrawRect:94: gpu-copy-then-formula
  route:destination-read:DrawRect:96: gpu-copy-then-formula
  route:destination-read:DrawRect:98: gpu-copy-then-formula
  route:destination-read:DrawRect:100: gpu-copy-then-formula
  route:destination-read:DrawRect:102: gpu-copy-then-formula
  route:destination-read:DrawRect:104: gpu-copy-then-formula
  route:destination-read:DrawRect:106: gpu-copy-then-formula
  route:destination-read:DrawRect:108: gpu-copy-then-formula
  route:destination-read:DrawRect:110: gpu-copy-then-formula
  route:destination-read:DrawRect:112: gpu-copy-then-formula
  route:destination-read:DrawRect:114: gpu-copy-then-formula
  route:destination-read:DrawRect:116: gpu-copy-then-formula
  route:destination-read:DrawRect:118: gpu-copy-then-formula
  route:destination-read:DrawRect:120: gpu-copy-then-formula
  route:destination-read:DrawRect:122: gpu-copy-then-formula
  route:destination-read:DrawRect:124: gpu-copy-then-formula
  route:destination-read:DrawRect:126: gpu-copy-then-formula
  route:destination-read:DrawRect:128: gpu-copy-then-formula
  route:destination-read:DrawRect:130: gpu-copy-then-formula
  route:destination-read:DrawRect:132: gpu-copy-then-formula
  route:destination-read:DrawRect:134: gpu-copy-then-formula
  route:destination-read:DrawRect:136: gpu-copy-then-formula
  route:destination-read:DrawRect:138: gpu-copy-then-formula
  route:destination-read:DrawRect:140: gpu-copy-then-formula
  route:destination-read:DrawRect:142: gpu-copy-then-formula
  route:destination-read:DrawRect:144: gpu-copy-then-formula
  route:destination-read:DrawRect:146: gpu-copy-then-formula
  route:destination-read:DrawRect:148: gpu-copy-then-formula
  route:destination-read:DrawRect:150: gpu-copy-then-formula
  route:destination-read:DrawRect:152: gpu-copy-then-formula
  route:destination-read:DrawRect:154: gpu-copy-then-formula
  route:destination-read:DrawRect:156: gpu-copy-then-formula
  route:destination-read:DrawRect:158: gpu-copy-then-formula
  route:destination-read:DrawRect:160: gpu-copy-then-formula
  route:destination-read:DrawRect:162: gpu-copy-then-formula
  route:destination-read:DrawRect:164: gpu-copy-then-formula
  route:destination-read:DrawRect:166: gpu-copy-then-formula
  route:destination-read:DrawRect:168: gpu-copy-then-formula
  route:destination-read:DrawRect:170: gpu-copy-then-formula
  route:destination-read:DrawRect:172: gpu-copy-then-formula
  route:destination-read:DrawRect:174: gpu-copy-then-formula
  route:destination-read:DrawRect:176: gpu-copy-then-formula
  route:destination-read:DrawRect:178: gpu-copy-then-formula
  route:destination-read:DrawRect:180: gpu-copy-then-formula
  route:destination-read:DrawRect:182: gpu-copy-then-formula
  route:destination-read:DrawRect:184: gpu-copy-then-formula
  route:destination-read:DrawRect:186: gpu-copy-then-formula
  route:destination-read:DrawRect:188: gpu-copy-then-formula
  route:destination-read:DrawRect:190: gpu-copy-then-formula
  route:destination-read:DrawRect:192: gpu-copy-then-formula
  route:destination-read:DrawRect:194: gpu-copy-then-formula
  route:destination-read:DrawRect:196: gpu-copy-then-formula
  route:destination-read:DrawRect:198: gpu-copy-then-formula
  route:destination-read:DrawRect:200: gpu-copy-then-formula
  route:destination-read:DrawRect:202: gpu-copy-then-formula
  route:destination-read:DrawRect:204: gpu-copy-then-formula
  route:destination-read:DrawRect:206: gpu-copy-then-formula
  route:destination-read:DrawRect:208: gpu-copy-then-formula
  route:destination-read:DrawRect:210: gpu-copy-then-formula
  route:destination-read:DrawRect:212: gpu-copy-then-formula
  route:destination-read:DrawRect:214: gpu-copy-then-formula
  route:destination-read:DrawRect:216: gpu-copy-then-formula
  route:destination-read:DrawRect:218: gpu-copy-then-formula
  route:destination-read:DrawRect:220: gpu-copy-then-formula
  route:destination-read:DrawRect:222: gpu-copy-then-formula
  route:destination-read:DrawRect:224: gpu-copy-then-formula
  route:destination-read:DrawRect:226: gpu-copy-then-formula
  route:destination-read:DrawRect:228: gpu-copy-then-formula
  route:destination-read:DrawRect:230: gpu-copy-then-formula
  route:destination-read:DrawRect:232: gpu-copy-then-formula
  route:destination-read:DrawRect:234: gpu-copy-then-formula
  route:destination-read:DrawRect:236: gpu-copy-then-formula
  route:destination-read:DrawRect:238: gpu-copy-then-formula
  route:destination-read:DrawRect:240: gpu-copy-then-formula
  route:destination-read:DrawRect:242: gpu-copy-then-formula
  route:destination-read:DrawRect:244: gpu-copy-then-formula
  route:destination-read:DrawRect:246: gpu-copy-then-formula
  route:destination-read:DrawRect:248: gpu-copy-then-formula
  route:destination-read:DrawRect:250: gpu-copy-then-formula
  route:destination-read:DrawRect:252: gpu-copy-then-formula
  route:destination-read:DrawRect:254: gpu-copy-then-formula
  route:destination-read:DrawRect:256: gpu-copy-then-formula
  route:destination-read:DrawRect:258: gpu-copy-then-formula
  route:destination-read:DrawRect:260: gpu-copy-then-formula
  route:destination-read:DrawRect:262: gpu-copy-then-formula
  route:destination-read:DrawRect:264: gpu-copy-then-formula
  route:destination-read:DrawRect:266: gpu-copy-then-formula
  route:destination-read:DrawRect:268: gpu-copy-then-formula
  route:destination-read:DrawRect:270: gpu-copy-then-formula
  route:destination-read:DrawRect:272: gpu-copy-then-formula
  route:destination-read:DrawRect:274: gpu-copy-then-formula
  route:destination-read:DrawRect:276: gpu-copy-then-formula
  route:destination-read:DrawRect:278: gpu-copy-then-formula
  route:destination-read:DrawRect:280: gpu-copy-then-formula
  route:destination-read:DrawRect:282: gpu-copy-then-formula
  route:destination-read:DrawRect:284: gpu-copy-then-formula
  route:destination-read:DrawRect:286: gpu-copy-then-formula
  route:destination-read:DrawRect:288: gpu-copy-then-formula
  route:destination-read:DrawRect:290: gpu-copy-then-formula
  route:destination-read:DrawRect:292: gpu-copy-then-formula
  route:destination-read:DrawRect:294: gpu-copy-then-formula
  route:destination-read:DrawRect:296: gpu-copy-then-formula
  route:destination-read:DrawRect:298: gpu-copy-then-formula
  route:destination-read:DrawRect:300: gpu-copy-then-formula
  route:destination-read:DrawRect:302: gpu-copy-then-formula
  route:destination-read:DrawRect:304: gpu-copy-then-formula
  route:destination-read:DrawRect:306: gpu-copy-then-formula
  route:destination-read:DrawRect:308: gpu-copy-then-formula
  route:destination-read:DrawRect:310: gpu-copy-then-formula
  route:destination-read:DrawRect:312: gpu-copy-then-formula
  route:destination-read:DrawRect:314: gpu-copy-then-formula
  route:destination-read:DrawRect:316: gpu-copy-then-formula
  route:destination-read:DrawRect:318: gpu-copy-then-formula
  route:destination-read:DrawRect:320: gpu-copy-then-formula
  route:destination-read:DrawRect:322: gpu-copy-then-formula
  route:destination-read:DrawRect:324: gpu-copy-then-formula
  route:destination-read:DrawRect:326: gpu-copy-then-formula
  route:destination-read:DrawRect:328: gpu-copy-then-formula
  route:destination-read:DrawRect:330: gpu-copy-then-formula
  route:destination-read:DrawRect:332: gpu-copy-then-formula
  route:destination-read:DrawRect:334: gpu-copy-then-formula
  route:destination-read:DrawRect:336: gpu-copy-then-formula
  route:destination-read:DrawRect:338: gpu-copy-then-formula
  route:destination-read:DrawRect:340: gpu-copy-then-formula
  route:destination-read:DrawRect:342: gpu-copy-then-formula
  route:destination-read:DrawRect:344: gpu-copy-then-formula
  route:destination-read:DrawRect:346: gpu-copy-then-formula
  route:destination-read:DrawRect:348: gpu-copy-then-formula
  route:destination-read:DrawRect:350: gpu-copy-then-formula
  route:destination-read:DrawRect:352: gpu-copy-then-formula
  route:destination-read:DrawRect:354: gpu-copy-then-formula
  route:destination-read:DrawRect:356: gpu-copy-then-formula
  route:destination-read:DrawRect:358: gpu-copy-then-formula
  route:destination-read:DrawRect:360: gpu-copy-then-formula
  route:destination-read:DrawRect:362: gpu-copy-then-formula
  route:destination-read:DrawRect:364: gpu-copy-then-formula
  route:destination-read:DrawRect:366: gpu-copy-then-formula
  route:destination-read:DrawRect:368: gpu-copy-then-formula
  route:destination-read:DrawRect:370: gpu-copy-then-formula
  route:destination-read:DrawRect:372: gpu-copy-then-formula
  route:destination-read:DrawRect:374: gpu-copy-then-formula
  route:destination-read:DrawRect:376: gpu-copy-then-formula
  route:destination-read:DrawRect:378: gpu-copy-then-formula
  route:destination-read:DrawRect:380: gpu-copy-then-formula
  route:destination-read:DrawRect:382: gpu-copy-then-formula
  route:destination-read:DrawRect:384: gpu-copy-then-formula
  route:destination-read:DrawRect:386: gpu-copy-then-formula
  route:destination-read:DrawRect:388: gpu-copy-then-formula
  route:destination-read:DrawRect:390: gpu-copy-then-formula
  route:destination-read:DrawRect:392: gpu-copy-then-formula
  route:destination-read:DrawRect:394: gpu-copy-then-formula
  route:destination-read:DrawRect:396: gpu-copy-then-formula
  route:destination-read:DrawRect:398: gpu-copy-then-formula
  route:destination-read:DrawRect:400: gpu-copy-then-formula
  route:destination-read:DrawRect:402: gpu-copy-then-formula
  route:destination-read:DrawRect:404: gpu-copy-then-formula
  route:destination-read:DrawRect:406: gpu-copy-then-formula
  route:destination-read:DrawRect:408: gpu-copy-then-formula
  route:destination-read:DrawRect:410: gpu-copy-then-formula
  route:destination-read:DrawRect:412: gpu-copy-then-formula
  route:destination-read:DrawRect:414: gpu-copy-then-formula
  route:destination-read:DrawRect:416: gpu-copy-then-formula
  route:destination-read:DrawRect:418: gpu-copy-then-formula
  route:destination-read:DrawRect:420: gpu-copy-then-formula
  route:destination-read:DrawRect:422: gpu-copy-then-formula
  route:destination-read:DrawRect:424: gpu-copy-then-formula
  route:destination-read:DrawRect:426: gpu-copy-then-formula
  route:destination-read:DrawRect:428: gpu-copy-then-formula
  route:destination-read:DrawRect:430: gpu-copy-then-formula
  route:destination-read:DrawRect:432: gpu-copy-then-formula
  route:destination-read:DrawRect:434: gpu-copy-then-formula
  route:destination-read:DrawRect:436: gpu-copy-then-formula
  route:destination-read:DrawRect:438: gpu-copy-then-formula
  route:destination-read:DrawRect:440: gpu-copy-then-formula
  route:destination-read:DrawRect:442: gpu-copy-then-formula
  route:destination-read:DrawRect:444: gpu-copy-then-formula
  route:destination-read:DrawRect:446: gpu-copy-then-formula
  route:destination-read:DrawRect:448: gpu-copy-then-formula
  route:destination-read:DrawRect:450: gpu-copy-then-formula
  route:destination-read:DrawRect:452: gpu-copy-then-formula
  route:destination-read:DrawRect:454: gpu-copy-then-formula
  route:destination-read:DrawRect:456: gpu-copy-then-formula
  route:destination-read:DrawRect:458: gpu-copy-then-formula
  route:destination-read:DrawRect:460: gpu-copy-then-formula
  route:destination-read:DrawRect:462: gpu-copy-then-formula
  route:destination-read:DrawRect:464: gpu-copy-then-formula
  route:destination-read:DrawRect:466: gpu-copy-then-formula
  route:destination-read:DrawRect:468: gpu-copy-then-formula
  route:destination-read:DrawRect:470: gpu-copy-then-formula
  route:destination-read:DrawRect:472: gpu-copy-then-formula
  route:destination-read:DrawRect:474: gpu-copy-then-formula
  route:destination-read:DrawRect:476: gpu-copy-then-formula
  route:destination-read:DrawRect:478: gpu-copy-then-formula
  route:destination-read:DrawRect:480: gpu-copy-then-formula
  route:destination-read:DrawRect:482: gpu-copy-then-formula
  route:destination-read:DrawRect:484: gpu-copy-then-formula
  route:destination-read:DrawRect:486: gpu-copy-then-formula
  route:destination-read:DrawRect:488: gpu-copy-then-formula
  route:destination-read:DrawRect:490: gpu-copy-then-formula
  route:destination-read:DrawRect:492: gpu-copy-then-formula
  route:destination-read:DrawRect:494: gpu-copy-then-formula
  route:destination-read:DrawRect:496: gpu-copy-then-formula
  route:destination-read:DrawRect:498: gpu-copy-then-formula
  route:destination-read:DrawRect:500: gpu-copy-then-formula
  route:destination-read:DrawRect:502: gpu-copy-then-formula
  route:destination-read:DrawRect:504: gpu-copy-then-formula
  route:destination-read:DrawRect:506: gpu-copy-then-formula
  route:destination-read:DrawRect:508: gpu-copy-then-formula
  route:destination-read:DrawRect:510: gpu-copy-then-formula
  route:destination-read:DrawRect:512: gpu-copy-then-formula
  route:destination-read:DrawRect:514: gpu-copy-then-formula
  route:destination-read:DrawRect:516: gpu-copy-then-formula
  route:destination-read:DrawRect:518: gpu-copy-then-formula
  route:destination-read:DrawRect:520: gpu-copy-then-formula
  route:destination-read:DrawRect:522: gpu-copy-then-formula
  route:destination-read:DrawRect:524: gpu-copy-then-formula
  route:destination-read:DrawRect:526: gpu-copy-then-formula
  route:destination-read:DrawRect:528: gpu-copy-then-formula
  route:destination-read:DrawRect:530: gpu-copy-then-formula
  route:destination-read:DrawRect:532: gpu-copy-then-formula
  route:destination-read:DrawRect:534: gpu-copy-then-formula
  route:destination-read:DrawRect:536: gpu-copy-then-formula
  route:destination-read:DrawRect:538: gpu-copy-then-formula
  route:destination-read:DrawRect:540: gpu-copy-then-formula
  route:destination-read:DrawRect:542: gpu-copy-then-formula
  route:destination-read:DrawRect:544: gpu-copy-then-formula
  route:destination-read:DrawRect:546: gpu-copy-then-formula
  route:destination-read:DrawRect:548: gpu-copy-then-formula
  route:destination-read:DrawRect:550: gpu-copy-then-formula
  route:destination-read:DrawRect:552: gpu-copy-then-formula
  route:destination-read:DrawRect:554: gpu-copy-then-formula
  route:destination-read:DrawRect:556: gpu-copy-then-formula
  route:destination-read:DrawRect:558: gpu-copy-then-formula
  route:destination-read:DrawRect:560: gpu-copy-then-formula
  route:destination-read:DrawRect:562: gpu-copy-then-formula
  route:destination-read:DrawRect:564: gpu-copy-then-formula
  route:destination-read:DrawRect:566: gpu-copy-then-formula
  route:destination-read:DrawRect:568: gpu-copy-then-formula
  route:destination-read:DrawRect:570: gpu-copy-then-formula
  route:destination-read:DrawRect:572: gpu-copy-then-formula
  route:destination-read:DrawRect:574: gpu-copy-then-formula
  route:destination-read:DrawRect:576: gpu-copy-then-formula
  route:destination-read:DrawRect:578: gpu-copy-then-formula
  route:destination-read:DrawRect:580: gpu-copy-then-formula
  route:destination-read:DrawRect:582: gpu-copy-then-formula
  route:destination-read:DrawRect:584: gpu-copy-then-formula
  route:destination-read:DrawRect:586: gpu-copy-then-formula
  route:destination-read:DrawRect:588: gpu-copy-then-formula
  route:destination-read:DrawRect:590: gpu-copy-then-formula
  route:destination-read:DrawRect:592: gpu-copy-then-formula
  route:destination-read:DrawRect:594: gpu-copy-then-formula
  route:destination-read:DrawRect:596: gpu-copy-then-formula
  route:destination-read:DrawRect:598: gpu-copy-then-formula
  route:destination-read:DrawRect:600: gpu-copy-then-formula
  route:destination-read:DrawRect:602: gpu-copy-then-formula
  route:destination-read:DrawRect:604: gpu-copy-then-formula
  route:destination-read:DrawRect:606: gpu-copy-then-formula
  route:destination-read:DrawRect:608: gpu-copy-then-formula
  route:destination-read:DrawRect:610: gpu-copy-then-formula
  route:destination-read:DrawRect:612: gpu-copy-then-formula
  route:destination-read:DrawRect:614: gpu-copy-then-formula
  route:destination-read:DrawRect:616: gpu-copy-then-formula
  route:destination-read:DrawRect:618: gpu-copy-then-formula
  route:destination-read:DrawRect:620: gpu-copy-then-formula
  route:destination-read:DrawRect:622: gpu-copy-then-formula
  route:destination-read:DrawRect:624: gpu-copy-then-formula
  route:destination-read:DrawRect:626: gpu-copy-then-formula
  route:destination-read:DrawRect:628: gpu-copy-then-formula
  route:destination-read:DrawRect:630: gpu-copy-then-formula
  route:destination-read:DrawRect:632: gpu-copy-then-formula
  route:destination-read:DrawRect:634: gpu-copy-then-formula
  route:destination-read:DrawRect:636: gpu-copy-then-formula
  route:destination-read:DrawRect:638: gpu-copy-then-formula
  route:destination-read:DrawRect:640: gpu-copy-then-formula
  route:destination-read:DrawRect:642: gpu-copy-then-formula
  route:destination-read:DrawRect:644: gpu-copy-then-formula
  route:destination-read:DrawRect:646: gpu-copy-then-formula
  route:destination-read:DrawRect:648: gpu-copy-then-formula
  route:destination-read:DrawRect:650: gpu-copy-then-formula
  route:destination-read:DrawRect:652: gpu-copy-then-formula
  route:destination-read:DrawRect:654: gpu-copy-then-formula
  route:destination-read:DrawRect:656: gpu-copy-then-formula
  route:destination-read:DrawRect:658: gpu-copy-then-formula
  route:destination-read:DrawRect:660: gpu-copy-then-formula
  route:destination-read:DrawRect:662: gpu-copy-then-formula
  route:destination-read:DrawRect:664: gpu-copy-then-formula
  route:destination-read:DrawRect:666: gpu-copy-then-formula
  route:destination-read:DrawRect:668: gpu-copy-then-formula
  route:destination-read:DrawRect:670: gpu-copy-then-formula
  route:destination-read:DrawRect:672: gpu-copy-then-formula
  route:destination-read:DrawRect:674: gpu-copy-then-formula
  route:destination-read:DrawRect:676: gpu-copy-then-formula
  route:destination-read:DrawRect:678: gpu-copy-then-formula
  route:destination-read:DrawRect:680: gpu-copy-then-formula
  route:destination-read:DrawRect:682: gpu-copy-then-formula
  route:destination-read:DrawRect:684: gpu-copy-then-formula
  route:destination-read:DrawRect:686: gpu-copy-then-formula
  route:destination-read:DrawRect:688: gpu-copy-then-formula
  route:destination-read:DrawRect:690: gpu-copy-then-formula
  route:destination-read:DrawRect:692: gpu-copy-then-formula
  route:destination-read:DrawRect:694: gpu-copy-then-formula
  route:destination-read:DrawRect:696: gpu-copy-then-formula
  route:destination-read:DrawRect:698: gpu-copy-then-formula
  route:destination-read:DrawRect:700: gpu-copy-then-formula
  route:destination-read:DrawRect:702: gpu-copy-then-formula
  route:destination-read:DrawRect:704: gpu-copy-then-formula
  route:destination-read:DrawRect:706: gpu-copy-then-formula
  route:destination-read:DrawRect:708: gpu-copy-then-formula
  route:destination-read:DrawRect:710: gpu-copy-then-formula
  route:destination-read:DrawRect:712: gpu-copy-then-formula
  route:destination-read:DrawRect:714: gpu-copy-then-formula
  route:destination-read:DrawRect:716: gpu-copy-then-formula
  route:destination-read:DrawRect:718: gpu-copy-then-formula
  route:destination-read:DrawRect:720: gpu-copy-then-formula
  route:destination-read:DrawRect:722: gpu-copy-then-formula
  route:destination-read:DrawRect:724: gpu-copy-then-formula
  route:destination-read:DrawRect:726: gpu-copy-then-formula
  route:destination-read:DrawRect:728: gpu-copy-then-formula
  route:destination-read:DrawRect:730: gpu-copy-then-formula
  route:destination-read:DrawRect:732: gpu-copy-then-formula
  route:destination-read:DrawRect:734: gpu-copy-then-formula
  route:destination-read:DrawRect:736: gpu-copy-then-formula
  route:destination-read:DrawRect:738: gpu-copy-then-formula
  route:destination-read:DrawRect:740: gpu-copy-then-formula
  route:destination-read:DrawRect:742: gpu-copy-then-formula
  route:destination-read:DrawRect:744: gpu-copy-then-formula
  route:destination-read:DrawRect:746: gpu-copy-then-formula
  route:destination-read:DrawRect:748: gpu-copy-then-formula
  route:destination-read:DrawRect:750: gpu-copy-then-formula
  route:destination-read:DrawRect:752: gpu-copy-then-formula
  route:destination-read:DrawRect:754: gpu-copy-then-formula
  route:destination-read:DrawRect:756: gpu-copy-then-formula
  route:destination-read:DrawRect:758: gpu-copy-then-formula
  route:destination-read:DrawRect:760: gpu-copy-then-formula
  route:destination-read:DrawRect:762: gpu-copy-then-formula
  route:destination-read:DrawRect:764: gpu-copy-then-formula
  route:destination-read:DrawRect:766: gpu-copy-then-formula
  route:destination-read:DrawRect:768: gpu-copy-then-formula
  route:destination-read:DrawRect:770: gpu-copy-then-formula
  route:destination-read:DrawRect:772: gpu-copy-then-formula
  route:destination-read:DrawRect:774: gpu-copy-then-formula
  route:destination-read:DrawRect:776: gpu-copy-then-formula
  route:destination-read:DrawRect:778: gpu-copy-then-formula
  route:destination-read:DrawRect:780: gpu-copy-then-formula
  route:destination-read:DrawRect:782: gpu-copy-then-formula
  route:destination-read:DrawRect:784: gpu-copy-then-formula
  route:destination-read:DrawRect:786: gpu-copy-then-formula
  route:destination-read:DrawRect:788: gpu-copy-then-formula
  route:destination-read:DrawRect:790: gpu-copy-then-formula
  route:destination-read:DrawRect:792: gpu-copy-then-formula
  route:destination-read:DrawRect:794: gpu-copy-then-formula
  route:destination-read:DrawRect:796: gpu-copy-then-formula
  route:destination-read:DrawRect:798: gpu-copy-then-formula
  route:destination-read:DrawRect:800: gpu-copy-then-formula
  route:destination-read:DrawRect:802: gpu-copy-then-formula
  route:destination-read:DrawRect:804: gpu-copy-then-formula
  route:destination-read:DrawRect:806: gpu-copy-then-formula
  route:destination-read:DrawRect:808: gpu-copy-then-formula
  route:destination-read:DrawRect:810: gpu-copy-then-formula
  route:destination-read:DrawRect:812: gpu-copy-then-formula
  route:destination-read:DrawRect:814: gpu-copy-then-formula
  route:destination-read:DrawRect:816: gpu-copy-then-formula
  route:destination-read:DrawRect:818: gpu-copy-then-formula
  route:destination-read:DrawRect:820: gpu-copy-then-formula
  route:destination-read:DrawRect:822: gpu-copy-then-formula
  route:destination-read:DrawRect:824: gpu-copy-then-formula
  route:destination-read:DrawRect:826: gpu-copy-then-formula
  route:destination-read:DrawRect:828: gpu-copy-then-formula
  route:destination-read:DrawRect:830: gpu-copy-then-formula
  route:destination-read:DrawRect:832: gpu-copy-then-formula
  route:destination-read:DrawRect:834: gpu-copy-then-formula
  route:destination-read:DrawRect:836: gpu-copy-then-formula
  route:destination-read:DrawRect:838: gpu-copy-then-formula
  route:destination-read:DrawRect:840: gpu-copy-then-formula
  route:destination-read:DrawRect:842: gpu-copy-then-formula
  route:destination-read:DrawRect:844: gpu-copy-then-formula
  route:destination-read:DrawRect:846: gpu-copy-then-formula
  route:destination-read:DrawRect:848: gpu-copy-then-formula
  route:destination-read:DrawRect:850: gpu-copy-then-formula
  route:destination-read:DrawRect:852: gpu-copy-then-formula
  route:destination-read:DrawRect:854: gpu-copy-then-formula
  route:destination-read:DrawRect:856: gpu-copy-then-formula
  route:destination-read:DrawRect:858: gpu-copy-then-formula
  route:destination-read:DrawRect:860: gpu-copy-then-formula
  route:destination-read:DrawRect:862: gpu-copy-then-formula
  route:destination-read:DrawRect:864: gpu-copy-then-formula
  route:destination-read:DrawRect:866: gpu-copy-then-formula
  route:destination-read:DrawRect:868: gpu-copy-then-formula
  route:destination-read:DrawRect:870: gpu-copy-then-formula
  route:destination-read:DrawRect:872: gpu-copy-then-formula
  route:destination-read:DrawRect:874: gpu-copy-then-formula
  route:destination-read:DrawRect:876: gpu-copy-then-formula
  route:destination-read:DrawRect:878: gpu-copy-then-formula
  route:destination-read:DrawRect:880: gpu-copy-then-formula
  route:destination-read:DrawRect:882: gpu-copy-then-formula
  route:destination-read:DrawRect:884: gpu-copy-then-formula
  route:destination-read:DrawRect:886: gpu-copy-then-formula
  route:destination-read:DrawRect:888: gpu-copy-then-formula
  route:destination-read:DrawRect:890: gpu-copy-then-formula
  route:destination-read:DrawRect:892: gpu-copy-then-formula
  route:destination-read:DrawRect:894: gpu-copy-then-formula
  route:destination-read:DrawRect:896: gpu-copy-then-formula
  route:destination-read:DrawRect:898: gpu-copy-then-formula
  route:destination-read:DrawRect:900: gpu-copy-then-formula
  route:destination-read:DrawRect:902: gpu-copy-then-formula
  route:destination-read:DrawRect:904: gpu-copy-then-formula
  route:destination-read:DrawRect:906: gpu-copy-then-formula
  route:destination-read:DrawRect:908: gpu-copy-then-formula
  route:destination-read:DrawRect:910: gpu-copy-then-formula
  route:destination-read:DrawRect:912: gpu-copy-then-formula
  route:destination-read:DrawRect:914: gpu-copy-then-formula
  route:destination-read:DrawRect:916: gpu-copy-then-formula
  route:destination-read:DrawRect:918: gpu-copy-then-formula
  route:destination-read:DrawRect:920: gpu-copy-then-formula
  route:destination-read:DrawRect:922: gpu-copy-then-formula
  route:destination-read:DrawRect:924: gpu-copy-then-formula
  route:destination-read:DrawRect:926: gpu-copy-then-formula
  route:destination-read:DrawRect:928: gpu-copy-then-formula
  route:destination-read:DrawRect:930: gpu-copy-then-formula
  route:destination-read:DrawRect:932: gpu-copy-then-formula
  route:destination-read:DrawRect:934: gpu-copy-then-formula
  route:destination-read:DrawRect:936: gpu-copy-then-formula
  route:destination-read:DrawRect:938: gpu-copy-then-formula
  route:destination-read:DrawRect:940: gpu-copy-then-formula
  route:destination-read:DrawRect:942: gpu-copy-then-formula
  route:destination-read:DrawRect:944: gpu-copy-then-formula
  route:destination-read:DrawRect:946: gpu-copy-then-formula
  route:destination-read:DrawRect:948: gpu-copy-then-formula
  route:destination-read:DrawRect:950: gpu-copy-then-formula
  route:destination-read:DrawRect:952: gpu-copy-then-formula
  route:destination-read:DrawRect:954: gpu-copy-then-formula
  route:destination-read:DrawRect:956: gpu-copy-then-formula
  route:destination-read:DrawRect:958: gpu-copy-then-formula
  route:destination-read:DrawRect:960: gpu-copy-then-formula
  route:destination-read:DrawRect:962: gpu-copy-then-formula
  route:destination-read:DrawRect:964: gpu-copy-then-formula
  route:destination-read:DrawRect:966: gpu-copy-then-formula
  route:destination-read:DrawRect:968: gpu-copy-then-formula
  route:destination-read:DrawRect:970: gpu-copy-then-formula
  route:destination-read:DrawRect:972: gpu-copy-then-formula
  route:destination-read:DrawRect:974: gpu-copy-then-formula
  route:destination-read:DrawRect:976: gpu-copy-then-formula
  route:destination-read:DrawRect:978: gpu-copy-then-formula
  route:destination-read:DrawRect:980: gpu-copy-then-formula
  route:destination-read:DrawRect:982: gpu-copy-then-formula
  route:destination-read:DrawRect:984: gpu-copy-then-formula
  route:destination-read:DrawRect:986: gpu-copy-then-formula
  route:destination-read:DrawRect:988: gpu-copy-then-formula
  route:destination-read:DrawRect:990: gpu-copy-then-formula
  route:destination-read:DrawRect:992: gpu-copy-then-formula
  route:destination-read:DrawRect:994: gpu-copy-then-formula
  route:destination-read:DrawRect:996: gpu-copy-then-formula
  route:destination-read:DrawRect:998: gpu-copy-then-formula
  route:destination-read:DrawRect:1000: gpu-copy-then-formula
  route:destination-read:DrawRect:1002: gpu-copy-then-formula
  route:destination-read:DrawRect:1004: gpu-copy-then-formula
  route:destination-read:DrawRect:1006: gpu-copy-then-formula
  route:destination-read:DrawRect:1008: gpu-copy-then-formula
  route:destination-read:DrawRect:1010: gpu-copy-then-formula
  route:destination-read:DrawRect:1012: gpu-copy-then-formula
  route:destination-read:DrawRect:1014: gpu-copy-then-formula
  route:destination-read:DrawRect:1016: gpu-copy-then-formula
  route:destination-read:DrawRect:1018: gpu-copy-then-formula
  route:destination-read:DrawRect:1020: gpu-copy-then-formula
  route:destination-read:DrawRect:1022: gpu-copy-then-formula
  route:destination-read:DrawRect:1024: gpu-copy-then-formula
  route:destination-read:DrawRect:1026: gpu-copy-then-formula
  route:destination-read:DrawRect:1028: gpu-copy-then-formula
  route:destination-read:DrawRect:1030: gpu-copy-then-formula
  route:destination-read:DrawRect:1032: gpu-copy-then-formula
  route:destination-read:DrawRect:1034: gpu-copy-then-formula
  route:destination-read:DrawRect:1036: gpu-copy-then-formula
  route:destination-read:DrawRect:1038: gpu-copy-then-formula
  route:destination-read:DrawRect:1040: gpu-copy-then-formula
  route:destination-read:DrawRect:1042: gpu-copy-then-formula
  route:destination-read:DrawRect:1044: gpu-copy-then-formula
  route:destination-read:DrawRect:1046: gpu-copy-then-formula
  route:destination-read:DrawRect:1048: gpu-copy-then-formula
  route:destination-read:DrawRect:1050: gpu-copy-then-formula
  route:destination-read:DrawRect:1052: gpu-copy-then-formula
  route:destination-read:DrawRect:1054: gpu-copy-then-formula
  route:destination-read:DrawRect:1056: gpu-copy-then-formula
  route:destination-read:DrawRect:1058: gpu-copy-then-formula
  route:destination-read:DrawRect:1060: gpu-copy-then-formula
  route:destination-read:DrawRect:1062: gpu-copy-then-formula
  route:destination-read:DrawRect:1064: gpu-copy-then-formula
  route:destination-read:DrawRect:1066: gpu-copy-then-formula
  route:destination-read:DrawRect:1068: gpu-copy-then-formula
  route:destination-read:DrawRect:1070: gpu-copy-then-formula
  route:destination-read:DrawRect:1072: gpu-copy-then-formula
  route:destination-read:DrawRect:1074: gpu-copy-then-formula
  route:destination-read:DrawRect:1076: gpu-copy-then-formula
  route:destination-read:DrawRect:1078: gpu-copy-then-formula
  route:destination-read:DrawRect:1080: gpu-copy-then-formula
  route:destination-read:DrawRect:1082: gpu-copy-then-formula
  route:destination-read:DrawRect:1084: gpu-copy-then-formula
  route:destination-read:DrawRect:1086: gpu-copy-then-formula
  route:destination-read:DrawRect:1088: gpu-copy-then-formula
  route:destination-read:DrawRect:1090: gpu-copy-then-formula
  route:destination-read:DrawRect:1092: gpu-copy-then-formula
  route:destination-read:DrawRect:1094: gpu-copy-then-formula
  route:destination-read:DrawRect:1096: gpu-copy-then-formula
  route:destination-read:DrawRect:1098: gpu-copy-then-formula
  route:destination-read:DrawRect:1100: gpu-copy-then-formula
  route:destination-read:DrawRect:1102: gpu-copy-then-formula
  route:destination-read:DrawRect:1104: gpu-copy-then-formula
  route:destination-read:DrawRect:1106: gpu-copy-then-formula
  route:destination-read:DrawRect:1108: gpu-copy-then-formula
  route:destination-read:DrawRect:1110: gpu-copy-then-formula
  route:destination-read:DrawRect:1112: gpu-copy-then-formula
  route:destination-read:DrawRect:1114: gpu-copy-then-formula
  route:destination-read:DrawRect:1116: gpu-copy-then-formula
  route:destination-read:DrawRect:1118: gpu-copy-then-formula
  route:destination-read:DrawRect:1120: gpu-copy-then-formula
  route:destination-read:DrawRect:1122: gpu-copy-then-formula
  route:destination-read:DrawRect:1124: gpu-copy-then-formula
  route:destination-read:DrawRect:1126: gpu-copy-then-formula
  route:destination-read:DrawRect:1128: gpu-copy-then-formula
  route:destination-read:DrawRect:1130: gpu-copy-then-formula
  route:destination-read:DrawRect:1132: gpu-copy-then-formula
  route:destination-read:DrawRect:1134: gpu-copy-then-formula
  route:destination-read:DrawRect:1136: gpu-copy-then-formula
  route:destination-read:DrawRect:1138: gpu-copy-then-formula
  route:destination-read:DrawRect:1140: gpu-copy-then-formula
  route:destination-read:DrawRect:1142: gpu-copy-then-formula
  route:destination-read:DrawRect:1144: gpu-copy-then-formula
  route:destination-read:DrawRect:1146: gpu-copy-then-formula
  route:destination-read:DrawRect:1148: gpu-copy-then-formula
  route:destination-read:DrawRect:1150: gpu-copy-then-formula
  route:destination-read:DrawRect:1152: gpu-copy-then-formula
  route:destination-read:DrawRect:1154: gpu-copy-then-formula
  route:destination-read:DrawRect:1156: gpu-copy-then-formula
  route:destination-read:DrawRect:1158: gpu-copy-then-formula
  route:destination-read:DrawRect:1160: gpu-copy-then-formula
  route:destination-read:DrawRect:1162: gpu-copy-then-formula
  route:destination-read:DrawRect:1164: gpu-copy-then-formula
  route:destination-read:DrawRect:1166: gpu-copy-then-formula
  route:destination-read:DrawRect:1168: gpu-copy-then-formula
  route:destination-read:DrawRect:1170: gpu-copy-then-formula
  route:destination-read:DrawRect:1172: gpu-copy-then-formula
  route:destination-read:DrawRect:1174: gpu-copy-then-formula
  route:destination-read:DrawRect:1176: gpu-copy-then-formula
  route:destination-read:DrawRect:1178: gpu-copy-then-formula
  route:destination-read:DrawRect:1180: gpu-copy-then-formula
  route:destination-read:DrawRect:1182: gpu-copy-then-formula
  route:destination-read:DrawRect:1184: gpu-copy-then-formula
  route:destination-read:DrawRect:1186: gpu-copy-then-formula
  route:destination-read:DrawRect:1188: gpu-copy-then-formula
  route:destination-read:DrawRect:1190: gpu-copy-then-formula
  route:destination-read:DrawRect:1192: gpu-copy-then-formula
  route:destination-read:DrawRect:1194: gpu-copy-then-formula
  route:destination-read:DrawRect:1196: gpu-copy-then-formula
  route:destination-read:DrawRect:1198: gpu-copy-then-formula
  route:destination-read:DrawRect:1200: gpu-copy-then-formula
  route:destination-read:DrawRect:1202: gpu-copy-then-formula
  route:destination-read:DrawRect:1204: gpu-copy-then-formula
  route:destination-read:DrawRect:1206: gpu-copy-then-formula
  route:destination-read:DrawRect:1208: gpu-copy-then-formula
  route:destination-read:DrawRect:1210: gpu-copy-then-formula
  route:destination-read:DrawRect:1212: gpu-copy-then-formula
  route:destination-read:DrawRect:1214: gpu-copy-then-formula
  route:destination-read:DrawRect:1216: gpu-copy-then-formula
  route:destination-read:DrawRect:1218: gpu-copy-then-formula
  route:destination-read:DrawRect:1220: gpu-copy-then-formula
  route:destination-read:DrawRect:1222: gpu-copy-then-formula
  route:destination-read:DrawRect:1224: gpu-copy-then-formula
  route:destination-read:DrawRect:1226: gpu-copy-then-formula
  route:destination-read:DrawRect:1228: gpu-copy-then-formula
  route:destination-read:DrawRect:1230: gpu-copy-then-formula
  route:destination-read:DrawRect:1232: gpu-copy-then-formula
  route:destination-read:DrawRect:1234: gpu-copy-then-formula
  route:destination-read:DrawRect:1236: gpu-copy-then-formula
  route:destination-read:DrawRect:1238: gpu-copy-then-formula
  route:destination-read:DrawRect:1240: gpu-copy-then-formula
  route:destination-read:DrawRect:1242: gpu-copy-then-formula
  route:destination-read:DrawRect:1244: gpu-copy-then-formula
  route:destination-read:DrawRect:1246: gpu-copy-then-formula
  route:destination-read:DrawRect:1248: gpu-copy-then-formula
  route:destination-read:DrawRect:1250: gpu-copy-then-formula
  route:destination-read:DrawRect:1252: gpu-copy-then-formula
  route:destination-read:DrawRect:1254: gpu-copy-then-formula
  route:destination-read:DrawRect:1256: gpu-copy-then-formula
  route:destination-read:DrawRect:1258: gpu-copy-then-formula
  route:destination-read:DrawRect:1260: gpu-copy-then-formula
  route:destination-read:DrawRect:1262: gpu-copy-then-formula
  route:destination-read:DrawRect:1264: gpu-copy-then-formula
  route:destination-read:DrawRect:1266: gpu-copy-then-formula
  route:destination-read:DrawRect:1268: gpu-copy-then-formula
  route:destination-read:DrawRect:1270: gpu-copy-then-formula
  route:destination-read:DrawRect:1272: gpu-copy-then-formula
  route:destination-read:DrawRect:1274: gpu-copy-then-formula
  route:destination-read:DrawRect:1276: gpu-copy-then-formula
  route:destination-read:DrawRect:1278: gpu-copy-then-formula
  route:destination-read:DrawRect:1280: gpu-copy-then-formula
  route:destination-read:DrawRect:1282: gpu-copy-then-formula
  route:destination-read:DrawRect:1284: gpu-copy-then-formula
  route:destination-read:DrawRect:1286: gpu-copy-then-formula
  route:destination-read:DrawRect:1288: gpu-copy-then-formula
  route:destination-read:DrawRect:1290: gpu-copy-then-formula
  route:destination-read:DrawRect:1292: gpu-copy-then-formula
  route:destination-read:DrawRect:1294: gpu-copy-then-formula
  route:destination-read:DrawRect:1296: gpu-copy-then-formula
  route:destination-read:DrawRect:1298: gpu-copy-then-formula
  route:destination-read:DrawRect:1300: gpu-copy-then-formula
  route:destination-read:DrawRect:1302: gpu-copy-then-formula
  route:destination-read:DrawRect:1304: gpu-copy-then-formula
  route:destination-read:DrawRect:1306: gpu-copy-then-formula
  route:destination-read:DrawRect:1308: gpu-copy-then-formula
  route:destination-read:DrawRect:1310: gpu-copy-then-formula
  route:destination-read:DrawRect:1312: gpu-copy-then-formula
  route:destination-read:DrawRect:1314: gpu-copy-then-formula
  route:destination-read:DrawRect:1316: gpu-copy-then-formula
  route:destination-read:DrawRect:1318: gpu-copy-then-formula
  route:destination-read:DrawRect:1320: gpu-copy-then-formula
  route:destination-read:DrawRect:1322: gpu-copy-then-formula
  route:destination-read:DrawRect:1324: gpu-copy-then-formula
  route:destination-read:DrawRect:1326: gpu-copy-then-formula
  route:destination-read:DrawRect:1328: gpu-copy-then-formula
  route:destination-read:DrawRect:1330: gpu-copy-then-formula
  route:destination-read:DrawRect:1332: gpu-copy-then-formula
  route:destination-read:DrawRect:1334: gpu-copy-then-formula
  route:destination-read:DrawRect:1336: gpu-copy-then-formula
  route:destination-read:DrawRect:1338: gpu-copy-then-formula
  route:destination-read:DrawRect:1340: gpu-copy-then-formula
  route:destination-read:DrawRect:1342: gpu-copy-then-formula
  route:destination-read:DrawRect:1344: gpu-copy-then-formula
  route:destination-read:DrawRect:1346: gpu-copy-then-formula
  route:destination-read:DrawRect:1348: gpu-copy-then-formula
  route:destination-read:DrawRect:1350: gpu-copy-then-formula
  route:destination-read:DrawRect:1352: gpu-copy-then-formula
  route:destination-read:DrawRect:1354: gpu-copy-then-formula
  route:destination-read:DrawRect:1356: gpu-copy-then-formula
  route:destination-read:DrawRect:1358: gpu-copy-then-formula
  route:destination-read:DrawRect:1360: gpu-copy-then-formula
  route:destination-read:DrawRect:1362: gpu-copy-then-formula
  route:destination-read:DrawRect:1364: gpu-copy-then-formula
  route:destination-read:DrawRect:1366: gpu-copy-then-formula
  route:destination-read:DrawRect:1368: gpu-copy-then-formula
  route:destination-read:DrawRect:1370: gpu-copy-then-formula
  route:destination-read:DrawRect:1372: gpu-copy-then-formula
  route:destination-read:DrawRect:1374: gpu-copy-then-formula
  route:destination-read:DrawRect:1376: gpu-copy-then-formula
  route:destination-read:DrawRect:1378: gpu-copy-then-formula
  route:destination-read:DrawRect:1380: gpu-copy-then-formula
  route:destination-read:DrawRect:1382: gpu-copy-then-formula
  route:destination-read:DrawRect:1384: gpu-copy-then-formula
  route:destination-read:DrawRect:1386: gpu-copy-then-formula
  route:destination-read:DrawRect:1388: gpu-copy-then-formula
  route:destination-read:DrawRect:1390: gpu-copy-then-formula
  route:destination-read:DrawRect:1392: gpu-copy-then-formula
  route:destination-read:DrawRect:1394: gpu-copy-then-formula
  route:destination-read:DrawRect:1396: gpu-copy-then-formula
  route:destination-read:DrawRect:1398: gpu-copy-then-formula
  route:destination-read:DrawRect:1400: gpu-copy-then-formula
  route:destination-read:DrawRect:1402: gpu-copy-then-formula
  route:destination-read:DrawRect:1404: gpu-copy-then-formula
  route:destination-read:DrawRect:1406: gpu-copy-then-formula
  route:destination-read:DrawRect:1408: gpu-copy-then-formula
  route:destination-read:DrawRect:1410: gpu-copy-then-formula
  route:destination-read:DrawRect:1412: gpu-copy-then-formula
  route:destination-read:DrawRect:1414: gpu-copy-then-formula
  route:destination-read:DrawRect:1416: gpu-copy-then-formula
  route:destination-read:DrawRect:1418: gpu-copy-then-formula
  route:destination-read:DrawRect:1420: gpu-copy-then-formula
  route:destination-read:DrawRect:1422: gpu-copy-then-formula
  route:destination-read:DrawRect:1424: gpu-copy-then-formula
  route:destination-read:DrawRect:1426: gpu-copy-then-formula
  route:destination-read:DrawRect:1428: gpu-copy-then-formula
  route:destination-read:DrawRect:1430: gpu-copy-then-formula
  route:destination-read:DrawRect:1432: gpu-copy-then-formula
  route:destination-read:DrawRect:1434: gpu-copy-then-formula
  route:destination-read:DrawRect:1436: gpu-copy-then-formula
  route:destination-read:DrawRect:1438: gpu-copy-then-formula
  route:destination-read:DrawRect:1440: gpu-copy-then-formula
  route:destination-read:DrawRect:1442: gpu-copy-then-formula
  route:destination-read:DrawRect:1444: gpu-copy-then-formula
  route:destination-read:DrawRect:1446: gpu-copy-then-formula
  route:destination-read:DrawRect:1448: gpu-copy-then-formula
  route:destination-read:DrawRect:1450: gpu-copy-then-formula
  route:destination-read:DrawRect:1452: gpu-copy-then-formula
  route:destination-read:DrawRect:1454: gpu-copy-then-formula
  route:destination-read:DrawRect:1456: gpu-copy-then-formula
  route:destination-read:DrawRect:1458: gpu-copy-then-formula
  route:destination-read:DrawRect:1460: gpu-copy-then-formula
  route:destination-read:DrawRect:1462: gpu-copy-then-formula
  route:destination-read:DrawRect:1464: gpu-copy-then-formula
  route:destination-read:DrawRect:1466: gpu-copy-then-formula
  route:destination-read:DrawRect:1468: gpu-copy-then-formula
  route:destination-read:DrawRect:1470: gpu-copy-then-formula
  route:destination-read:DrawRect:1472: gpu-copy-then-formula
  route:destination-read:DrawRect:1474: gpu-copy-then-formula
  route:destination-read:DrawRect:1476: gpu-copy-then-formula
  route:destination-read:DrawRect:1478: gpu-copy-then-formula
  route:destination-read:DrawRect:1480: gpu-copy-then-formula
  route:destination-read:DrawRect:1482: gpu-copy-then-formula
  route:destination-read:DrawRect:1484: gpu-copy-then-formula
  route:destination-read:DrawRect:1486: gpu-copy-then-formula
  route:destination-read:DrawRect:1488: gpu-copy-then-formula
  route:destination-read:DrawRect:1490: gpu-copy-then-formula
  route:destination-read:DrawRect:1492: gpu-copy-then-formula
  route:destination-read:DrawRect:1494: gpu-copy-then-formula
  route:destination-read:DrawRect:1496: gpu-copy-then-formula
  route:destination-read:DrawRect:1498: gpu-copy-then-formula
  route:destination-read:DrawRect:1500: gpu-copy-then-formula
  route:destination-read:DrawRect:1502: gpu-copy-then-formula
  route:destination-read:DrawRect:1504: gpu-copy-then-formula
  route:destination-read:DrawRect:1506: gpu-copy-then-formula
  route:destination-read:DrawRect:1508: gpu-copy-then-formula
  route:destination-read:DrawRect:1510: gpu-copy-then-formula
  route:destination-read:DrawRect:1512: gpu-copy-then-formula
  route:destination-read:DrawRect:1514: gpu-copy-then-formula
  route:destination-read:DrawRect:1516: gpu-copy-then-formula
  route:destination-read:DrawRect:1518: gpu-copy-then-formula
  route:destination-read:DrawRect:1520: gpu-copy-then-formula
  route:destination-read:DrawRect:1522: gpu-copy-then-formula
  route:destination-read:DrawRect:1524: gpu-copy-then-formula
  route:destination-read:DrawRect:1526: gpu-copy-then-formula
  route:destination-read:DrawRect:1528: gpu-copy-then-formula
  route:destination-read:DrawRect:1530: gpu-copy-then-formula
  route:destination-read:DrawRect:1532: gpu-copy-then-formula
  route:destination-read:DrawRect:1534: gpu-copy-then-formula
  route:destination-read:DrawRect:1536: gpu-copy-then-formula
  route:destination-read:DrawRect:1538: gpu-copy-then-formula
  route:destination-read:DrawRect:1540: gpu-copy-then-formula
  route:destination-read:DrawRect:1542: gpu-copy-then-formula
  route:destination-read:DrawRect:1544: gpu-copy-then-formula
  route:destination-read:DrawRect:1546: gpu-copy-then-formula
  route:destination-read:DrawRect:1548: gpu-copy-then-formula
  route:destination-read:DrawRect:1550: gpu-copy-then-formula
  route:destination-read:DrawRect:1552: gpu-copy-then-formula
  route:destination-read:DrawRect:1554: gpu-copy-then-formula
  route:destination-read:DrawRect:1556: gpu-copy-then-formula
  route:destination-read:DrawRect:1558: gpu-copy-then-formula
  route:destination-read:DrawRect:1560: gpu-copy-then-formula
  route:destination-read:DrawRect:1562: gpu-copy-then-formula
  route:destination-read:DrawRect:1564: gpu-copy-then-formula
  route:destination-read:DrawRect:1566: gpu-copy-then-formula
  route:destination-read:DrawRect:1568: gpu-copy-then-formula
  route:destination-read:DrawRect:1570: gpu-copy-then-formula
  route:destination-read:DrawRect:1572: gpu-copy-then-formula
  route:destination-read:DrawRect:1574: gpu-copy-then-formula
  route:destination-read:DrawRect:1576: gpu-copy-then-formula
  route:destination-read:DrawRect:1578: gpu-copy-then-formula
  route:destination-read:DrawRect:1580: gpu-copy-then-formula
  route:destination-read:DrawRect:1582: gpu-copy-then-formula
  route:destination-read:DrawRect:1584: gpu-copy-then-formula
  route:destination-read:DrawRect:1586: gpu-copy-then-formula
  route:destination-read:DrawRect:1588: gpu-copy-then-formula
  route:destination-read:DrawRect:1590: gpu-copy-then-formula
  route:destination-read:DrawRect:1592: gpu-copy-then-formula
  route:destination-read:DrawRect:1594: gpu-copy-then-formula
  route:destination-read:DrawRect:1596: gpu-copy-then-formula
  route:destination-read:DrawRect:1598: gpu-copy-then-formula
  route:destination-read:DrawRect:1600: gpu-copy-then-formula
  route:destination-read:DrawRect:1602: gpu-copy-then-formula
  route:destination-read:DrawRect:1604: gpu-copy-then-formula
  route:destination-read:DrawRect:1606: gpu-copy-then-formula
  route:destination-read:DrawRect:1608: gpu-copy-then-formula
  route:destination-read:DrawRect:1610: gpu-copy-then-formula
  route:destination-read:DrawRect:1612: gpu-copy-then-formula
  route:destination-read:DrawRect:1614: gpu-copy-then-formula
  route:destination-read:DrawRect:1616: gpu-copy-then-formula
  route:destination-read:DrawRect:1618: gpu-copy-then-formula
  route:destination-read:DrawRect:1620: gpu-copy-then-formula
  route:destination-read:DrawRect:1622: gpu-copy-then-formula
  route:destination-read:DrawRect:1624: gpu-copy-then-formula
  route:destination-read:DrawRect:1626: gpu-copy-then-formula
  route:destination-read:DrawRect:1628: gpu-copy-then-formula
  route:destination-read:DrawRect:1630: gpu-copy-then-formula
  route:destination-read:DrawRect:1632: gpu-copy-then-formula
  route:destination-read:DrawRect:1634: gpu-copy-then-formula
  route:destination-read:DrawRect:1636: gpu-copy-then-formula
  route:destination-read:DrawRect:1638: gpu-copy-then-formula
  route:destination-read:DrawRect:1640: gpu-copy-then-formula
  route:destination-read:DrawRect:1642: gpu-copy-then-formula
  route:destination-read:DrawRect:1644: gpu-copy-then-formula
  route:destination-read:DrawRect:1646: gpu-copy-then-formula
  route:destination-read:DrawRect:1648: gpu-copy-then-formula
  route:destination-read:DrawRect:1650: gpu-copy-then-formula
  route:destination-read:DrawRect:1652: gpu-copy-then-formula
  route:destination-read:DrawRect:1654: gpu-copy-then-formula
  route:destination-read:DrawRect:1656: gpu-copy-then-formula
  route:destination-read:DrawRect:1658: gpu-copy-then-formula
  route:destination-read:DrawRect:1660: gpu-copy-then-formula
  route:destination-read:DrawRect:1662: gpu-copy-then-formula
  route:destination-read:DrawRect:1664: gpu-copy-then-formula
  route:destination-read:DrawRect:1666: gpu-copy-then-formula
  route:destination-read:DrawRect:1668: gpu-copy-then-formula
  route:destination-read:DrawRect:1670: gpu-copy-then-formula
  route:destination-read:DrawRect:1672: gpu-copy-then-formula
  route:destination-read:DrawRect:1674: gpu-copy-then-formula
  route:destination-read:DrawRect:1676: gpu-copy-then-formula
  route:destination-read:DrawRect:1678: gpu-copy-then-formula
  route:destination-read:DrawRect:1680: gpu-copy-then-formula
  route:destination-read:DrawRect:1682: gpu-copy-then-formula
  route:destination-read:DrawRect:1684: gpu-copy-then-formula
  route:destination-read:DrawRect:1686: gpu-copy-then-formula
  route:destination-read:DrawRect:1688: gpu-copy-then-formula
  route:destination-read:DrawRect:1690: gpu-copy-then-formula
  route:destination-read:DrawRect:1692: gpu-copy-then-formula
  route:destination-read:DrawRect:1694: gpu-copy-then-formula
  route:destination-read:DrawRect:1696: gpu-copy-then-formula
  route:destination-read:DrawRect:1698: gpu-copy-then-formula
  route:destination-read:DrawRect:1700: gpu-copy-then-formula
  route:destination-read:DrawRect:1702: gpu-copy-then-formula
  route:destination-read:DrawRect:1704: gpu-copy-then-formula
  route:destination-read:DrawRect:1706: gpu-copy-then-formula
  route:destination-read:DrawRect:1708: gpu-copy-then-formula
  route:destination-read:DrawRect:1710: gpu-copy-then-formula
  route:destination-read:DrawRect:1712: gpu-copy-then-formula
  route:destination-read:DrawRect:1714: gpu-copy-then-formula
  route:destination-read:DrawRect:1716: gpu-copy-then-formula
  route:destination-read:DrawRect:1718: gpu-copy-then-formula
  route:destination-read:DrawRect:1720: gpu-copy-then-formula
  route:destination-read:DrawRect:1722: gpu-copy-then-formula
  route:destination-read:DrawRect:1724: gpu-copy-then-formula
  route:destination-read:DrawRect:1726: gpu-copy-then-formula
  route:destination-read:DrawRect:1728: gpu-copy-then-formula
  route:destination-read:DrawRect:1730: gpu-copy-then-formula
  route:destination-read:DrawRect:1732: gpu-copy-then-formula
  route:destination-read:DrawRect:1734: gpu-copy-then-formula
  route:destination-read:DrawRect:1736: gpu-copy-then-formula
  route:destination-read:DrawRect:1738: gpu-copy-then-formula
  route:destination-read:DrawRect:1740: gpu-copy-then-formula
  route:destination-read:DrawRect:1742: gpu-copy-then-formula
  route:destination-read:DrawRect:1744: gpu-copy-then-formula
  route:destination-read:DrawRect:1746: gpu-copy-then-formula
  route:destination-read:DrawRect:1748: gpu-copy-then-formula
  route:destination-read:DrawRect:1750: gpu-copy-then-formula
  route:destination-read:DrawRect:1752: gpu-copy-then-formula
  route:destination-read:DrawRect:1754: gpu-copy-then-formula
  route:destination-read:DrawRect:1756: gpu-copy-then-formula
  route:destination-read:DrawRect:1758: gpu-copy-then-formula
  route:destination-read:DrawRect:1760: gpu-copy-then-formula
  route:destination-read:DrawRect:1762: gpu-copy-then-formula
  route:destination-read:DrawRect:1764: gpu-copy-then-formula
  route:destination-read:DrawRect:1766: gpu-copy-then-formula
  route:destination-read:DrawRect:1768: gpu-copy-then-formula
  route:destination-read:DrawRect:1770: gpu-copy-then-formula
  route:destination-read:DrawRect:1772: gpu-copy-then-formula
  route:destination-read:DrawRect:1774: gpu-copy-then-formula
  route:destination-read:DrawRect:1776: gpu-copy-then-formula
  route:destination-read:DrawRect:1778: gpu-copy-then-formula
  route:destination-read:DrawRect:1780: gpu-copy-then-formula
  route:destination-read:DrawRect:1782: gpu-copy-then-formula
  route:destination-read:DrawRect:1784: gpu-copy-then-formula
  route:destination-read:DrawRect:1786: gpu-copy-then-formula
  route:destination-read:DrawRect:1788: gpu-copy-then-formula
  route:destination-read:DrawRect:1790: gpu-copy-then-formula
  route:destination-read:DrawRect:1792: gpu-copy-then-formula
  route:destination-read:DrawRect:1794: gpu-copy-then-formula
  route:destination-read:DrawRect:1796: gpu-copy-then-formula
  route:destination-read:DrawRect:1798: gpu-copy-then-formula
  route:destination-read:DrawRect:1800: gpu-copy-then-formula
  route:destination-read:DrawRect:1802: gpu-copy-then-formula
  route:destination-read:DrawRect:1804: gpu-copy-then-formula
  route:destination-read:DrawRect:1806: gpu-copy-then-formula
  route:destination-read:DrawRect:1808: gpu-copy-then-formula
  route:destination-read:DrawRect:1810: gpu-copy-then-formula
  route:destination-read:DrawRect:1812: gpu-copy-then-formula
  route:destination-read:DrawRect:1814: gpu-copy-then-formula
  route:destination-read:DrawRect:1816: gpu-copy-then-formula
  route:destination-read:DrawRect:1818: gpu-copy-then-formula
  route:destination-read:DrawRect:1820: gpu-copy-then-formula
  route:destination-read:DrawRect:1822: gpu-copy-then-formula
  route:destination-read:DrawRect:1824: gpu-copy-then-formula
  route:destination-read:DrawRect:1826: gpu-copy-then-formula
  route:destination-read:DrawRect:1828: gpu-copy-then-formula
  route:destination-read:DrawRect:1830: gpu-copy-then-formula
  route:destination-read:DrawRect:1832: gpu-copy-then-formula
  route:destination-read:DrawRect:1834: gpu-copy-then-formula
  route:destination-read:DrawRect:1836: gpu-copy-then-formula
  route:destination-read:DrawRect:1838: gpu-copy-then-formula
  route:destination-read:DrawRect:1840: gpu-copy-then-formula
  route:destination-read:DrawRect:1842: gpu-copy-then-formula
  route:destination-read:DrawRect:1844: gpu-copy-then-formula
  route:destination-read:DrawRect:1846: gpu-copy-then-formula
  route:destination-read:DrawRect:1848: gpu-copy-then-formula
  route:destination-read:DrawRect:1850: gpu-copy-then-formula
  route:destination-read:DrawRect:1852: gpu-copy-then-formula
  route:destination-read:DrawRect:1854: gpu-copy-then-formula
  route:destination-read:DrawRect:1856: gpu-copy-then-formula
  route:destination-read:DrawRect:1858: gpu-copy-then-formula
  route:destination-read:DrawRect:1860: gpu-copy-then-formula
  route:destination-read:DrawRect:1862: gpu-copy-then-formula
  route:destination-read:DrawRect:1864: gpu-copy-then-formula
  route:destination-read:DrawRect:1866: gpu-copy-then-formula
  route:destination-read:DrawRect:1868: gpu-copy-then-formula
  route:destination-read:DrawRect:1870: gpu-copy-then-formula
  route:destination-read:DrawRect:1872: gpu-copy-then-formula
  route:destination-read:DrawRect:1874: gpu-copy-then-formula
  route:destination-read:DrawRect:1876: gpu-copy-then-formula
  route:destination-read:DrawRect:1878: gpu-copy-then-formula
  route:destination-read:DrawRect:1880: gpu-copy-then-formula
  route:destination-read:DrawRect:1882: gpu-copy-then-formula
  route:destination-read:DrawRect:1884: gpu-copy-then-formula
  route:destination-read:DrawRect:1886: gpu-copy-then-formula
  route:destination-read:DrawRect:1888: gpu-copy-then-formula
  route:destination-read:DrawRect:1890: gpu-copy-then-formula
  route:destination-read:DrawRect:1892: gpu-copy-then-formula
  route:destination-read:DrawRect:1894: gpu-copy-then-formula
  route:destination-read:DrawRect:1896: gpu-copy-then-formula
  route:destination-read:DrawRect:1898: gpu-copy-then-formula
  route:destination-read:DrawRect:1900: gpu-copy-then-formula
  route:destination-read:DrawRect:1902: gpu-copy-then-formula
  route:destination-read:DrawRect:1904: gpu-copy-then-formula
  route:destination-read:DrawRect:1906: gpu-copy-then-formula
  route:destination-read:DrawRect:1908: gpu-copy-then-formula
  route:destination-read:DrawRect:1910: gpu-copy-then-formula
  route:destination-read:DrawRect:1912: gpu-copy-then-formula
  route:destination-read:DrawRect:1914: gpu-copy-then-formula
  route:destination-read:DrawRect:1916: gpu-copy-then-formula
  route:destination-read:DrawRect:1918: gpu-copy-then-formula
  route:destination-read:DrawRect:1920: gpu-copy-then-formula
  route:destination-read:DrawRect:1922: gpu-copy-then-formula
  route:destination-read:DrawRect:1924: gpu-copy-then-formula
  route:destination-read:DrawRect:1926: gpu-copy-then-formula
  route:destination-read:DrawRect:1928: gpu-copy-then-formula
  route:destination-read:DrawRect:1930: gpu-copy-then-formula
  route:destination-read:DrawRect:1932: gpu-copy-then-formula
  route:destination-read:DrawRect:1934: gpu-copy-then-formula
  route:destination-read:DrawRect:1936: gpu-copy-then-formula
  route:destination-read:DrawRect:1938: gpu-copy-then-formula
  route:destination-read:DrawRect:1940: gpu-copy-then-formula
  route:destination-read:DrawRect:1942: gpu-copy-then-formula
  route:destination-read:DrawRect:1944: gpu-copy-then-formula
  route:destination-read:DrawRect:1946: gpu-copy-then-formula
  route:destination-read:DrawRect:1948: gpu-copy-then-formula
  route:destination-read:DrawRect:1950: gpu-copy-then-formula
  route:destination-read:DrawRect:1952: gpu-copy-then-formula
  route:destination-read:DrawRect:1954: gpu-copy-then-formula
  route:destination-read:DrawRect:1956: gpu-copy-then-formula
  route:destination-read:DrawRect:1958: gpu-copy-then-formula
  route:destination-read:DrawRect:1960: gpu-copy-then-formula
  route:destination-read:DrawRect:1962: gpu-copy-then-formula
  route:destination-read:DrawRect:1964: gpu-copy-then-formula
  route:destination-read:DrawRect:1966: gpu-copy-then-formula
  route:destination-read:DrawRect:1968: gpu-copy-then-formula
  route:destination-read:DrawRect:1970: gpu-copy-then-formula
  route:destination-read:DrawRect:1972: gpu-copy-then-formula
  route:destination-read:DrawRect:1974: gpu-copy-then-formula
  route:destination-read:DrawRect:1976: gpu-copy-then-formula
  route:destination-read:DrawRect:1978: gpu-copy-then-formula
  route:destination-read:DrawRect:1980: gpu-copy-then-formula
  route:destination-read:DrawRect:1982: gpu-copy-then-formula
  route:destination-read:DrawRect:1984: gpu-copy-then-formula
  route:destination-read:DrawRect:1986: gpu-copy-then-formula
  route:destination-read:DrawRect:1988: gpu-copy-then-formula
  route:destination-read:DrawRect:1990: gpu-copy-then-formula
  route:destination-read:DrawRect:1992: gpu-copy-then-formula
  route:destination-read:DrawRect:1994: gpu-copy-then-formula
  route:destination-read:DrawRect:1996: gpu-copy-then-formula
  route:destination-read:DrawRect:1998: gpu-copy-then-formula
  route:destination-read:DrawRect:2000: gpu-copy-then-formula
  route:destination-read:DrawRect:2002: gpu-copy-then-formula
  route:destination-read:DrawRect:2004: gpu-copy-then-formula
  route:destination-read:DrawRect:2006: gpu-copy-then-formula
  route:destination-read:DrawRect:2008: gpu-copy-then-formula
  route:destination-read:DrawRect:2010: gpu-copy-then-formula
  route:destination-read:DrawRect:2012: gpu-copy-then-formula
  route:destination-read:DrawRect:2014: gpu-copy-then-formula
  route:destination-read:DrawRect:2016: gpu-copy-then-formula
  route:destination-read:DrawRect:2018: gpu-copy-then-formula
  route:destination-read:DrawRect:2020: gpu-copy-then-formula
  route:destination-read:DrawRect:2022: gpu-copy-then-formula
  route:destination-read:DrawRect:2024: gpu-copy-then-formula
  route:destination-read:DrawRect:2026: gpu-copy-then-formula
  route:destination-read:DrawRect:2028: gpu-copy-then-formula
  route:destination-read:DrawRect:2030: gpu-copy-then-formula
  route:destination-read:DrawRect:2032: gpu-copy-then-formula
  route:destination-read:DrawRect:2034: gpu-copy-then-formula
  route:destination-read:DrawRect:2036: gpu-copy-then-formula
  route:destination-read:DrawRect:2038: gpu-copy-then-formula
  route:destination-read:DrawRect:2040: gpu-copy-then-formula
  route:destination-read:DrawRect:2042: gpu-copy-then-formula
  route:destination-read:DrawRect:2044: gpu-copy-then-formula
  route:destination-read:DrawRect:2046: gpu-copy-then-formula
  route:destination-read:DrawRect:2048: gpu-copy-then-formula
  route:destination-read:DrawRect:2050: gpu-copy-then-formula
  route:destination-read:DrawRect:2052: gpu-copy-then-formula
  route:destination-read:DrawRect:2054: gpu-copy-then-formula
  route:destination-read:DrawRect:2056: gpu-copy-then-formula
  route:destination-read:DrawRect:2058: gpu-copy-then-formula
  route:destination-read:DrawRect:2060: gpu-copy-then-formula
  route:destination-read:DrawRect:2062: gpu-copy-then-formula
  route:destination-read:DrawRect:2064: gpu-copy-then-formula
  route:destination-read:DrawRect:2066: gpu-copy-then-formula
  route:destination-read:DrawRect:2068: gpu-copy-then-formula
  route:destination-read:DrawRect:2070: gpu-copy-then-formula
  route:destination-read:DrawRect:2072: gpu-copy-then-formula
  route:destination-read:DrawRect:2074: gpu-copy-then-formula
  route:destination-read:DrawRect:2076: gpu-copy-then-formula
  route:destination-read:DrawRect:2078: gpu-copy-then-formula
  route:destination-read:DrawRect:2080: gpu-copy-then-formula
  route:destination-read:DrawRect:2082: gpu-copy-then-formula
  route:destination-read:DrawRect:2084: gpu-copy-then-formula
  route:destination-read:DrawRect:2086: gpu-copy-then-formula
  route:destination-read:DrawRect:2088: gpu-copy-then-formula
  route:destination-read:DrawRect:2090: gpu-copy-then-formula
  route:destination-read:DrawRect:2092: gpu-copy-then-formula
  route:destination-read:DrawRect:2094: gpu-copy-then-formula
  route:destination-read:DrawRect:2096: gpu-copy-then-formula
  route:destination-read:DrawRect:2098: gpu-copy-then-formula
  route:destination-read:DrawRect:2100: gpu-copy-then-formula
  route:destination-read:DrawRect:2102: gpu-copy-then-formula
  route:destination-read:DrawRect:2104: gpu-copy-then-formula
  route:destination-read:DrawRect:2106: gpu-copy-then-formula
  route:destination-read:DrawRect:2108: gpu-copy-then-formula
  route:destination-read:DrawRect:2110: gpu-copy-then-formula
  route:destination-read:DrawRect:2112: gpu-copy-then-formula
  route:destination-read:DrawRect:2114: gpu-copy-then-formula
  route:destination-read:DrawRect:2116: gpu-copy-then-formula
  route:destination-read:DrawRect:2118: gpu-copy-then-formula
  route:destination-read:DrawRect:2120: gpu-copy-then-formula
  route:destination-read:DrawRect:2122: gpu-copy-then-formula
  route:destination-read:DrawRect:2124: gpu-copy-then-formula
  route:destination-read:DrawRect:2126: gpu-copy-then-formula
  route:destination-read:DrawRect:2128: gpu-copy-then-formula
  route:destination-read:DrawRect:2130: gpu-copy-then-formula
  route:destination-read:DrawRect:2132: gpu-copy-then-formula
  route:destination-read:DrawRect:2134: gpu-copy-then-formula
  route:destination-read:DrawRect:2136: gpu-copy-then-formula
  route:destination-read:DrawRect:2138: gpu-copy-then-formula
  route:destination-read:DrawRect:2140: gpu-copy-then-formula
  route:destination-read:DrawRect:2142: gpu-copy-then-formula
  route:destination-read:DrawRect:2144: gpu-copy-then-formula
  route:destination-read:DrawRect:2146: gpu-copy-then-formula
  route:destination-read:DrawRect:2148: gpu-copy-then-formula
  route:destination-read:DrawRect:2150: gpu-copy-then-formula
  route:destination-read:DrawRect:2152: gpu-copy-then-formula
  route:destination-read:DrawRect:2154: gpu-copy-then-formula
  route:destination-read:DrawRect:2156: gpu-copy-then-formula
  route:destination-read:DrawRect:2158: gpu-copy-then-formula
  route:destination-read:DrawRect:2160: gpu-copy-then-formula
  route:destination-read:DrawRect:2162: gpu-copy-then-formula
  route:destination-read:DrawRect:2164: gpu-copy-then-formula
  route:destination-read:DrawRect:2166: gpu-copy-then-formula
  route:destination-read:DrawRect:2168: gpu-copy-then-formula
  route:destination-read:DrawRect:2170: gpu-copy-then-formula
  route:destination-read:DrawRect:2172: gpu-copy-then-formula
  route:destination-read:DrawRect:2174: gpu-copy-then-formula
  route:destination-read:DrawRect:2176: gpu-copy-then-formula
  route:destination-read:DrawRect:2178: gpu-copy-then-formula
  route:destination-read:DrawRect:2180: gpu-copy-then-formula
  route:destination-read:DrawRect:2182: gpu-copy-then-formula
  route:destination-read:DrawRect:2184: gpu-copy-then-formula
  route:destination-read:DrawRect:2186: gpu-copy-then-formula
  route:destination-read:DrawRect:2188: gpu-copy-then-formula
  route:destination-read:DrawRect:2190: gpu-copy-then-formula
  route:destination-read:DrawRect:2192: gpu-copy-then-formula
  route:destination-read:DrawRect:2194: gpu-copy-then-formula
  route:destination-read:DrawRect:2196: gpu-copy-then-formula
  route:destination-read:DrawRect:2198: gpu-copy-then-formula
  route:destination-read:DrawRect:2200: gpu-copy-then-formula
  route:destination-read:DrawRect:2202: gpu-copy-then-formula
  route:destination-read:DrawRect:2204: gpu-copy-then-formula
  route:destination-read:DrawRect:2206: gpu-copy-then-formula
  route:destination-read:DrawRect:2208: gpu-copy-then-formula
  route:destination-read:DrawRect:2210: gpu-copy-then-formula
  route:destination-read:DrawRect:2212: gpu-copy-then-formula
  route:destination-read:DrawRect:2214: gpu-copy-then-formula
  route:destination-read:DrawRect:2216: gpu-copy-then-formula
  route:destination-read:DrawRect:2218: gpu-copy-then-formula
  route:destination-read:DrawRect:2220: gpu-copy-then-formula
  route:destination-read:DrawRect:2222: gpu-copy-then-formula
  route:destination-read:DrawRect:2224: gpu-copy-then-formula
  route:destination-read:DrawRect:2226: gpu-copy-then-formula
  route:destination-read:DrawRect:2228: gpu-copy-then-formula
  route:destination-read:DrawRect:2230: gpu-copy-then-formula
  route:destination-read:DrawRect:2232: gpu-copy-then-formula
  route:destination-read:DrawRect:2234: gpu-copy-then-formula
  route:destination-read:DrawRect:2236: gpu-copy-then-formula
  route:destination-read:DrawRect:2238: gpu-copy-then-formula
  route:destination-read:DrawRect:2240: gpu-copy-then-formula
  route:destination-read:DrawRect:2242: gpu-copy-then-formula
  route:destination-read:DrawRect:2244: gpu-copy-then-formula
  route:destination-read:DrawRect:2246: gpu-copy-then-formula
  route:destination-read:DrawRect:2248: gpu-copy-then-formula
  route:destination-read:DrawRect:2250: gpu-copy-then-formula
  route:destination-read:DrawRect:2252: gpu-copy-then-formula
  route:destination-read:DrawRect:2254: gpu-copy-then-formula
  route:destination-read:DrawRect:2256: gpu-copy-then-formula
  route:destination-read:DrawRect:2258: gpu-copy-then-formula
  route:destination-read:DrawRect:2260: gpu-copy-then-formula
  route:destination-read:DrawRect:2262: gpu-copy-then-formula
  route:destination-read:DrawRect:2264: gpu-copy-then-formula
  route:destination-read:DrawRect:2266: gpu-copy-then-formula
  route:destination-read:DrawRect:2268: gpu-copy-then-formula
  route:destination-read:DrawRect:2270: gpu-copy-then-formula
  route:destination-read:DrawRect:2272: gpu-copy-then-formula
  route:destination-read:DrawRect:2274: gpu-copy-then-formula
  route:destination-read:DrawRect:2276: gpu-copy-then-formula
  route:destination-read:DrawRect:2278: gpu-copy-then-formula
  route:destination-read:DrawRect:2280: gpu-copy-then-formula
  route:destination-read:DrawRect:2282: gpu-copy-then-formula
  route:destination-read:DrawRect:2284: gpu-copy-then-formula
  route:destination-read:DrawRect:2286: gpu-copy-then-formula
  route:destination-read:DrawRect:2288: gpu-copy-then-formula
  route:destination-read:DrawRect:2290: gpu-copy-then-formula
  route:destination-read:DrawRect:2292: gpu-copy-then-formula
  route:destination-read:DrawRect:2294: gpu-copy-then-formula
  route:destination-read:DrawRect:2296: gpu-copy-then-formula
  route:destination-read:DrawRect:2298: gpu-copy-then-formula
  route:destination-read:DrawRect:2300: gpu-copy-then-formula
  route:destination-read:DrawRect:2302: gpu-copy-then-formula
  route:destination-read:DrawRect:2304: gpu-copy-then-formula
  route:destination-read:DrawRect:2306: gpu-copy-then-formula
  route:destination-read:DrawRect:2308: gpu-copy-then-formula
  route:destination-read:DrawRect:2310: gpu-copy-then-formula
  route:destination-read:DrawRect:2312: gpu-copy-then-formula
  route:destination-read:DrawRect:2314: gpu-copy-then-formula
  route:destination-read:DrawRect:2316: gpu-copy-then-formula
  route:destination-read:DrawRect:2318: gpu-copy-then-formula
  route:destination-read:DrawRect:2320: gpu-copy-then-formula
  route:destination-read:DrawRect:2322: gpu-copy-then-formula
  route:destination-read:DrawRect:2324: gpu-copy-then-formula
  route:destination-read:DrawRect:2326: gpu-copy-then-formula
  route:destination-read:DrawRect:2328: gpu-copy-then-formula
  route:destination-read:DrawRect:2330: gpu-copy-then-formula
  route:destination-read:DrawRect:2332: gpu-copy-then-formula
  route:destination-read:DrawRect:2334: gpu-copy-then-formula
  route:destination-read:DrawRect:2336: gpu-copy-then-formula
  route:destination-read:DrawRect:2338: gpu-copy-then-formula
  route:destination-read:DrawRect:2340: gpu-copy-then-formula
  route:destination-read:DrawRect:2342: gpu-copy-then-formula
  route:destination-read:DrawRect:2344: gpu-copy-then-formula
  route:destination-read:DrawRect:2346: gpu-copy-then-formula
  route:destination-read:DrawRect:2348: gpu-copy-then-formula
  route:destination-read:DrawRect:2350: gpu-copy-then-formula
  route:destination-read:DrawRect:2352: gpu-copy-then-formula
  route:destination-read:DrawRect:2354: gpu-copy-then-formula
  route:destination-read:DrawRect:2356: gpu-copy-then-formula
  route:destination-read:DrawRect:2358: gpu-copy-then-formula
  route:destination-read:DrawRect:2360: gpu-copy-then-formula
  route:destination-read:DrawRect:2362: gpu-copy-then-formula
  route:destination-read:DrawRect:2364: gpu-copy-then-formula
  route:destination-read:DrawRect:2366: gpu-copy-then-formula
  route:destination-read:DrawRect:2368: gpu-copy-then-formula
  route:destination-read:DrawRect:2370: gpu-copy-then-formula
  route:destination-read:DrawRect:2372: gpu-copy-then-formula
  route:destination-read:DrawRect:2374: gpu-copy-then-formula
  route:destination-read:DrawRect:2376: gpu-copy-then-formula
  route:destination-read:DrawRect:2378: gpu-copy-then-formula
  route:destination-read:DrawRect:2380: gpu-copy-then-formula
Exception in thread "Thread-172" java.lang.InterruptedException: sleep interrupted
[FAIL] 169 offsetimagefilter (74ms) unsupported.image.native_binding: Prepared Surface operation could not be lowered.
	at java.base/java.lang.Thread.sleepNanos0(Native Method)
	at java.base/java.lang.Thread.sleepNanos(Thread.java:509)
	at java.base/java.lang.Thread.sleep(Thread.java:540)
	at org.graphiks.kanvas.skia.SkiaGmScannerKt.main$lambda$2(SkiaGmScanner.kt:134)
	at java.base/java.lang.Thread.run(Thread.java:1474)
[FAIL] 170 overdraw_canvas (38ms) unsupported.image.native_binding: Prepared Surface operation could not be lowered.
Exception in thread "Thread-173" java.lang.InterruptedException: sleep interrupted
	at java.base/java.lang.Thread.sleepNanos0(Native Method)
	at java.base/java.lang.Thread.sleepNanos(Thread.java:509)
	at java.base/java.lang.Thread.sleep(Thread.java:540)
	at org.graphiks.kanvas.skia.SkiaGmScannerKt.main$lambda$2(SkiaGmScanner.kt:134)
	at java.base/java.lang.Thread.run(Thread.java:1474)
[FAIL] 171 overdrawcolorfilter (0ms) unsupported.image.native_binding: Prepared Surface operation could not be lowered.
Exception in thread "Thread-174" java.lang.InterruptedException: sleep interrupted
	at java.base/java.lang.Thread.sleepNanos0(Native Method)
	at java.base/java.lang.Thread.sleepNanos(Thread.java:509)
	at java.base/java.lang.Thread.sleep(Thread.java:540)
	at org.graphiks.kanvas.skia.SkiaGmScannerKt.main$lambda$2(SkiaGmScanner.kt:134)
	at java.base/java.lang.Thread.run(Thread.java:1474)
Exception in thread "Thread-175" java.lang.InterruptedException: sleep interrupted
[FAIL] 172 patch_alpha (96ms) failed.prepared-surface.materialization: Mixed prepared-surface materialization failed: IllegalArgumentException: List has more than one element..
	at java.base/java.lang.Thread.sleepNanos0(Native Method)
	at java.base/java.lang.Thread.sleepNanos(Thread.java:509)
	at java.base/java.lang.Thread.sleep(Thread.java:540)
	at org.graphiks.kanvas.skia.SkiaGmScannerKt.main$lambda$2(SkiaGmScanner.kt:134)
	at java.base/java.lang.Thread.run(Thread.java:1474)
[FAIL] 173 patch_alpha_test (3ms) unsupported.core_primitive.stencil_edge_fan_budget: Core primitive geometry cannot be lowered exactly by the current canonical route.
Exception in thread "Thread-176" java.lang.InterruptedException: sleep interrupted
	at java.base/java.lang.Thread.sleepNanos0(Native Method)
	at java.base/java.lang.Thread.sleepNanos(Thread.java:509)
	at java.base/java.lang.Thread.sleep(Thread.java:540)
	at org.graphiks.kanvas.skia.SkiaGmScannerKt.main$lambda$2(SkiaGmScanner.kt:134)
	at java.base/java.lang.Thread.run(Thread.java:1474)
[FAIL] 174 patch_image (70ms) unsupported.prepared-vertices.sampled-material: Prepared-vertices material sha256:37e57c289d3862ef3788e7bf1a87609e752ce2d7e2ad3532ca5c627999b83aae samples frame resources that require the sampled-material materializer.
Exception in thread "Thread-177" java.lang.InterruptedException: sleep interrupted
	at java.base/java.lang.Thread.sleepNanos0(Native Method)
	at java.base/java.lang.Thread.sleepNanos(Thread.java:509)
	at java.base/java.lang.Thread.sleep(Thread.java:540)
	at org.graphiks.kanvas.skia.SkiaGmScannerKt.main$lambda$2(SkiaGmScanner.kt:134)
	at java.base/java.lang.Thread.run(Thread.java:1474)
[FAIL] 175 patch_image_persp (7ms) unsupported.vertices.material: Prepared Surface operation could not be lowered.
Exception in thread "Thread-178" java.lang.InterruptedException: sleep interrupted
	at java.base/java.lang.Thread.sleepNanos0(Native Method)
	at java.base/java.lang.Thread.sleepNanos(Thread.java:509)
	at java.base/java.lang.Thread.sleep(Thread.java:540)
	at org.graphiks.kanvas.skia.SkiaGmScannerKt.main$lambda$2(SkiaGmScanner.kt:134)
	at java.base/java.lang.Thread.run(Thread.java:1474)
[FAIL] 176 patch_primitive (66ms) failed.prepared-surface.materialization: Mixed prepared-surface materialization failed: IllegalArgumentException: List has more than one element..
Exception in thread "Thread-179" java.lang.InterruptedException: sleep interrupted
	at java.base/java.lang.Thread.sleepNanos0(Native Method)
	at java.base/java.lang.Thread.sleepNanos(Thread.java:509)
	at java.base/java.lang.Thread.sleep(Thread.java:540)
	at org.graphiks.kanvas.skia.SkiaGmScannerKt.main$lambda$2(SkiaGmScanner.kt:134)
	at java.base/java.lang.Thread.run(Thread.java:1474)
[FAIL] 177 perlinnoise (2ms) unsupported.core_primitive.coverage_sample.scalar_aa_not_promoted: ScalarAA coverage is promoted only by the exact single-sample B3.5b analytic route.
Exception in thread "Thread-180" java.lang.InterruptedException: sleep interrupted
	at java.base/java.lang.Thread.sleepNanos0(Native Method)
	at java.base/java.lang.Thread.sleepNanos(Thread.java:509)
	at java.base/java.lang.Thread.sleep(Thread.java:540)
	at org.graphiks.kanvas.skia.SkiaGmScannerKt.main$lambda$2(SkiaGmScanner.kt:134)
	at java.base/java.lang.Thread.run(Thread.java:1474)
[FAIL] 178 perlinnoise_layered (0ms) unsupported.composite.paint: Prepared Surface composite could not be lowered.
Exception in thread "Thread-181" java.lang.InterruptedException: sleep interrupted
	at java.base/java.lang.Thread.sleepNanos0(Native Method)
	at java.base/java.lang.Thread.sleepNanos(Thread.java:509)
	at java.base/java.lang.Thread.sleep(Thread.java:540)
	at org.graphiks.kanvas.skia.SkiaGmScannerKt.main$lambda$2(SkiaGmScanner.kt:134)
	at java.base/java.lang.Thread.run(Thread.java:1474)
[DONE] 179 perlinnoise_localmatrix (15ms)
Exception in thread "Thread-182" java.lang.InterruptedException: sleep interrupted
	at java.base/java.lang.Thread.sleepNanos0(Native Method)
	at java.base/java.lang.Thread.sleepNanos(Thread.java:509)
	at java.base/java.lang.Thread.sleep(Thread.java:540)
	at org.graphiks.kanvas.skia.SkiaGmScannerKt.main$lambda$2(SkiaGmScanner.kt:134)
	at java.base/java.lang.Thread.run(Thread.java:1474)
[FAIL] 180 perlinnoise_rotated (1ms) unsupported.geometry.path_key_nondeterministic: unsupported.geometry.path_key_nondeterministic
Exception in thread "Thread-183" java.lang.InterruptedException: sleep interrupted
	at java.base/java.lang.Thread.sleepNanos0(Native Method)
	at java.base/java.lang.Thread.sleepNanos(Thread.java:509)
	at java.base/java.lang.Thread.sleep(Thread.java:540)
	at org.graphiks.kanvas.skia.SkiaGmScannerKt.main$lambda$2(SkiaGmScanner.kt:134)
	at java.base/java.lang.Thread.run(Thread.java:1474)
[FAIL] 181 PlusMergesAA (2ms) unsupported.layer.bounds_unbounded: Prepared Surface composite could not be lowered.
Exception in thread "Thread-184" java.lang.InterruptedException: sleep interrupted
	at java.base/java.lang.Thread.sleepNanos0(Native Method)
	at java.base/java.lang.Thread.sleepNanos(Thread.java:509)
	at java.base/java.lang.Thread.sleep(Thread.java:540)
	at org.graphiks.kanvas.skia.SkiaGmScannerKt.main$lambda$2(SkiaGmScanner.kt:134)
	at java.base/java.lang.Thread.run(Thread.java:1474)
[FAIL] 182 rasterallocator (6ms) unsupported.core_primitive.coverage_sample.scalar_aa_not_promoted: ScalarAA coverage is promoted only by the exact single-sample B3.5b analytic route.
Exception in thread "Thread-185" java.lang.InterruptedException: sleep interrupted
	at java.base/java.lang.Thread.sleepNanos0(Native Method)
	at java.base/java.lang.Thread.sleepNanos(Thread.java:509)
	at java.base/java.lang.Thread.sleep(Thread.java:540)
	at org.graphiks.kanvas.skia.SkiaGmScannerKt.main$lambda$2(SkiaGmScanner.kt:134)
	at java.base/java.lang.Thread.run(Thread.java:1474)
[FAIL] 183 recordopts (51ms) unsupported.composite.operation: Prepared Surface composite could not be lowered.
Exception in thread "Thread-186" java.lang.InterruptedException: sleep interrupted
	at java.base/java.lang.Thread.sleepNanos0(Native Method)
	at java.base/java.lang.Thread.sleepNanos(Thread.java:509)
	at java.base/java.lang.Thread.sleep(Thread.java:540)
	at org.graphiks.kanvas.skia.SkiaGmScannerKt.main$lambda$2(SkiaGmScanner.kt:134)
	at java.base/java.lang.Thread.run(Thread.java:1474)
Exception in thread "Thread-187" java.lang.InterruptedException: sleep interrupted
[FAIL] 184 rotate_imagefilter (0ms) invalid.core_primitive.coverage_sample.stencil_1x_requires_single_sample: Stencil1x requires a single-sample frame and cannot be relabeled as multisample coverage.
	at java.base/java.lang.Thread.sleepNanos0(Native Method)
	at java.base/java.lang.Thread.sleepNanos(Thread.java:509)
	at java.base/java.lang.Thread.sleep(Thread.java:540)
	at org.graphiks.kanvas.skia.SkiaGmScannerKt.main$lambda$2(SkiaGmScanner.kt:134)
	at java.base/java.lang.Thread.run(Thread.java:1474)
[FAIL] 185 runtimecolorfilter_vertices_atlas_and_patch (1ms) invalid.surface.prepared.empty-frame-accounting: A prepared no-op frame requires every text operation to have exact elided or culled authority.
Exception in thread "Thread-188" java.lang.InterruptedException: sleep interrupted
	at java.base/java.lang.Thread.sleepNanos0(Native Method)
	at java.base/java.lang.Thread.sleepNanos(Thread.java:509)
	at java.base/java.lang.Thread.sleep(Thread.java:540)
	at org.graphiks.kanvas.skia.SkiaGmScannerKt.main$lambda$2(SkiaGmScanner.kt:134)
	at java.base/java.lang.Thread.run(Thread.java:1474)
Exception in thread "Thread-189" java.lang.InterruptedException: sleep interrupted
[FAIL] 186 gpusamplerstress (27ms) unsupported.material.mapping.image_tile_mode: Prepared Surface operation could not be lowered.
	at java.base/java.lang.Thread.sleepNanos0(Native Method)
	at java.base/java.lang.Thread.sleepNanos(Thread.java:509)
	at java.base/java.lang.Thread.sleep(Thread.java:540)
	at org.graphiks.kanvas.skia.SkiaGmScannerKt.main$lambda$2(SkiaGmScanner.kt:134)
	at java.base/java.lang.Thread.run(Thread.java:1474)
[DONE] 187 save_behind (19ms)
Exception in thread "Thread-190" java.lang.InterruptedException: sleep interrupted
	at java.base/java.lang.Thread.sleepNanos0(Native Method)
	at java.base/java.lang.Thread.sleepNanos(Thread.java:509)
	at java.base/java.lang.Thread.sleep(Thread.java:540)
	at org.graphiks.kanvas.skia.SkiaGmScannerKt.main$lambda$2(SkiaGmScanner.kt:134)
	at java.base/java.lang.Thread.run(Thread.java:1474)
[FAIL] 188 savelayer_f16 (0ms) unsupported.composite.paint: Prepared Surface composite could not be lowered.
Exception in thread "Thread-191" java.lang.InterruptedException: sleep interrupted
	at java.base/java.lang.Thread.sleepNanos0(Native Method)
	at java.base/java.lang.Thread.sleepNanos(Thread.java:509)
	at java.base/java.lang.Thread.sleep(Thread.java:540)
	at org.graphiks.kanvas.skia.SkiaGmScannerKt.main$lambda$2(SkiaGmScanner.kt:134)
	at java.base/java.lang.Thread.run(Thread.java:1474)
[DONE] 189 savelayer_initfromprev (8ms)
Exception in thread "Thread-192" java.lang.InterruptedException: sleep interrupted
	at java.base/java.lang.Thread.sleepNanos0(Native Method)
	at java.base/java.lang.Thread.sleepNanos(Thread.java:509)
	at java.base/java.lang.Thread.sleep(Thread.java:540)
	at org.graphiks.kanvas.skia.SkiaGmScannerKt.main$lambda$2(SkiaGmScanner.kt:134)
	at java.base/java.lang.Thread.run(Thread.java:1474)
[FAIL] 190 shadermaskfilter_gradient (1ms) unsupported.core_primitive.stencil_edge_fan_budget: Core primitive geometry cannot be lowered exactly by the current canonical route.
Exception in thread "Thread-193" java.lang.InterruptedException: sleep interrupted
	at java.base/java.lang.Thread.sleepNanos0(Native Method)
	at java.base/java.lang.Thread.sleepNanos(Thread.java:509)
	at java.base/java.lang.Thread.sleep(Thread.java:540)
	at org.graphiks.kanvas.skia.SkiaGmScannerKt.main$lambda$2(SkiaGmScanner.kt:134)
	at java.base/java.lang.Thread.run(Thread.java:1474)
[FAIL] 191 shadow_utils_gray (1ms) unsupported.core_primitive.stencil_edge_fan_budget: Core primitive geometry cannot be lowered exactly by the current canonical route.
Exception in thread "Thread-194" java.lang.InterruptedException: sleep interrupted
	at java.base/java.lang.Thread.sleepNanos0(Native Method)
	at java.base/java.lang.Thread.sleepNanos(Thread.java:509)
	at java.base/java.lang.Thread.sleep(Thread.java:540)
	at org.graphiks.kanvas.skia.SkiaGmScannerKt.main$lambda$2(SkiaGmScanner.kt:134)
	at java.base/java.lang.Thread.run(Thread.java:1474)
[FAIL] 192 shadow_utils_occl (0ms) unsupported.core_primitive.stencil_edge_fan_budget: Core primitive geometry cannot be lowered exactly by the current canonical route.
Exception in thread "Thread-195" java.lang.InterruptedException: sleep interrupted
	at java.base/java.lang.Thread.sleepNanos0(Native Method)
	at java.base/java.lang.Thread.sleepNanos(Thread.java:509)
	at java.base/java.lang.Thread.sleep(Thread.java:540)
	at org.graphiks.kanvas.skia.SkiaGmScannerKt.main$lambda$2(SkiaGmScanner.kt:134)
	at java.base/java.lang.Thread.run(Thread.java:1474)
[FAIL] 193 simple-offsetimagefilter (0ms) unsupported.geometry.path_key_nondeterministic: unsupported.geometry.path_key_nondeterministic
Exception in thread "Thread-196" java.lang.InterruptedException: sleep interrupted
	at java.base/java.lang.Thread.sleepNanos0(Native Method)
	at java.base/java.lang.Thread.sleepNanos(Thread.java:509)
	at java.base/java.lang.Thread.sleep(Thread.java:540)
	at org.graphiks.kanvas.skia.SkiaGmScannerKt.main$lambda$2(SkiaGmScanner.kt:134)
	at java.base/java.lang.Thread.run(Thread.java:1474)
[FAIL] 194 sk3d_simple (0ms) unsupported.surface.prepared.mixed-composite-topology: Prepared Surface composite frames cannot cover the picture topology.
Exception in thread "Thread-197" java.lang.InterruptedException: sleep interrupted
	at java.base/java.lang.Thread.sleepNanos0(Native Method)
	at java.base/java.lang.Thread.sleepNanos(Thread.java:509)
	at java.base/java.lang.Thread.sleep(Thread.java:540)
	at org.graphiks.kanvas.skia.SkiaGmScannerKt.main$lambda$2(SkiaGmScanner.kt:134)
	at java.base/java.lang.Thread.run(Thread.java:1474)
Exception in thread "Thread-198" java.lang.InterruptedException: sleep interrupted
[DONE] 195 skbug_14554 (9ms)
	at java.base/java.lang.Thread.sleepNanos0(Native Method)
	at java.base/java.lang.Thread.sleepNanos(Thread.java:509)
	at java.base/java.lang.Thread.sleep(Thread.java:540)
	at org.graphiks.kanvas.skia.SkiaGmScannerKt.main$lambda$2(SkiaGmScanner.kt:134)
	at java.base/java.lang.Thread.run(Thread.java:1474)
Exception in thread "Thread-199" java.lang.InterruptedException: sleep interrupted
[FAIL] 196 srcmode (194ms) invalid.preflight.text.blend: Prepared Surface operation could not be lowered.
	at java.base/java.lang.Thread.sleepNanos0(Native Method)
	at java.base/java.lang.Thread.sleepNanos(Thread.java:509)
	at java.base/java.lang.Thread.sleep(Thread.java:540)
	at org.graphiks.kanvas.skia.SkiaGmScannerKt.main$lambda$2(SkiaGmScanner.kt:134)
	at java.base/java.lang.Thread.run(Thread.java:1474)
[FAIL] 197 srgb_colorfilter (0ms) unsupported.image.alpha_interpretation: Prepared Surface operation could not be lowered.
Exception in thread "Thread-200" java.lang.InterruptedException: sleep interrupted
	at java.base/java.lang.Thread.sleepNanos0(Native Method)
	at java.base/java.lang.Thread.sleepNanos(Thread.java:509)
	at java.base/java.lang.Thread.sleep(Thread.java:540)
	at org.graphiks.kanvas.skia.SkiaGmScannerKt.main$lambda$2(SkiaGmScanner.kt:134)
	at java.base/java.lang.Thread.run(Thread.java:1474)
[FAIL] 198 tablecolorfilter (1ms) unsupported.material.linear_gradient_capability_missing: unsupported.material.linear_gradient_capability_missing
Exception in thread "Thread-201" java.lang.InterruptedException: sleep interrupted
	at java.base/java.lang.Thread.sleepNanos0(Native Method)
	at java.base/java.lang.Thread.sleepNanos(Thread.java:509)
	at java.base/java.lang.Thread.sleep(Thread.java:540)
	at org.graphiks.kanvas.skia.SkiaGmScannerKt.main$lambda$2(SkiaGmScanner.kt:134)
	at java.base/java.lang.Thread.run(Thread.java:1474)
[FAIL] 199 extractalpha (1ms) unsupported.image.alpha_interpretation: Prepared Surface operation could not be lowered.
Exception in thread "Thread-202" java.lang.InterruptedException: sleep interrupted
	at java.base/java.lang.Thread.sleepNanos0(Native Method)
	at java.base/java.lang.Thread.sleepNanos(Thread.java:509)
	at java.base/java.lang.Thread.sleep(Thread.java:540)
	at org.graphiks.kanvas.skia.SkiaGmScannerKt.main$lambda$2(SkiaGmScanner.kt:134)
	at java.base/java.lang.Thread.run(Thread.java:1474)
[FAIL] 200 tileimagefilter (61ms) unsupported.composite.paint: Prepared Surface composite could not be lowered.
Exception in thread "Thread-203" java.lang.InterruptedException: sleep interrupted
	at java.base/java.lang.Thread.sleepNanos0(Native Method)
	at java.base/java.lang.Thread.sleepNanos(Thread.java:509)
	at java.base/java.lang.Thread.sleep(Thread.java:540)
	at org.graphiks.kanvas.skia.SkiaGmScannerKt.main$lambda$2(SkiaGmScanner.kt:134)
	at java.base/java.lang.Thread.run(Thread.java:1474)
[FAIL] 201 transparency_check (424ms) unsupported.material.linear_gradient_capability_missing: unsupported.material.linear_gradient_capability_missing
Exception in thread "Thread-204" java.lang.InterruptedException: sleep interrupted
	at java.base/java.lang.Thread.sleepNanos0(Native Method)
	at java.base/java.lang.Thread.sleepNanos(Thread.java:509)
	at java.base/java.lang.Thread.sleep(Thread.java:540)
	at org.graphiks.kanvas.skia.SkiaGmScannerKt.main$lambda$2(SkiaGmScanner.kt:134)
	at java.base/java.lang.Thread.run(Thread.java:1474)
[FAIL] 202 xfermodeimagefilter (80ms) unsupported.composite.operation: Prepared Surface composite could not be lowered.
Exception in thread "Thread-205" java.lang.InterruptedException: sleep interrupted
	at java.base/java.lang.Thread.sleepNanos0(Native Method)
	at java.base/java.lang.Thread.sleepNanos(Thread.java:509)
	at java.base/java.lang.Thread.sleep(Thread.java:540)
	at org.graphiks.kanvas.skia.SkiaGmScannerKt.main$lambda$2(SkiaGmScanner.kt:134)
	at java.base/java.lang.Thread.run(Thread.java:1474)
[FAIL] 203 xfermodes2 (1ms) unsupported.geometry.path_key_nondeterministic: unsupported.geometry.path_key_nondeterministic
Exception in thread "Thread-206" java.lang.InterruptedException: sleep interrupted
	at java.base/java.lang.Thread.sleepNanos0(Native Method)
	at java.base/java.lang.Thread.sleepNanos(Thread.java:509)
	at java.base/java.lang.Thread.sleep(Thread.java:540)
	at org.graphiks.kanvas.skia.SkiaGmScannerKt.main$lambda$2(SkiaGmScanner.kt:134)
	at java.base/java.lang.Thread.run(Thread.java:1474)
[FAIL] 204 xfermodes3 (13ms) unsupported.material.source_unimplemented: unsupported.material.source_unimplemented
Exception in thread "Thread-207" java.lang.InterruptedException: sleep interrupted
	at java.base/java.lang.Thread.sleepNanos0(Native Method)
	at java.base/java.lang.Thread.sleepNanos(Thread.java:509)
	at java.base/java.lang.Thread.sleep(Thread.java:540)
	at org.graphiks.kanvas.skia.SkiaGmScannerKt.main$lambda$2(SkiaGmScanner.kt:134)
	at java.base/java.lang.Thread.run(Thread.java:1474)
[FAIL] 205 xfermodes (4ms) unsupported.geometry.path_key_nondeterministic: unsupported.geometry.path_key_nondeterministic
Exception in thread "Thread-208" java.lang.InterruptedException: sleep interrupted
	at java.base/java.lang.Thread.sleepNanos0(Native Method)
	at java.base/java.lang.Thread.sleepNanos(Thread.java:509)
	at java.base/java.lang.Thread.sleep(Thread.java:540)
	at org.graphiks.kanvas.skia.SkiaGmScannerKt.main$lambda$2(SkiaGmScanner.kt:134)
	at java.base/java.lang.Thread.run(Thread.java:1474)
[FAIL] 206 alphagradients (0ms) unsupported.material.linear_gradient_capability_missing: unsupported.material.linear_gradient_capability_missing
Exception in thread "Thread-209" java.lang.InterruptedException: sleep interrupted
	at java.base/java.lang.Thread.sleepNanos0(Native Method)
	at java.base/java.lang.Thread.sleepNanos(Thread.java:509)
	at java.base/java.lang.Thread.sleep(Thread.java:540)
	at org.graphiks.kanvas.skia.SkiaGmScannerKt.main$lambda$2(SkiaGmScanner.kt:134)
	at java.base/java.lang.Thread.run(Thread.java:1474)
[FAIL] 207 analytic_gradients (0ms) unsupported.material.linear_gradient_capability_missing: unsupported.material.linear_gradient_capability_missing
Exception in thread "Thread-210" java.lang.InterruptedException: sleep interrupted
	at java.base/java.lang.Thread.sleepNanos0(Native Method)
	at java.base/java.lang.Thread.sleepNanos(Thread.java:509)
	at java.base/java.lang.Thread.sleep(Thread.java:540)
	at org.graphiks.kanvas.skia.SkiaGmScannerKt.main$lambda$2(SkiaGmScanner.kt:134)
	at java.base/java.lang.Thread.run(Thread.java:1474)
[FAIL] 208 bug6643 (0ms) unsupported.material.sweep_gradient_capability_missing: unsupported.material.sweep_gradient_capability_missing
Exception in thread "Thread-211" java.lang.InterruptedException: sleep interrupted
	at java.base/java.lang.Thread.sleepNanos0(Native Method)
	at java.base/java.lang.Thread.sleepNanos(Thread.java:509)
	at java.base/java.lang.Thread.sleep(Thread.java:540)
	at org.graphiks.kanvas.skia.SkiaGmScannerKt.main$lambda$2(SkiaGmScanner.kt:134)
	at java.base/java.lang.Thread.run(Thread.java:1474)
[FAIL] 209 clamped_gradients (0ms) unsupported.material.source_unimplemented: unsupported.material.source_unimplemented
Exception in thread "Thread-212" java.lang.InterruptedException: sleep interrupted
	at java.base/java.lang.Thread.sleepNanos0(Native Method)
	at java.base/java.lang.Thread.sleepNanos(Thread.java:509)
	at java.base/java.lang.Thread.sleep(Thread.java:540)
	at org.graphiks.kanvas.skia.SkiaGmScannerKt.main$lambda$2(SkiaGmScanner.kt:134)
	at java.base/java.lang.Thread.run(Thread.java:1474)
[FAIL] 210 gradients_2pt_conical_inside_nodither (0ms) unsupported.material.source_unimplemented: unsupported.material.source_unimplemented
Exception in thread "Thread-213" java.lang.InterruptedException: sleep interrupted
	at java.base/java.lang.Thread.sleepNanos0(Native Method)
	at java.base/java.lang.Thread.sleepNanos(Thread.java:509)
	at java.base/java.lang.Thread.sleep(Thread.java:540)
	at org.graphiks.kanvas.skia.SkiaGmScannerKt.main$lambda$2(SkiaGmScanner.kt:134)
	at java.base/java.lang.Thread.run(Thread.java:1474)
[FAIL] 211 gradients_2pt_conical_outside (0ms) unsupported.material.source_unimplemented: unsupported.material.source_unimplemented
Exception in thread "Thread-214" java.lang.InterruptedException: sleep interrupted
	at java.base/java.lang.Thread.sleepNanos0(Native Method)
	at java.base/java.lang.Thread.sleepNanos(Thread.java:509)
	at java.base/java.lang.Thread.sleep(Thread.java:540)
	at org.graphiks.kanvas.skia.SkiaGmScannerKt.main$lambda$2(SkiaGmScanner.kt:134)
	at java.base/java.lang.Thread.run(Thread.java:1474)
[FAIL] 212 crbug_938592 (0ms) unsupported.material.linear_gradient_capability_missing: unsupported.material.linear_gradient_capability_missing
Exception in thread "Thread-215" java.lang.InterruptedException: sleep interrupted
	at java.base/java.lang.Thread.sleepNanos0(Native Method)
	at java.base/java.lang.Thread.sleepNanos(Thread.java:509)
	at java.base/java.lang.Thread.sleep(Thread.java:540)
	at org.graphiks.kanvas.skia.SkiaGmScannerKt.main$lambda$2(SkiaGmScanner.kt:134)
	at java.base/java.lang.Thread.run(Thread.java:1474)
[FAIL] 213 degenerate_gradients (223ms) unsupported.material.gradient_tile_mode_unsupported: unsupported.material.gradient_tile_mode_unsupported
Exception in thread "Thread-216" java.lang.InterruptedException: sleep interrupted
	at java.base/java.lang.Thread.sleepNanos0(Native Method)
	at java.base/java.lang.Thread.sleepNanos(Thread.java:509)
	at java.base/java.lang.Thread.sleep(Thread.java:540)
	at org.graphiks.kanvas.skia.SkiaGmScannerKt.main$lambda$2(SkiaGmScanner.kt:134)
	at java.base/java.lang.Thread.run(Thread.java:1474)
[FAIL] 214 emptyshader (0ms) unsupported.geometry.path_key_nondeterministic: unsupported.geometry.path_key_nondeterministic
Exception in thread "Thread-217" java.lang.InterruptedException: sleep interrupted
	at java.base/java.lang.Thread.sleepNanos0(Native Method)
	at java.base/java.lang.Thread.sleepNanos(Thread.java:509)
	at java.base/java.lang.Thread.sleep(Thread.java:540)
	at org.graphiks.kanvas.skia.SkiaGmScannerKt.main$lambda$2(SkiaGmScanner.kt:134)
	at java.base/java.lang.Thread.run(Thread.java:1474)
[FAIL] 215 fillrect_gradient (0ms) unsupported.material.linear_gradient_capability_missing: unsupported.material.linear_gradient_capability_missing
Exception in thread "Thread-218" java.lang.InterruptedException: sleep interrupted
	at java.base/java.lang.Thread.sleepNanos0(Native Method)
	at java.base/java.lang.Thread.sleepNanos(Thread.java:509)
	at java.base/java.lang.Thread.sleep(Thread.java:540)
	at org.graphiks.kanvas.skia.SkiaGmScannerKt.main$lambda$2(SkiaGmScanner.kt:134)
	at java.base/java.lang.Thread.run(Thread.java:1474)
[FAIL] 216 gradient_dirty_laundry (0ms) unsupported.material.linear_gradient_capability_missing: unsupported.material.linear_gradient_capability_missing
Exception in thread "Thread-219" java.lang.InterruptedException: sleep interrupted
	at java.base/java.lang.Thread.sleepNanos0(Native Method)
	at java.base/java.lang.Thread.sleepNanos(Thread.java:509)
	at java.base/java.lang.Thread.sleep(Thread.java:540)
	at org.graphiks.kanvas.skia.SkiaGmScannerKt.main$lambda$2(SkiaGmScanner.kt:134)
	at java.base/java.lang.Thread.run(Thread.java:1474)
[FAIL] 217 gradients_many (1ms) unsupported.material.linear_gradient_capability_missing: unsupported.material.linear_gradient_capability_missing
Exception in thread "Thread-220" java.lang.InterruptedException: sleep interrupted
	at java.base/java.lang.Thread.sleepNanos0(Native Method)
	at java.base/java.lang.Thread.sleepNanos(Thread.java:509)
	at java.base/java.lang.Thread.sleep(Thread.java:540)
	at org.graphiks.kanvas.skia.SkiaGmScannerKt.main$lambda$2(SkiaGmScanner.kt:134)
	at java.base/java.lang.Thread.run(Thread.java:1474)
[FAIL] 218 gradient_many_hard_stops (0ms) unsupported.material.linear_gradient_capability_missing: unsupported.material.linear_gradient_capability_missing
Exception in thread "Thread-221" java.lang.InterruptedException: sleep interrupted
	at java.base/java.lang.Thread.sleepNanos0(Native Method)
	at java.base/java.lang.Thread.sleepNanos(Thread.java:509)
	at java.base/java.lang.Thread.sleep(Thread.java:540)
	at org.graphiks.kanvas.skia.SkiaGmScannerKt.main$lambda$2(SkiaGmScanner.kt:134)
	at java.base/java.lang.Thread.run(Thread.java:1474)
[FAIL] 219 gradient_many_stops (0ms) unsupported.material.linear_gradient_capability_missing: unsupported.material.linear_gradient_capability_missing
Exception in thread "Thread-222" java.lang.InterruptedException: sleep interrupted
	at java.base/java.lang.Thread.sleepNanos0(Native Method)
	at java.base/java.lang.Thread.sleepNanos(Thread.java:509)
	at java.base/java.lang.Thread.sleep(Thread.java:540)
	at org.graphiks.kanvas.skia.SkiaGmScannerKt.main$lambda$2(SkiaGmScanner.kt:134)
	at java.base/java.lang.Thread.run(Thread.java:1474)
[FAIL] 220 gradient_matrix (0ms) unsupported.material.linear_gradient_capability_missing: unsupported.material.linear_gradient_capability_missing
Exception in thread "Thread-223" java.lang.InterruptedException: sleep interrupted
	at java.base/java.lang.Thread.sleepNanos0(Native Method)
	at java.base/java.lang.Thread.sleepNanos(Thread.java:509)
	at java.base/java.lang.Thread.sleep(Thread.java:540)
	at org.graphiks.kanvas.skia.SkiaGmScannerKt.main$lambda$2(SkiaGmScanner.kt:134)
	at java.base/java.lang.Thread.run(Thread.java:1474)
[FAIL] 221 gradients_alpha_many_stops (0ms) unsupported.material.linear_gradient_capability_missing: unsupported.material.linear_gradient_capability_missing
Exception in thread "Thread-224" java.lang.InterruptedException: sleep interrupted
	at java.base/java.lang.Thread.sleepNanos0(Native Method)
	at java.base/java.lang.Thread.sleepNanos(Thread.java:509)
	at java.base/java.lang.Thread.sleep(Thread.java:540)
	at org.graphiks.kanvas.skia.SkiaGmScannerKt.main$lambda$2(SkiaGmScanner.kt:134)
	at java.base/java.lang.Thread.run(Thread.java:1474)
[FAIL] 222 gradients_color_space (0ms) unsupported.material.linear_gradient_capability_missing: unsupported.material.linear_gradient_capability_missing
Exception in thread "Thread-225" java.lang.InterruptedException: sleep interrupted
	at java.base/java.lang.Thread.sleepNanos0(Native Method)
	at java.base/java.lang.Thread.sleepNanos(Thread.java:509)
	at java.base/java.lang.Thread.sleep(Thread.java:540)
	at org.graphiks.kanvas.skia.SkiaGmScannerKt.main$lambda$2(SkiaGmScanner.kt:134)
	at java.base/java.lang.Thread.run(Thread.java:1474)
[FAIL] 223 gradients_color_space_many_stops (0ms) unsupported.material.linear_gradient_capability_missing: unsupported.material.linear_gradient_capability_missing
Exception in thread "Thread-226" java.lang.InterruptedException: sleep interrupted
	at java.base/java.lang.Thread.sleepNanos0(Native Method)
	at java.base/java.lang.Thread.sleepNanos(Thread.java:509)
	at java.base/java.lang.Thread.sleep(Thread.java:540)
	at org.graphiks.kanvas.skia.SkiaGmScannerKt.main$lambda$2(SkiaGmScanner.kt:134)
	at java.base/java.lang.Thread.run(Thread.java:1474)
[FAIL] 224 gradients_color_space_tilemode (0ms) unsupported.material.linear_gradient_capability_missing: unsupported.material.linear_gradient_capability_missing
Exception in thread "Thread-227" java.lang.InterruptedException: sleep interrupted
	at java.base/java.lang.Thread.sleepNanos0(Native Method)
	at java.base/java.lang.Thread.sleepNanos(Thread.java:509)
	at java.base/java.lang.Thread.sleep(Thread.java:540)
	at org.graphiks.kanvas.skia.SkiaGmScannerKt.main$lambda$2(SkiaGmScanner.kt:134)
	at java.base/java.lang.Thread.run(Thread.java:1474)
[FAIL] 225 gradients_degenerate_2pt (0ms) unsupported.material.source_unimplemented: unsupported.material.source_unimplemented
Exception in thread "Thread-228" java.lang.InterruptedException: sleep interrupted
	at java.base/java.lang.Thread.sleepNanos0(Native Method)
	at java.base/java.lang.Thread.sleepNanos(Thread.java:509)
	at java.base/java.lang.Thread.sleep(Thread.java:540)
	at org.graphiks.kanvas.skia.SkiaGmScannerKt.main$lambda$2(SkiaGmScanner.kt:134)
	at java.base/java.lang.Thread.run(Thread.java:1474)
[FAIL] 226 gradients_dup_color_stops (0ms) unsupported.material.linear_gradient_capability_missing: unsupported.material.linear_gradient_capability_missing
Exception in thread "Thread-229" java.lang.InterruptedException: sleep interrupted
	at java.base/java.lang.Thread.sleepNanos0(Native Method)
	at java.base/java.lang.Thread.sleepNanos(Thread.java:509)
	at java.base/java.lang.Thread.sleep(Thread.java:540)
	at org.graphiks.kanvas.skia.SkiaGmScannerKt.main$lambda$2(SkiaGmScanner.kt:134)
	at java.base/java.lang.Thread.run(Thread.java:1474)
[FAIL] 227 gradients (0ms) unsupported.material.linear_gradient_capability_missing: unsupported.material.linear_gradient_capability_missing
Exception in thread "Thread-230" java.lang.InterruptedException: sleep interrupted
	at java.base/java.lang.Thread.sleepNanos0(Native Method)
	at java.base/java.lang.Thread.sleepNanos(Thread.java:509)
	at java.base/java.lang.Thread.sleep(Thread.java:540)
	at org.graphiks.kanvas.skia.SkiaGmScannerKt.main$lambda$2(SkiaGmScanner.kt:134)
	at java.base/java.lang.Thread.run(Thread.java:1474)
[FAIL] 228 gradients_hue_method (52ms) unsupported.material.linear_gradient_capability_missing: unsupported.material.linear_gradient_capability_missing
Exception in thread "Thread-231" java.lang.InterruptedException: sleep interrupted
	at java.base/java.lang.Thread.sleepNanos0(Native Method)
	at java.base/java.lang.Thread.sleepNanos(Thread.java:509)
	at java.base/java.lang.Thread.sleep(Thread.java:540)
	at org.graphiks.kanvas.skia.SkiaGmScannerKt.main$lambda$2(SkiaGmScanner.kt:134)
	at java.base/java.lang.Thread.run(Thread.java:1474)
[FAIL] 229 gradients_interesting (0ms) unsupported.material.linear_gradient_capability_missing: unsupported.material.linear_gradient_capability_missing
Exception in thread "Thread-232" java.lang.InterruptedException: sleep interrupted
	at java.base/java.lang.Thread.sleepNanos0(Native Method)
	at java.base/java.lang.Thread.sleepNanos(Thread.java:509)
	at java.base/java.lang.Thread.sleep(Thread.java:540)
	at org.graphiks.kanvas.skia.SkiaGmScannerKt.main$lambda$2(SkiaGmScanner.kt:134)
	at java.base/java.lang.Thread.run(Thread.java:1474)
[FAIL] 230 gradients_local_perspective (0ms) unsupported.material.linear_gradient_capability_missing: unsupported.material.linear_gradient_capability_missing
Exception in thread "Thread-233" java.lang.InterruptedException: sleep interrupted
	at java.base/java.lang.Thread.sleepNanos0(Native Method)
	at java.base/java.lang.Thread.sleepNanos(Thread.java:509)
	at java.base/java.lang.Thread.sleep(Thread.java:540)
	at org.graphiks.kanvas.skia.SkiaGmScannerKt.main$lambda$2(SkiaGmScanner.kt:134)
	at java.base/java.lang.Thread.run(Thread.java:1474)
[FAIL] 231 gradients_no_texture (0ms) unsupported.material.linear_gradient_capability_missing: unsupported.material.linear_gradient_capability_missing
Exception in thread "Thread-234" java.lang.InterruptedException: sleep interrupted
	at java.base/java.lang.Thread.sleepNanos0(Native Method)
	at java.base/java.lang.Thread.sleepNanos(Thread.java:509)
	at java.base/java.lang.Thread.sleep(Thread.java:540)
	at org.graphiks.kanvas.skia.SkiaGmScannerKt.main$lambda$2(SkiaGmScanner.kt:134)
	at java.base/java.lang.Thread.run(Thread.java:1474)
[FAIL] 232 gradients_powerless_hue (94ms) invalid.prepared-surface.run-plan: The sealed mixed run plan is internally inconsistent.
Exception in thread "Thread-235" java.lang.InterruptedException: sleep interrupted
	at java.base/java.lang.Thread.sleepNanos0(Native Method)
	at java.base/java.lang.Thread.sleepNanos(Thread.java:509)
	at java.base/java.lang.Thread.sleep(Thread.java:540)
	at org.graphiks.kanvas.skia.SkiaGmScannerKt.main$lambda$2(SkiaGmScanner.kt:134)
	at java.base/java.lang.Thread.run(Thread.java:1474)
[FAIL] 233 gradients_view_perspective (1ms) unsupported.material.linear_gradient_capability_missing: unsupported.material.linear_gradient_capability_missing
Exception in thread "Thread-236" java.lang.InterruptedException: sleep interrupted
	at java.base/java.lang.Thread.sleepNanos0(Native Method)
	at java.base/java.lang.Thread.sleepNanos(Thread.java:509)
	at java.base/java.lang.Thread.sleep(Thread.java:540)
	at org.graphiks.kanvas.skia.SkiaGmScannerKt.main$lambda$2(SkiaGmScanner.kt:134)
	at java.base/java.lang.Thread.run(Thread.java:1474)
[FAIL] 234 hardstop_gradients (0ms) unsupported.material.linear_gradient_capability_missing: unsupported.material.linear_gradient_capability_missing
Exception in thread "Thread-237" java.lang.InterruptedException: sleep interrupted
	at java.base/java.lang.Thread.sleepNanos0(Native Method)
	at java.base/java.lang.Thread.sleepNanos(Thread.java:509)
	at java.base/java.lang.Thread.sleep(Thread.java:540)
	at org.graphiks.kanvas.skia.SkiaGmScannerKt.main$lambda$2(SkiaGmScanner.kt:134)
	at java.base/java.lang.Thread.run(Thread.java:1474)
[FAIL] 235 hardstop_gradients_many (1ms) unsupported.material.linear_gradient_capability_missing: unsupported.material.linear_gradient_capability_missing
Exception in thread "Thread-238" java.lang.InterruptedException: sleep interrupted
	at java.base/java.lang.Thread.sleepNanos0(Native Method)
	at java.base/java.lang.Thread.sleepNanos(Thread.java:509)
	at java.base/java.lang.Thread.sleep(Thread.java:540)
	at org.graphiks.kanvas.skia.SkiaGmScannerKt.main$lambda$2(SkiaGmScanner.kt:134)
	at java.base/java.lang.Thread.run(Thread.java:1474)
Exception in thread "Thread-239" java.lang.InterruptedException: sleep interrupted
	at java.base/java.lang.Thread.sleepNanos0(Native Method)
[FAIL] 236 linear_gradient (0ms) unsupported.material.linear_gradient_capability_missing: unsupported.material.linear_gradient_capability_missing
	at java.base/java.lang.Thread.sleepNanos(Thread.java:509)
	at java.base/java.lang.Thread.sleep(Thread.java:540)
	at org.graphiks.kanvas.skia.SkiaGmScannerKt.main$lambda$2(SkiaGmScanner.kt:134)
	at java.base/java.lang.Thread.run(Thread.java:1474)
[FAIL] 237 linear_gradient_rt (0ms) unsupported.material.linear_gradient_capability_missing: unsupported.material.linear_gradient_capability_missing
Exception in thread "Thread-240" java.lang.InterruptedException: sleep interrupted
	at java.base/java.lang.Thread.sleepNanos0(Native Method)
	at java.base/java.lang.Thread.sleepNanos(Thread.java:509)
	at java.base/java.lang.Thread.sleep(Thread.java:540)
	at org.graphiks.kanvas.skia.SkiaGmScannerKt.main$lambda$2(SkiaGmScanner.kt:134)
	at java.base/java.lang.Thread.run(Thread.java:1474)
[FAIL] 238 linear_gradient_tiny (0ms) unsupported.material.linear_gradient_capability_missing: unsupported.material.linear_gradient_capability_missing
Exception in thread "Thread-241" java.lang.InterruptedException: sleep interrupted
	at java.base/java.lang.Thread.sleepNanos0(Native Method)
	at java.base/java.lang.Thread.sleepNanos(Thread.java:509)
	at java.base/java.lang.Thread.sleep(Thread.java:540)
	at org.graphiks.kanvas.skia.SkiaGmScannerKt.main$lambda$2(SkiaGmScanner.kt:134)
	at java.base/java.lang.Thread.run(Thread.java:1474)
[FAIL] 239 persp_shaders_bw (0ms) unsupported.image.alpha_interpretation: Prepared Surface operation could not be lowered.
Exception in thread "Thread-242" java.lang.InterruptedException: sleep interrupted
	at java.base/java.lang.Thread.sleepNanos0(Native Method)
	at java.base/java.lang.Thread.sleepNanos(Thread.java:509)
	at java.base/java.lang.Thread.sleep(Thread.java:540)
	at org.graphiks.kanvas.skia.SkiaGmScannerKt.main$lambda$2(SkiaGmScanner.kt:134)
	at java.base/java.lang.Thread.run(Thread.java:1474)
[FAIL] 240 persp_shaders_aa (0ms) unsupported.image.alpha_interpretation: Prepared Surface operation could not be lowered.
Exception in thread "Thread-243" java.lang.InterruptedException: sleep interrupted
	at java.base/java.lang.Thread.sleepNanos0(Native Method)
	at java.base/java.lang.Thread.sleepNanos(Thread.java:509)
	at java.base/java.lang.Thread.sleep(Thread.java:540)
	at org.graphiks.kanvas.skia.SkiaGmScannerKt.main$lambda$2(SkiaGmScanner.kt:134)
	at java.base/java.lang.Thread.run(Thread.java:1474)
[FAIL] 241 radial_gradient2 (0ms) unsupported.material.source_unimplemented: unsupported.material.source_unimplemented
Exception in thread "Thread-244" java.lang.InterruptedException: sleep interrupted
	at java.base/java.lang.Thread.sleepNanos0(Native Method)
	at java.base/java.lang.Thread.sleepNanos(Thread.java:509)
	at java.base/java.lang.Thread.sleep(Thread.java:540)
	at org.graphiks.kanvas.skia.SkiaGmScannerKt.main$lambda$2(SkiaGmScanner.kt:134)
	at java.base/java.lang.Thread.run(Thread.java:1474)
[FAIL] 242 radial_gradient3 (0ms) unsupported.material.radial_gradient_capability_missing: unsupported.material.radial_gradient_capability_missing
Exception in thread "Thread-245" java.lang.InterruptedException: sleep interrupted
	at java.base/java.lang.Thread.sleepNanos0(Native Method)
	at java.base/java.lang.Thread.sleepNanos(Thread.java:509)
	at java.base/java.lang.Thread.sleep(Thread.java:540)
	at org.graphiks.kanvas.skia.SkiaGmScannerKt.main$lambda$2(SkiaGmScanner.kt:134)
	at java.base/java.lang.Thread.run(Thread.java:1474)
[FAIL] 243 radial_gradient3_nodither (0ms) unsupported.material.radial_gradient_capability_missing: unsupported.material.radial_gradient_capability_missing
Exception in thread "Thread-246" java.lang.InterruptedException: sleep interrupted
	at java.base/java.lang.Thread.sleepNanos0(Native Method)
	at java.base/java.lang.Thread.sleepNanos(Thread.java:509)
	at java.base/java.lang.Thread.sleep(Thread.java:540)
	at org.graphiks.kanvas.skia.SkiaGmScannerKt.main$lambda$2(SkiaGmScanner.kt:134)
	at java.base/java.lang.Thread.run(Thread.java:1474)
[FAIL] 244 radial_gradient4 (0ms) unsupported.material.radial_gradient_capability_missing: unsupported.material.radial_gradient_capability_missing
Exception in thread "Thread-247" java.lang.InterruptedException: sleep interrupted
	at java.base/java.lang.Thread.sleepNanos0(Native Method)
	at java.base/java.lang.Thread.sleepNanos(Thread.java:509)
	at java.base/java.lang.Thread.sleep(Thread.java:540)
	at org.graphiks.kanvas.skia.SkiaGmScannerKt.main$lambda$2(SkiaGmScanner.kt:134)
	at java.base/java.lang.Thread.run(Thread.java:1474)
[FAIL] 245 radial_gradient4_nodither (0ms) unsupported.material.radial_gradient_capability_missing: unsupported.material.radial_gradient_capability_missing
Exception in thread "Thread-248" java.lang.InterruptedException: sleep interrupted
	at java.base/java.lang.Thread.sleepNanos0(Native Method)
	at java.base/java.lang.Thread.sleepNanos(Thread.java:509)
	at java.base/java.lang.Thread.sleep(Thread.java:540)
	at org.graphiks.kanvas.skia.SkiaGmScannerKt.main$lambda$2(SkiaGmScanner.kt:134)
	at java.base/java.lang.Thread.run(Thread.java:1474)
[FAIL] 246 radial_gradient (0ms) unsupported.material.radial_gradient_capability_missing: unsupported.material.radial_gradient_capability_missing
Exception in thread "Thread-249" java.lang.InterruptedException: sleep interrupted
	at java.base/java.lang.Thread.sleepNanos0(Native Method)
	at java.base/java.lang.Thread.sleepNanos(Thread.java:509)
	at java.base/java.lang.Thread.sleep(Thread.java:540)
	at org.graphiks.kanvas.skia.SkiaGmScannerKt.main$lambda$2(SkiaGmScanner.kt:134)
	at java.base/java.lang.Thread.run(Thread.java:1474)
[FAIL] 247 radial_gradient_precision (0ms) unsupported.material.gradient_tile_mode_unsupported: unsupported.material.gradient_tile_mode_unsupported
Exception in thread "Thread-250" java.lang.InterruptedException: sleep interrupted
	at java.base/java.lang.Thread.sleepNanos0(Native Method)
	at java.base/java.lang.Thread.sleepNanos(Thread.java:509)
	at java.base/java.lang.Thread.sleep(Thread.java:540)
	at org.graphiks.kanvas.skia.SkiaGmScannerKt.main$lambda$2(SkiaGmScanner.kt:134)
	at java.base/java.lang.Thread.run(Thread.java:1474)
[FAIL] 248 scaled_tilemode_gradient (0ms) unsupported.material.linear_gradient_capability_missing: unsupported.material.linear_gradient_capability_missing
Exception in thread "Thread-251" java.lang.InterruptedException: sleep interrupted
	at java.base/java.lang.Thread.sleepNanos0(Native Method)
	at java.base/java.lang.Thread.sleepNanos(Thread.java:509)
	at java.base/java.lang.Thread.sleep(Thread.java:540)
	at org.graphiks.kanvas.skia.SkiaGmScannerKt.main$lambda$2(SkiaGmScanner.kt:134)
	at java.base/java.lang.Thread.run(Thread.java:1474)
[FAIL] 249 shallow_gradient_conical (0ms) unsupported.material.source_unimplemented: unsupported.material.source_unimplemented
Exception in thread "Thread-252" java.lang.InterruptedException: sleep interrupted
	at java.base/java.lang.Thread.sleepNanos0(Native Method)
	at java.base/java.lang.Thread.sleepNanos(Thread.java:509)
	at java.base/java.lang.Thread.sleep(Thread.java:540)
	at org.graphiks.kanvas.skia.SkiaGmScannerKt.main$lambda$2(SkiaGmScanner.kt:134)
	at java.base/java.lang.Thread.run(Thread.java:1474)
[FAIL] 250 shallow_gradient_conical_nodither (0ms) unsupported.material.source_unimplemented: unsupported.material.source_unimplemented
Exception in thread "Thread-253" java.lang.InterruptedException: sleep interrupted
	at java.base/java.lang.Thread.sleepNanos0(Native Method)
	at java.base/java.lang.Thread.sleepNanos(Thread.java:509)
	at java.base/java.lang.Thread.sleep(Thread.java:540)
	at org.graphiks.kanvas.skia.SkiaGmScannerKt.main$lambda$2(SkiaGmScanner.kt:134)
	at java.base/java.lang.Thread.run(Thread.java:1474)
[FAIL] 251 shallow_gradient_linear (0ms) unsupported.material.linear_gradient_capability_missing: unsupported.material.linear_gradient_capability_missing
Exception in thread "Thread-254" java.lang.InterruptedException: sleep interrupted
	at java.base/java.lang.Thread.sleepNanos0(Native Method)
	at java.base/java.lang.Thread.sleepNanos(Thread.java:509)
	at java.base/java.lang.Thread.sleep(Thread.java:540)
	at org.graphiks.kanvas.skia.SkiaGmScannerKt.main$lambda$2(SkiaGmScanner.kt:134)
	at java.base/java.lang.Thread.run(Thread.java:1474)
[FAIL] 252 shallow_gradient_linear_nodither (0ms) unsupported.material.linear_gradient_capability_missing: unsupported.material.linear_gradient_capability_missing
Exception in thread "Thread-255" java.lang.InterruptedException: sleep interrupted
	at java.base/java.lang.Thread.sleepNanos0(Native Method)
	at java.base/java.lang.Thread.sleepNanos(Thread.java:509)
	at java.base/java.lang.Thread.sleep(Thread.java:540)
	at org.graphiks.kanvas.skia.SkiaGmScannerKt.main$lambda$2(SkiaGmScanner.kt:134)
	at java.base/java.lang.Thread.run(Thread.java:1474)
[FAIL] 253 shallow_gradient_radial (0ms) unsupported.material.radial_gradient_capability_missing: unsupported.material.radial_gradient_capability_missing
Exception in thread "Thread-256" java.lang.InterruptedException: sleep interrupted
	at java.base/java.lang.Thread.sleepNanos0(Native Method)
	at java.base/java.lang.Thread.sleepNanos(Thread.java:509)
	at java.base/java.lang.Thread.sleep(Thread.java:540)
	at org.graphiks.kanvas.skia.SkiaGmScannerKt.main$lambda$2(SkiaGmScanner.kt:134)
	at java.base/java.lang.Thread.run(Thread.java:1474)
[FAIL] 254 shallow_gradient_radial_nodither (0ms) unsupported.material.radial_gradient_capability_missing: unsupported.material.radial_gradient_capability_missing
Exception in thread "Thread-257" java.lang.InterruptedException: sleep interrupted
	at java.base/java.lang.Thread.sleepNanos0(Native Method)
	at java.base/java.lang.Thread.sleepNanos(Thread.java:509)
	at java.base/java.lang.Thread.sleep(Thread.java:540)
	at org.graphiks.kanvas.skia.SkiaGmScannerKt.main$lambda$2(SkiaGmScanner.kt:134)
	at java.base/java.lang.Thread.run(Thread.java:1474)
[FAIL] 255 shallow_gradient_sweep (0ms) unsupported.material.sweep_gradient_capability_missing: unsupported.material.sweep_gradient_capability_missing
Exception in thread "Thread-258" java.lang.InterruptedException: sleep interrupted
	at java.base/java.lang.Thread.sleepNanos0(Native Method)
	at java.base/java.lang.Thread.sleepNanos(Thread.java:509)
	at java.base/java.lang.Thread.sleep(Thread.java:540)
	at org.graphiks.kanvas.skia.SkiaGmScannerKt.main$lambda$2(SkiaGmScanner.kt:134)
	at java.base/java.lang.Thread.run(Thread.java:1474)
[FAIL] 256 shallow_gradient_sweep_nodither (0ms) unsupported.material.sweep_gradient_capability_missing: unsupported.material.sweep_gradient_capability_missing
Exception in thread "Thread-259" java.lang.InterruptedException: sleep interrupted
	at java.base/java.lang.Thread.sleepNanos0(Native Method)
	at java.base/java.lang.Thread.sleepNanos(Thread.java:509)
	at java.base/java.lang.Thread.sleep(Thread.java:540)
	at org.graphiks.kanvas.skia.SkiaGmScannerKt.main$lambda$2(SkiaGmScanner.kt:134)
	at java.base/java.lang.Thread.run(Thread.java:1474)
[FAIL] 257 small_color_stop (0ms) unsupported.material.source_unimplemented: unsupported.material.source_unimplemented
Exception in thread "Thread-260" java.lang.InterruptedException: sleep interrupted
	at java.base/java.lang.Thread.sleepNanos0(Native Method)
	at java.base/java.lang.Thread.sleepNanos(Thread.java:509)
	at java.base/java.lang.Thread.sleep(Thread.java:540)
	at org.graphiks.kanvas.skia.SkiaGmScannerKt.main$lambda$2(SkiaGmScanner.kt:134)
	at java.base/java.lang.Thread.run(Thread.java:1474)
[FAIL] 258 sweep_tiling (0ms) unsupported.material.sweep_gradient_capability_missing: unsupported.material.sweep_gradient_capability_missing
Exception in thread "Thread-261" java.lang.InterruptedException: sleep interrupted
	at java.base/java.lang.Thread.sleepNanos0(Native Method)
	at java.base/java.lang.Thread.sleepNanos(Thread.java:509)
	at java.base/java.lang.Thread.sleep(Thread.java:540)
	at org.graphiks.kanvas.skia.SkiaGmScannerKt.main$lambda$2(SkiaGmScanner.kt:134)
	at java.base/java.lang.Thread.run(Thread.java:1474)
[FAIL] 259 testgradient (0ms) unsupported.material.linear_gradient_capability_missing: unsupported.material.linear_gradient_capability_missing
Exception in thread "Thread-262" java.lang.InterruptedException: sleep interrupted
	at java.base/java.lang.Thread.sleepNanos0(Native Method)
	at java.base/java.lang.Thread.sleepNanos(Thread.java:509)
	at java.base/java.lang.Thread.sleep(Thread.java:540)
	at org.graphiks.kanvas.skia.SkiaGmScannerKt.main$lambda$2(SkiaGmScanner.kt:134)
	at java.base/java.lang.Thread.run(Thread.java:1474)
[FAIL] 260 all_bitmap_configs (118ms) unsupported.image.alpha_interpretation: Prepared Surface operation could not be lowered.
Exception in thread "Thread-263" java.lang.InterruptedException: sleep interrupted
	at java.base/java.lang.Thread.sleepNanos0(Native Method)
	at java.base/java.lang.Thread.sleepNanos(Thread.java:509)
	at java.base/java.lang.Thread.sleep(Thread.java:540)
	at org.graphiks.kanvas.skia.SkiaGmScannerKt.main$lambda$2(SkiaGmScanner.kt:134)
	at java.base/java.lang.Thread.run(Thread.java:1474)
[FAIL] 261 all_variants_8888 (7ms) unsupported.image.alpha_interpretation: Prepared Surface operation could not be lowered.
Exception in thread "Thread-264" java.lang.InterruptedException: sleep interrupted
	at java.base/java.lang.Thread.sleepNanos0(Native Method)
	at java.base/java.lang.Thread.sleepNanos(Thread.java:509)
	at java.base/java.lang.Thread.sleep(Thread.java:540)
	at org.graphiks.kanvas.skia.SkiaGmScannerKt.main$lambda$2(SkiaGmScanner.kt:134)
	at java.base/java.lang.Thread.run(Thread.java:1474)
[FAIL] 262 alpha_image_alpha_tint (0ms) unsupported.image.alpha_interpretation: Prepared Surface operation could not be lowered.
Exception in thread "Thread-265" java.lang.InterruptedException: sleep interrupted
	at java.base/java.lang.Thread.sleepNanos0(Native Method)
	at java.base/java.lang.Thread.sleepNanos(Thread.java:509)
	at java.base/java.lang.Thread.sleep(Thread.java:540)
	at org.graphiks.kanvas.skia.SkiaGmScannerKt.main$lambda$2(SkiaGmScanner.kt:134)
	at java.base/java.lang.Thread.run(Thread.java:1474)
[FAIL] 263 alpha_image_shader_rt (2ms) unsupported.core_primitive.material.non_solid: Core primitive geometry cannot be lowered exactly by the current canonical route.
Exception in thread "Thread-266" java.lang.InterruptedException: sleep interrupted
	at java.base/java.lang.Thread.sleepNanos0(Native Method)
	at java.base/java.lang.Thread.sleepNanos(Thread.java:509)
	at java.base/java.lang.Thread.sleep(Thread.java:540)
	at org.graphiks.kanvas.skia.SkiaGmScannerKt.main$lambda$2(SkiaGmScanner.kt:134)
	at java.base/java.lang.Thread.run(Thread.java:1474)
[DONE] 264 animatedGif (46ms)
Exception in thread "Thread-267" java.lang.InterruptedException: sleep interrupted
	at java.base/java.lang.Thread.sleepNanos0(Native Method)
	at java.base/java.lang.Thread.sleepNanos(Thread.java:509)
	at java.base/java.lang.Thread.sleep(Thread.java:540)
	at org.graphiks.kanvas.skia.SkiaGmScannerKt.main$lambda$2(SkiaGmScanner.kt:134)
	at java.base/java.lang.Thread.run(Thread.java:1474)
Exception in thread "Thread-268" java.lang.InterruptedException: sleep interrupted
[FAIL] 265 anisomips (502ms) unsupported.material.source_unimplemented: unsupported.material.source_unimplemented
	at java.base/java.lang.Thread.sleepNanos0(Native Method)
	at java.base/java.lang.Thread.sleepNanos(Thread.java:509)
	at java.base/java.lang.Thread.sleep(Thread.java:540)
	at org.graphiks.kanvas.skia.SkiaGmScannerKt.main$lambda$2(SkiaGmScanner.kt:134)
	at java.base/java.lang.Thread.run(Thread.java:1474)
[FAIL] 266 anisotropic_image_scale_aniso (1ms) unsupported.geometry.path_key_nondeterministic: unsupported.geometry.path_key_nondeterministic
Exception in thread "Thread-269" java.lang.InterruptedException: sleep interrupted
	at java.base/java.lang.Thread.sleepNanos0(Native Method)
	at java.base/java.lang.Thread.sleepNanos(Thread.java:509)
	at java.base/java.lang.Thread.sleep(Thread.java:540)
	at org.graphiks.kanvas.skia.SkiaGmScannerKt.main$lambda$2(SkiaGmScanner.kt:134)
	at java.base/java.lang.Thread.run(Thread.java:1474)
[FAIL] 267 anisotropic_image_scale_linear (0ms) unsupported.geometry.path_key_nondeterministic: unsupported.geometry.path_key_nondeterministic
Exception in thread "Thread-270" java.lang.InterruptedException: sleep interrupted
	at java.base/java.lang.Thread.sleepNanos0(Native Method)
	at java.base/java.lang.Thread.sleepNanos(Thread.java:509)
	at java.base/java.lang.Thread.sleep(Thread.java:540)
	at org.graphiks.kanvas.skia.SkiaGmScannerKt.main$lambda$2(SkiaGmScanner.kt:134)
	at java.base/java.lang.Thread.run(Thread.java:1474)
[FAIL] 268 anisotropic_image_scale_mip (0ms) unsupported.geometry.path_key_nondeterministic: unsupported.geometry.path_key_nondeterministic
Exception in thread "Thread-271" java.lang.InterruptedException: sleep interrupted
	at java.base/java.lang.Thread.sleepNanos0(Native Method)
	at java.base/java.lang.Thread.sleepNanos(Thread.java:509)
	at java.base/java.lang.Thread.sleep(Thread.java:540)
	at org.graphiks.kanvas.skia.SkiaGmScannerKt.main$lambda$2(SkiaGmScanner.kt:134)
	at java.base/java.lang.Thread.run(Thread.java:1474)
[DONE] 269 async_rescale_and_read_alpha_type (26ms)
Exception in thread "Thread-272" java.lang.InterruptedException: sleep interrupted
	at java.base/java.lang.Thread.sleepNanos0(Native Method)
	at java.base/java.lang.Thread.sleepNanos(Thread.java:509)
	at java.base/java.lang.Thread.sleep(Thread.java:540)
	at org.graphiks.kanvas.skia.SkiaGmScannerKt.main$lambda$2(SkiaGmScanner.kt:134)
	at java.base/java.lang.Thread.run(Thread.java:1474)
Exception in thread "Thread-273" java.lang.InterruptedException: sleep interrupted
[DONE] 270 async_rescale_and_read_rose (70ms)
	at java.base/java.lang.Thread.sleepNanos0(Native Method)
	at java.base/java.lang.Thread.sleepNanos(Thread.java:509)
	at java.base/java.lang.Thread.sleep(Thread.java:540)
	at org.graphiks.kanvas.skia.SkiaGmScannerKt.main$lambda$2(SkiaGmScanner.kt:134)
	at java.base/java.lang.Thread.run(Thread.java:1474)
[DONE] 271 async_rescale_and_read_no_bleed (17ms)
Exception in thread "Thread-274" java.lang.InterruptedException: sleep interrupted
	at java.base/java.lang.Thread.sleepNanos0(Native Method)
	at java.base/java.lang.Thread.sleepNanos(Thread.java:509)
	at java.base/java.lang.Thread.sleep(Thread.java:540)
	at org.graphiks.kanvas.skia.SkiaGmScannerKt.main$lambda$2(SkiaGmScanner.kt:134)
	at java.base/java.lang.Thread.run(Thread.java:1474)
[DONE] 272 async_yuv_no_scale (26ms)
Exception in thread "Thread-275" java.lang.InterruptedException: sleep interrupted
	at java.base/java.lang.Thread.sleepNanos0(Native Method)
	at java.base/java.lang.Thread.sleepNanos(Thread.java:509)
	at java.base/java.lang.Thread.sleep(Thread.java:540)
	at org.graphiks.kanvas.skia.SkiaGmScannerKt.main$lambda$2(SkiaGmScanner.kt:134)
	at java.base/java.lang.Thread.run(Thread.java:1474)
[FAIL] 273 bc1_transparency (2ms) unsupported.image.alpha_interpretation: Prepared Surface operation could not be lowered.
Exception in thread "Thread-276" java.lang.InterruptedException: sleep interrupted
	at java.base/java.lang.Thread.sleepNanos0(Native Method)
	at java.base/java.lang.Thread.sleepNanos(Thread.java:509)
	at java.base/java.lang.Thread.sleep(Thread.java:540)
	at org.graphiks.kanvas.skia.SkiaGmScannerKt.main$lambda$2(SkiaGmScanner.kt:134)
	at java.base/java.lang.Thread.run(Thread.java:1474)
[FAIL] 274 bicubic (0ms) unsupported.geometry.path_key_nondeterministic: unsupported.geometry.path_key_nondeterministic
Exception in thread "Thread-277" java.lang.InterruptedException: sleep interrupted
	at java.base/java.lang.Thread.sleepNanos0(Native Method)
	at java.base/java.lang.Thread.sleepNanos(Thread.java:509)
	at java.base/java.lang.Thread.sleep(Thread.java:540)
	at org.graphiks.kanvas.skia.SkiaGmScannerKt.main$lambda$2(SkiaGmScanner.kt:134)
	at java.base/java.lang.Thread.run(Thread.java:1474)
[FAIL] 275 bigmatrix (0ms) unsupported.material.source_unimplemented: unsupported.material.source_unimplemented
Exception in thread "Thread-278" java.lang.InterruptedException: sleep interrupted
	at java.base/java.lang.Thread.sleepNanos0(Native Method)
	at java.base/java.lang.Thread.sleepNanos(Thread.java:509)
	at java.base/java.lang.Thread.sleep(Thread.java:540)
	at org.graphiks.kanvas.skia.SkiaGmScannerKt.main$lambda$2(SkiaGmScanner.kt:134)
	at java.base/java.lang.Thread.run(Thread.java:1474)
[FAIL] 276 bitmapcopy (91ms) unsupported.image.pixel.format: Prepared Surface operation could not be lowered.
Exception in thread "Thread-279" java.lang.InterruptedException: sleep interrupted
	at java.base/java.lang.Thread.sleepNanos0(Native Method)
	at java.base/java.lang.Thread.sleepNanos(Thread.java:509)
	at java.base/java.lang.Thread.sleep(Thread.java:540)
	at org.graphiks.kanvas.skia.SkiaGmScannerKt.main$lambda$2(SkiaGmScanner.kt:134)
	at java.base/java.lang.Thread.run(Thread.java:1474)
Exception in thread "Thread-280" java.lang.InterruptedException: sleep interrupted
[FAIL] 277 bitmapfilters (80ms) unsupported.image.alpha_interpretation: Prepared Surface operation could not be lowered.
	at java.base/java.lang.Thread.sleepNanos0(Native Method)
	at java.base/java.lang.Thread.sleepNanos(Thread.java:509)
	at java.base/java.lang.Thread.sleep(Thread.java:540)
	at org.graphiks.kanvas.skia.SkiaGmScannerKt.main$lambda$2(SkiaGmScanner.kt:134)
	at java.base/java.lang.Thread.run(Thread.java:1474)
[FAIL] 278 bitmap-image-srgb-legacy (495ms) unsupported.image.alpha_interpretation: Prepared Surface operation could not be lowered.
Exception in thread "Thread-281" java.lang.InterruptedException: sleep interrupted
	at java.base/java.lang.Thread.sleepNanos0(Native Method)
	at java.base/java.lang.Thread.sleepNanos(Thread.java:509)
	at java.base/java.lang.Thread.sleep(Thread.java:540)
	at org.graphiks.kanvas.skia.SkiaGmScannerKt.main$lambda$2(SkiaGmScanner.kt:134)
	at java.base/java.lang.Thread.run(Thread.java:1474)
[FAIL] 279 bitmap_premul (4ms) unsupported.image.alpha_interpretation: Prepared Surface operation could not be lowered.
Exception in thread "Thread-282" java.lang.InterruptedException: sleep interrupted
	at java.base/java.lang.Thread.sleepNanos0(Native Method)
	at java.base/java.lang.Thread.sleepNanos(Thread.java:509)
	at java.base/java.lang.Thread.sleep(Thread.java:540)
	at org.graphiks.kanvas.skia.SkiaGmScannerKt.main$lambda$2(SkiaGmScanner.kt:134)
	at java.base/java.lang.Thread.run(Thread.java:1474)
[FAIL] 280 bitmaprect_rounding (0ms) unsupported.image.alpha_interpretation: Prepared Surface operation could not be lowered.
Exception in thread "Thread-283" java.lang.InterruptedException: sleep interrupted
	at java.base/java.lang.Thread.sleepNanos0(Native Method)
	at java.base/java.lang.Thread.sleepNanos(Thread.java:509)
	at java.base/java.lang.Thread.sleep(Thread.java:540)
	at org.graphiks.kanvas.skia.SkiaGmScannerKt.main$lambda$2(SkiaGmScanner.kt:134)
	at java.base/java.lang.Thread.run(Thread.java:1474)
[FAIL] 281 bitmapshaders (0ms) unsupported.image.alpha_interpretation: Prepared Surface operation could not be lowered.
Exception in thread "Thread-284" java.lang.InterruptedException: sleep interrupted
	at java.base/java.lang.Thread.sleepNanos0(Native Method)
	at java.base/java.lang.Thread.sleepNanos(Thread.java:509)
	at java.base/java.lang.Thread.sleep(Thread.java:540)
	at org.graphiks.kanvas.skia.SkiaGmScannerKt.main$lambda$2(SkiaGmScanner.kt:134)
	at java.base/java.lang.Thread.run(Thread.java:1474)
[FAIL] 282 bitmap_subset_shader (1ms) unsupported.material.source_unimplemented: unsupported.material.source_unimplemented
Exception in thread "Thread-285" java.lang.InterruptedException: sleep interrupted
	at java.base/java.lang.Thread.sleepNanos0(Native Method)
	at java.base/java.lang.Thread.sleepNanos(Thread.java:509)
	at java.base/java.lang.Thread.sleep(Thread.java:540)
	at org.graphiks.kanvas.skia.SkiaGmScannerKt.main$lambda$2(SkiaGmScanner.kt:134)
	at java.base/java.lang.Thread.run(Thread.java:1474)
Exception in thread "Thread-286" java.lang.InterruptedException: sleep interrupted
[DONE] 283 bleed_downscale (70ms)
	at java.base/java.lang.Thread.sleepNanos0(Native Method)
	at java.base/java.lang.Thread.sleepNanos(Thread.java:509)
	at java.base/java.lang.Thread.sleep(Thread.java:540)
	at org.graphiks.kanvas.skia.SkiaGmScannerKt.main$lambda$2(SkiaGmScanner.kt:134)
	at java.base/java.lang.Thread.run(Thread.java:1474)
[FAIL] 284 bmp_filter_quality_repeat (165ms) unsupported.material.source_unimplemented: unsupported.material.source_unimplemented
Exception in thread "Thread-287" java.lang.InterruptedException: sleep interrupted
	at java.base/java.lang.Thread.sleepNanos0(Native Method)
	at java.base/java.lang.Thread.sleepNanos(Thread.java:509)
	at java.base/java.lang.Thread.sleep(Thread.java:540)
	at org.graphiks.kanvas.skia.SkiaGmScannerKt.main$lambda$2(SkiaGmScanner.kt:134)
	at java.base/java.lang.Thread.run(Thread.java:1474)
[FAIL] 285 bug6783 (7ms) unsupported.material.source_unimplemented: unsupported.material.source_unimplemented
Exception in thread "Thread-288" java.lang.InterruptedException: sleep interrupted
	at java.base/java.lang.Thread.sleepNanos0(Native Method)
	at java.base/java.lang.Thread.sleepNanos(Thread.java:509)
	at java.base/java.lang.Thread.sleep(Thread.java:540)
	at org.graphiks.kanvas.skia.SkiaGmScannerKt.main$lambda$2(SkiaGmScanner.kt:134)
	at java.base/java.lang.Thread.run(Thread.java:1474)
[DONE] 286 cgimage (29ms)
Exception in thread "Thread-289" java.lang.InterruptedException: sleep interrupted
	at java.base/java.lang.Thread.sleepNanos0(Native Method)
	at java.base/java.lang.Thread.sleepNanos(Thread.java:509)
	at java.base/java.lang.Thread.sleep(Thread.java:540)
	at org.graphiks.kanvas.skia.SkiaGmScannerKt.main$lambda$2(SkiaGmScanner.kt:134)
	at java.base/java.lang.Thread.run(Thread.java:1474)
[FAIL] 287 child_sampling_rt (0ms) unsupported.core_primitive.coverage_sample.scalar_aa_not_promoted: ScalarAA coverage is promoted only by the exact single-sample B3.5b analytic route.
Exception in thread "Thread-290" java.lang.InterruptedException: sleep interrupted
	at java.base/java.lang.Thread.sleepNanos0(Native Method)
	at java.base/java.lang.Thread.sleepNanos(Thread.java:509)
	at java.base/java.lang.Thread.sleep(Thread.java:540)
	at org.graphiks.kanvas.skia.SkiaGmScannerKt.main$lambda$2(SkiaGmScanner.kt:134)
	at java.base/java.lang.Thread.run(Thread.java:1474)
[DONE] 288 clippedbitmapshaders (9ms)
Exception in thread "Thread-291" java.lang.InterruptedException: sleep interrupted
	at java.base/java.lang.Thread.sleepNanos0(Native Method)
	at java.base/java.lang.Thread.sleepNanos(Thread.java:509)
	at java.base/java.lang.Thread.sleep(Thread.java:540)
	at org.graphiks.kanvas.skia.SkiaGmScannerKt.main$lambda$2(SkiaGmScanner.kt:134)
	at java.base/java.lang.Thread.run(Thread.java:1474)
[DONE] 289 color_cube_cf_rt (11ms)
Exception in thread "Thread-292" java.lang.InterruptedException: sleep interrupted
	at java.base/java.lang.Thread.sleepNanos0(Native Method)
	at java.base/java.lang.Thread.sleepNanos(Thread.java:509)
	at java.base/java.lang.Thread.sleep(Thread.java:540)
	at org.graphiks.kanvas.skia.SkiaGmScannerKt.main$lambda$2(SkiaGmScanner.kt:134)
	at java.base/java.lang.Thread.run(Thread.java:1474)
[FAIL] 290 colorwheel_alphatypes (1ms) unsupported.image.alpha_interpretation: Prepared Surface operation could not be lowered.
Exception in thread "Thread-293" java.lang.InterruptedException: sleep interrupted
	at java.base/java.lang.Thread.sleepNanos0(Native Method)
	at java.base/java.lang.Thread.sleepNanos(Thread.java:509)
	at java.base/java.lang.Thread.sleep(Thread.java:540)
	at org.graphiks.kanvas.skia.SkiaGmScannerKt.main$lambda$2(SkiaGmScanner.kt:134)
	at java.base/java.lang.Thread.run(Thread.java:1474)
[FAIL] 291 colorwheel (22ms) unsupported.image.alpha_interpretation: Prepared Surface operation could not be lowered.
Exception in thread "Thread-294" java.lang.InterruptedException: sleep interrupted
	at java.base/java.lang.Thread.sleepNanos0(Native Method)
	at java.base/java.lang.Thread.sleepNanos(Thread.java:509)
	at java.base/java.lang.Thread.sleep(Thread.java:540)
	at org.graphiks.kanvas.skia.SkiaGmScannerKt.main$lambda$2(SkiaGmScanner.kt:134)
	at java.base/java.lang.Thread.run(Thread.java:1474)
[FAIL] 292 colorspace2 (583ms) unsupported.core_primitive.coverage_sample.scalar_aa_not_promoted: ScalarAA coverage is promoted only by the exact single-sample B3.5b analytic route.
Exception in thread "Thread-295" java.lang.InterruptedException: sleep interrupted
	at java.base/java.lang.Thread.sleepNanos0(Native Method)
	at java.base/java.lang.Thread.sleepNanos(Thread.java:509)
	at java.base/java.lang.Thread.sleep(Thread.java:540)
	at org.graphiks.kanvas.skia.SkiaGmScannerKt.main$lambda$2(SkiaGmScanner.kt:134)
	at java.base/java.lang.Thread.run(Thread.java:1474)
[FAIL] 293 colorspace (544ms) unsupported.core_primitive.coverage_sample.scalar_aa_not_promoted: ScalarAA coverage is promoted only by the exact single-sample B3.5b analytic route.
Exception in thread "Thread-296" java.lang.InterruptedException: sleep interrupted
	at java.base/java.lang.Thread.sleepNanos0(Native Method)
	at java.base/java.lang.Thread.sleepNanos(Thread.java:509)
	at java.base/java.lang.Thread.sleep(Thread.java:540)
	at org.graphiks.kanvas.skia.SkiaGmScannerKt.main$lambda$2(SkiaGmScanner.kt:134)
	at java.base/java.lang.Thread.run(Thread.java:1474)
[DONE] 294 compositor_quads_image (18ms)
Exception in thread "Thread-297" java.lang.InterruptedException: sleep interrupted
	at java.base/java.lang.Thread.sleepNanos0(Native Method)
	at java.base/java.lang.Thread.sleepNanos(Thread.java:509)
	at java.base/java.lang.Thread.sleep(Thread.java:540)
	at org.graphiks.kanvas.skia.SkiaGmScannerKt.main$lambda$2(SkiaGmScanner.kt:134)
	at java.base/java.lang.Thread.run(Thread.java:1474)
[FAIL] 295 compressed_textures (6ms) unsupported.image.alpha_interpretation: Prepared Surface operation could not be lowered.
Exception in thread "Thread-298" java.lang.InterruptedException: sleep interrupted
	at java.base/java.lang.Thread.sleepNanos0(Native Method)
	at java.base/java.lang.Thread.sleepNanos(Thread.java:509)
	at java.base/java.lang.Thread.sleep(Thread.java:540)
	at org.graphiks.kanvas.skia.SkiaGmScannerKt.main$lambda$2(SkiaGmScanner.kt:134)
	at java.base/java.lang.Thread.run(Thread.java:1474)
[DONE] 296 coordclampshader (20ms)
Exception in thread "Thread-299" java.lang.InterruptedException: sleep interrupted
	at java.base/java.lang.Thread.sleepNanos0(Native Method)
	at java.base/java.lang.Thread.sleepNanos(Thread.java:509)
	at java.base/java.lang.Thread.sleep(Thread.java:540)
	at org.graphiks.kanvas.skia.SkiaGmScannerKt.main$lambda$2(SkiaGmScanner.kt:134)
	at java.base/java.lang.Thread.run(Thread.java:1474)
[FAIL] 297 copyTo4444 (60ms) unsupported.image.alpha_interpretation: Prepared Surface operation could not be lowered.
Exception in thread "Thread-300" java.lang.InterruptedException: sleep interrupted
	at java.base/java.lang.Thread.sleepNanos0(Native Method)
	at java.base/java.lang.Thread.sleepNanos(Thread.java:509)
	at java.base/java.lang.Thread.sleep(Thread.java:540)
	at org.graphiks.kanvas.skia.SkiaGmScannerKt.main$lambda$2(SkiaGmScanner.kt:134)
	at java.base/java.lang.Thread.run(Thread.java:1474)
[FAIL] 298 crbug_224618 (0ms) unsupported.material.gradient_tile_mode_unsupported: unsupported.material.gradient_tile_mode_unsupported
Exception in thread "Thread-301" java.lang.InterruptedException: sleep interrupted
	at java.base/java.lang.Thread.sleepNanos0(Native Method)
	at java.base/java.lang.Thread.sleepNanos(Thread.java:509)
	at java.base/java.lang.Thread.sleep(Thread.java:540)
	at org.graphiks.kanvas.skia.SkiaGmScannerKt.main$lambda$2(SkiaGmScanner.kt:134)
	at java.base/java.lang.Thread.run(Thread.java:1474)
[FAIL] 299 crbug_404394639 (0ms) unsupported.material.linear_gradient_capability_missing: unsupported.material.linear_gradient_capability_missing
Exception in thread "Thread-302" java.lang.InterruptedException: sleep interrupted
	at java.base/java.lang.Thread.sleepNanos0(Native Method)
	at java.base/java.lang.Thread.sleepNanos(Thread.java:509)
	at java.base/java.lang.Thread.sleep(Thread.java:540)
	at org.graphiks.kanvas.skia.SkiaGmScannerKt.main$lambda$2(SkiaGmScanner.kt:134)
	at java.base/java.lang.Thread.run(Thread.java:1474)
[FAIL] 300 deferred_shader_rt (0ms) unsupported.core_primitive.material.non_solid: Core primitive geometry cannot be lowered exactly by the current canonical route.
Exception in thread "Thread-303" java.lang.InterruptedException: sleep interrupted
	at java.base/java.lang.Thread.sleepNanos0(Native Method)
	at java.base/java.lang.Thread.sleepNanos(Thread.java:509)
	at java.base/java.lang.Thread.sleep(Thread.java:540)
	at org.graphiks.kanvas.skia.SkiaGmScannerKt.main$lambda$2(SkiaGmScanner.kt:134)
	at java.base/java.lang.Thread.run(Thread.java:1474)
[FAIL] 301 bitmaprect_s (0ms) unsupported.material.linear_gradient_capability_missing: unsupported.material.linear_gradient_capability_missing
Exception in thread "Thread-304" java.lang.InterruptedException: sleep interrupted
	at java.base/java.lang.Thread.sleepNanos0(Native Method)
	at java.base/java.lang.Thread.sleepNanos(Thread.java:509)
	at java.base/java.lang.Thread.sleep(Thread.java:540)
	at org.graphiks.kanvas.skia.SkiaGmScannerKt.main$lambda$2(SkiaGmScanner.kt:134)
	at java.base/java.lang.Thread.run(Thread.java:1474)
[FAIL] 302 bitmaprect_i (0ms) unsupported.material.linear_gradient_capability_missing: unsupported.material.linear_gradient_capability_missing
Exception in thread "Thread-305" java.lang.InterruptedException: sleep interrupted
	at java.base/java.lang.Thread.sleepNanos0(Native Method)
	at java.base/java.lang.Thread.sleepNanos(Thread.java:509)
	at java.base/java.lang.Thread.sleep(Thread.java:540)
	at org.graphiks.kanvas.skia.SkiaGmScannerKt.main$lambda$2(SkiaGmScanner.kt:134)
	at java.base/java.lang.Thread.run(Thread.java:1474)
[FAIL] 303 3x3bitmaprect (0ms) unsupported.image.alpha_interpretation: Prepared Surface operation could not be lowered.
Exception in thread "Thread-306" java.lang.InterruptedException: sleep interrupted
	at java.base/java.lang.Thread.sleepNanos0(Native Method)
	at java.base/java.lang.Thread.sleepNanos(Thread.java:509)
	at java.base/java.lang.Thread.sleep(Thread.java:540)
	at org.graphiks.kanvas.skia.SkiaGmScannerKt.main$lambda$2(SkiaGmScanner.kt:134)
	at java.base/java.lang.Thread.run(Thread.java:1474)
[FAIL] 304 draw_bitmap_rect_skbug4734 (0ms) unsupported.image.alpha_interpretation: Prepared Surface operation could not be lowered.
Exception in thread "Thread-307" java.lang.InterruptedException: sleep interrupted
	at java.base/java.lang.Thread.sleepNanos0(Native Method)
	at java.base/java.lang.Thread.sleepNanos(Thread.java:509)
	at java.base/java.lang.Thread.sleep(Thread.java:540)
	at org.graphiks.kanvas.skia.SkiaGmScannerKt.main$lambda$2(SkiaGmScanner.kt:134)
	at java.base/java.lang.Thread.run(Thread.java:1474)
[FAIL] 305 drawminibitmaprect (0ms) unsupported.material.gradient_tile_mode_unsupported: unsupported.material.gradient_tile_mode_unsupported
Exception in thread "Thread-308" java.lang.InterruptedException: sleep interrupted
	at java.base/java.lang.Thread.sleepNanos0(Native Method)
	at java.base/java.lang.Thread.sleepNanos(Thread.java:509)
	at java.base/java.lang.Thread.sleep(Thread.java:540)
	at org.graphiks.kanvas.skia.SkiaGmScannerKt.main$lambda$2(SkiaGmScanner.kt:134)
	at java.base/java.lang.Thread.run(Thread.java:1474)
[FAIL] 306 drawimage_sampling (3ms) null
Exception in thread "Thread-309" java.lang.InterruptedException: sleep interrupted
	at java.base/java.lang.Thread.sleepNanos0(Native Method)
	at java.base/java.lang.Thread.sleepNanos(Thread.java:509)
	at java.base/java.lang.Thread.sleep(Thread.java:540)
	at org.graphiks.kanvas.skia.SkiaGmScannerKt.main$lambda$2(SkiaGmScanner.kt:134)
	at java.base/java.lang.Thread.run(Thread.java:1474)
[FAIL] 307 drawimagerect_filter (0ms) unsupported.image.alpha_interpretation: Prepared Surface operation could not be lowered.
Exception in thread "Thread-310" java.lang.InterruptedException: sleep interrupted
	at java.base/java.lang.Thread.sleepNanos0(Native Method)
	at java.base/java.lang.Thread.sleepNanos(Thread.java:509)
	at java.base/java.lang.Thread.sleep(Thread.java:540)
	at org.graphiks.kanvas.skia.SkiaGmScannerKt.main$lambda$2(SkiaGmScanner.kt:134)
	at java.base/java.lang.Thread.run(Thread.java:1474)
[DONE] 308 encode-alpha-jpeg (7ms)
Exception in thread "Thread-311" java.lang.InterruptedException: sleep interrupted
	at java.base/java.lang.Thread.sleepNanos0(Native Method)
	at java.base/java.lang.Thread.sleepNanos(Thread.java:509)
	at java.base/java.lang.Thread.sleep(Thread.java:540)
	at org.graphiks.kanvas.skia.SkiaGmScannerKt.main$lambda$2(SkiaGmScanner.kt:134)
	at java.base/java.lang.Thread.run(Thread.java:1474)
[FAIL] 309 encode-color-types-webp-lossless (15ms) unsupported.image.alpha_interpretation: Prepared Surface operation could not be lowered.
Exception in thread "Thread-312" java.lang.InterruptedException: sleep interrupted
	at java.base/java.lang.Thread.sleepNanos0(Native Method)
	at java.base/java.lang.Thread.sleepNanos(Thread.java:509)
	at java.base/java.lang.Thread.sleep(Thread.java:540)
	at org.graphiks.kanvas.skia.SkiaGmScannerKt.main$lambda$2(SkiaGmScanner.kt:134)
	at java.base/java.lang.Thread.run(Thread.java:1474)
[DONE] 310 encode-platform (20ms)
Exception in thread "Thread-313" java.lang.InterruptedException: sleep interrupted
	at java.base/java.lang.Thread.sleepNanos0(Native Method)
	at java.base/java.lang.Thread.sleepNanos(Thread.java:509)
	at java.base/java.lang.Thread.sleep(Thread.java:540)
	at org.graphiks.kanvas.skia.SkiaGmScannerKt.main$lambda$2(SkiaGmScanner.kt:134)
	at java.base/java.lang.Thread.run(Thread.java:1474)
Exception in thread "Thread-314" java.lang.InterruptedException: sleep interrupted
[FAIL] 311 encode-srgb-png (103ms) unsupported.image.alpha_interpretation: Prepared Surface operation could not be lowered.
	at java.base/java.lang.Thread.sleepNanos0(Native Method)
	at java.base/java.lang.Thread.sleepNanos(Thread.java:509)
	at java.base/java.lang.Thread.sleep(Thread.java:540)
	at org.graphiks.kanvas.skia.SkiaGmScannerKt.main$lambda$2(SkiaGmScanner.kt:134)
	at java.base/java.lang.Thread.run(Thread.java:1474)
[FAIL] 312 exoticformats (5ms) unsupported.image.alpha_interpretation: Prepared Surface operation could not be lowered.
Exception in thread "Thread-315" java.lang.InterruptedException: sleep interrupted
	at java.base/java.lang.Thread.sleepNanos0(Native Method)
	at java.base/java.lang.Thread.sleepNanos(Thread.java:509)
	at java.base/java.lang.Thread.sleep(Thread.java:540)
	at org.graphiks.kanvas.skia.SkiaGmScannerKt.main$lambda$2(SkiaGmScanner.kt:134)
	at java.base/java.lang.Thread.run(Thread.java:1474)
Exception in thread "Thread-316" java.lang.InterruptedException: sleep interrupted
[FAIL] 313 filterbug (13ms) unsupported.material.source_unimplemented: unsupported.material.source_unimplemented
	at java.base/java.lang.Thread.sleepNanos0(Native Method)
	at java.base/java.lang.Thread.sleepNanos(Thread.java:509)
	at java.base/java.lang.Thread.sleep(Thread.java:540)
	at org.graphiks.kanvas.skia.SkiaGmScannerKt.main$lambda$2(SkiaGmScanner.kt:134)
	at java.base/java.lang.Thread.run(Thread.java:1474)
[DONE] 314 filterindiabox (6ms)
Exception in thread "Thread-317" java.lang.InterruptedException: sleep interrupted
	at java.base/java.lang.Thread.sleepNanos0(Native Method)
	at java.base/java.lang.Thread.sleepNanos(Thread.java:509)
	at java.base/java.lang.Thread.sleep(Thread.java:540)
	at org.graphiks.kanvas.skia.SkiaGmScannerKt.main$lambda$2(SkiaGmScanner.kt:134)
	at java.base/java.lang.Thread.run(Thread.java:1474)
[FAIL] 315 flight_animated_image (5ms) unsupported.surface.prepared.mixed-composite-topology: Prepared Surface composite frames cannot cover the picture topology.
Exception in thread "Thread-318" java.lang.InterruptedException: sleep interrupted
	at java.base/java.lang.Thread.sleepNanos0(Native Method)
	at java.base/java.lang.Thread.sleepNanos(Thread.java:509)
	at java.base/java.lang.Thread.sleep(Thread.java:540)
	at org.graphiks.kanvas.skia.SkiaGmScannerKt.main$lambda$2(SkiaGmScanner.kt:134)
	at java.base/java.lang.Thread.run(Thread.java:1474)
Exception in thread "Thread-319" java.lang.InterruptedException: sleep interrupted
[FAIL] 316 flippity (154ms) unsupported.image.alpha_interpretation: Prepared Surface operation could not be lowered.
	at java.base/java.lang.Thread.sleepNanos0(Native Method)
	at java.base/java.lang.Thread.sleepNanos(Thread.java:509)
	at java.base/java.lang.Thread.sleep(Thread.java:540)
	at org.graphiks.kanvas.skia.SkiaGmScannerKt.main$lambda$2(SkiaGmScanner.kt:134)
	at java.base/java.lang.Thread.run(Thread.java:1474)
[FAIL] 317 format4444 (0ms) unsupported.image.pixel.format: Prepared Surface operation could not be lowered.
Exception in thread "Thread-320" java.lang.InterruptedException: sleep interrupted
	at java.base/java.lang.Thread.sleepNanos0(Native Method)
	at java.base/java.lang.Thread.sleepNanos(Thread.java:509)
	at java.base/java.lang.Thread.sleep(Thread.java:540)
	at org.graphiks.kanvas.skia.SkiaGmScannerKt.main$lambda$2(SkiaGmScanner.kt:134)
	at java.base/java.lang.Thread.run(Thread.java:1474)
[FAIL] 318 giantbitmap_clamp_bilerp_rotate (0ms) unsupported.geometry.path_key_nondeterministic: unsupported.geometry.path_key_nondeterministic
Exception in thread "Thread-321" java.lang.InterruptedException: sleep interrupted
	at java.base/java.lang.Thread.sleepNanos0(Native Method)
	at java.base/java.lang.Thread.sleepNanos(Thread.java:509)
	at java.base/java.lang.Thread.sleep(Thread.java:540)
	at org.graphiks.kanvas.skia.SkiaGmScannerKt.main$lambda$2(SkiaGmScanner.kt:134)
	at java.base/java.lang.Thread.run(Thread.java:1474)
[FAIL] 319 giantbitmap_clamp_bilerp_scale (0ms) unsupported.geometry.path_key_nondeterministic: unsupported.geometry.path_key_nondeterministic
Exception in thread "Thread-322" java.lang.InterruptedException: sleep interrupted
	at java.base/java.lang.Thread.sleepNanos0(Native Method)
	at java.base/java.lang.Thread.sleepNanos(Thread.java:509)
	at java.base/java.lang.Thread.sleep(Thread.java:540)
	at org.graphiks.kanvas.skia.SkiaGmScannerKt.main$lambda$2(SkiaGmScanner.kt:134)
	at java.base/java.lang.Thread.run(Thread.java:1474)
[FAIL] 320 giantbitmap_clamp_point_rotate (0ms) unsupported.geometry.path_key_nondeterministic: unsupported.geometry.path_key_nondeterministic
Exception in thread "Thread-323" java.lang.InterruptedException: sleep interrupted
	at java.base/java.lang.Thread.sleepNanos0(Native Method)
	at java.base/java.lang.Thread.sleepNanos(Thread.java:509)
	at java.base/java.lang.Thread.sleep(Thread.java:540)
	at org.graphiks.kanvas.skia.SkiaGmScannerKt.main$lambda$2(SkiaGmScanner.kt:134)
	at java.base/java.lang.Thread.run(Thread.java:1474)
[FAIL] 321 giantbitmap_clamp_point_scale (0ms) unsupported.geometry.path_key_nondeterministic: unsupported.geometry.path_key_nondeterministic
Exception in thread "Thread-324" java.lang.InterruptedException: sleep interrupted
	at java.base/java.lang.Thread.sleepNanos0(Native Method)
	at java.base/java.lang.Thread.sleepNanos(Thread.java:509)
	at java.base/java.lang.Thread.sleep(Thread.java:540)
	at org.graphiks.kanvas.skia.SkiaGmScannerKt.main$lambda$2(SkiaGmScanner.kt:134)
	at java.base/java.lang.Thread.run(Thread.java:1474)
[FAIL] 322 giantbitmap_mirror_bilerp_rotate (0ms) unsupported.geometry.path_key_nondeterministic: unsupported.geometry.path_key_nondeterministic
Exception in thread "Thread-325" java.lang.InterruptedException: sleep interrupted
	at java.base/java.lang.Thread.sleepNanos0(Native Method)
	at java.base/java.lang.Thread.sleepNanos(Thread.java:509)
	at java.base/java.lang.Thread.sleep(Thread.java:540)
	at org.graphiks.kanvas.skia.SkiaGmScannerKt.main$lambda$2(SkiaGmScanner.kt:134)
	at java.base/java.lang.Thread.run(Thread.java:1474)
[FAIL] 323 giantbitmap_mirror_bilerp_scale (0ms) unsupported.geometry.path_key_nondeterministic: unsupported.geometry.path_key_nondeterministic
Exception in thread "Thread-326" java.lang.InterruptedException: sleep interrupted
	at java.base/java.lang.Thread.sleepNanos0(Native Method)
	at java.base/java.lang.Thread.sleepNanos(Thread.java:509)
	at java.base/java.lang.Thread.sleep(Thread.java:540)
	at org.graphiks.kanvas.skia.SkiaGmScannerKt.main$lambda$2(SkiaGmScanner.kt:134)
	at java.base/java.lang.Thread.run(Thread.java:1474)
[FAIL] 324 giantbitmap_mirror_point_rotate (0ms) unsupported.geometry.path_key_nondeterministic: unsupported.geometry.path_key_nondeterministic
Exception in thread "Thread-327" java.lang.InterruptedException: sleep interrupted
	at java.base/java.lang.Thread.sleepNanos0(Native Method)
	at java.base/java.lang.Thread.sleepNanos(Thread.java:509)
	at java.base/java.lang.Thread.sleep(Thread.java:540)
	at org.graphiks.kanvas.skia.SkiaGmScannerKt.main$lambda$2(SkiaGmScanner.kt:134)
	at java.base/java.lang.Thread.run(Thread.java:1474)
[FAIL] 325 giantbitmap_mirror_point_scale (0ms) unsupported.geometry.path_key_nondeterministic: unsupported.geometry.path_key_nondeterministic
Exception in thread "Thread-328" java.lang.InterruptedException: sleep interrupted
	at java.base/java.lang.Thread.sleepNanos0(Native Method)
	at java.base/java.lang.Thread.sleepNanos(Thread.java:509)
	at java.base/java.lang.Thread.sleep(Thread.java:540)
	at org.graphiks.kanvas.skia.SkiaGmScannerKt.main$lambda$2(SkiaGmScanner.kt:134)
	at java.base/java.lang.Thread.run(Thread.java:1474)
[FAIL] 326 giantbitmap_repeat_bilerp_rotate (0ms) unsupported.geometry.path_key_nondeterministic: unsupported.geometry.path_key_nondeterministic
Exception in thread "Thread-329" java.lang.InterruptedException: sleep interrupted
	at java.base/java.lang.Thread.sleepNanos0(Native Method)
	at java.base/java.lang.Thread.sleepNanos(Thread.java:509)
	at java.base/java.lang.Thread.sleep(Thread.java:540)
	at org.graphiks.kanvas.skia.SkiaGmScannerKt.main$lambda$2(SkiaGmScanner.kt:134)
	at java.base/java.lang.Thread.run(Thread.java:1474)
[FAIL] 327 giantbitmap_repeat_bilerp_scale (0ms) unsupported.geometry.path_key_nondeterministic: unsupported.geometry.path_key_nondeterministic
Exception in thread "Thread-330" java.lang.InterruptedException: sleep interrupted
	at java.base/java.lang.Thread.sleepNanos0(Native Method)
	at java.base/java.lang.Thread.sleepNanos(Thread.java:509)
	at java.base/java.lang.Thread.sleep(Thread.java:540)
	at org.graphiks.kanvas.skia.SkiaGmScannerKt.main$lambda$2(SkiaGmScanner.kt:134)
	at java.base/java.lang.Thread.run(Thread.java:1474)
[FAIL] 328 giantbitmap_repeat_point_rotate (0ms) unsupported.geometry.path_key_nondeterministic: unsupported.geometry.path_key_nondeterministic
Exception in thread "Thread-331" java.lang.InterruptedException: sleep interrupted
	at java.base/java.lang.Thread.sleepNanos0(Native Method)
	at java.base/java.lang.Thread.sleepNanos(Thread.java:509)
	at java.base/java.lang.Thread.sleep(Thread.java:540)
	at org.graphiks.kanvas.skia.SkiaGmScannerKt.main$lambda$2(SkiaGmScanner.kt:134)
	at java.base/java.lang.Thread.run(Thread.java:1474)
[FAIL] 329 giantbitmap_repeat_point_scale (0ms) unsupported.geometry.path_key_nondeterministic: unsupported.geometry.path_key_nondeterministic
Exception in thread "Thread-332" java.lang.InterruptedException: sleep interrupted
	at java.base/java.lang.Thread.sleepNanos0(Native Method)
	at java.base/java.lang.Thread.sleepNanos(Thread.java:509)
	at java.base/java.lang.Thread.sleep(Thread.java:540)
	at org.graphiks.kanvas.skia.SkiaGmScannerKt.main$lambda$2(SkiaGmScanner.kt:134)
	at java.base/java.lang.Thread.run(Thread.java:1474)
[DONE] 330 grayscalejpg (5ms)
Exception in thread "Thread-333" java.lang.InterruptedException: sleep interrupted
	at java.base/java.lang.Thread.sleepNanos0(Native Method)
	at java.base/java.lang.Thread.sleepNanos(Thread.java:509)
	at java.base/java.lang.Thread.sleep(Thread.java:540)
	at org.graphiks.kanvas.skia.SkiaGmScannerKt.main$lambda$2(SkiaGmScanner.kt:134)
	at java.base/java.lang.Thread.run(Thread.java:1474)
[FAIL] 331 hugebitmapshader (2ms) unsupported.material.source_unimplemented: unsupported.material.source_unimplemented
Exception in thread "Thread-334" java.lang.InterruptedException: sleep interrupted
	at java.base/java.lang.Thread.sleepNanos0(Native Method)
	at java.base/java.lang.Thread.sleepNanos(Thread.java:509)
	at java.base/java.lang.Thread.sleep(Thread.java:540)
	at org.graphiks.kanvas.skia.SkiaGmScannerKt.main$lambda$2(SkiaGmScanner.kt:134)
	at java.base/java.lang.Thread.run(Thread.java:1474)
[FAIL] 332 image-cacherator-from-picture (0ms) unsupported.geometry.path_key_nondeterministic: unsupported.geometry.path_key_nondeterministic
Exception in thread "Thread-335" java.lang.InterruptedException: sleep interrupted
	at java.base/java.lang.Thread.sleepNanos0(Native Method)
	at java.base/java.lang.Thread.sleepNanos(Thread.java:509)
	at java.base/java.lang.Thread.sleep(Thread.java:540)
	at org.graphiks.kanvas.skia.SkiaGmScannerKt.main$lambda$2(SkiaGmScanner.kt:134)
	at java.base/java.lang.Thread.run(Thread.java:1474)
[FAIL] 333 image_dither (0ms) unsupported.material.linear_gradient_capability_missing: unsupported.material.linear_gradient_capability_missing
Exception in thread "Thread-336" java.lang.InterruptedException: sleep interrupted
	at java.base/java.lang.Thread.sleepNanos0(Native Method)
	at java.base/java.lang.Thread.sleepNanos(Thread.java:509)
	at java.base/java.lang.Thread.sleep(Thread.java:540)
	at org.graphiks.kanvas.skia.SkiaGmScannerKt.main$lambda$2(SkiaGmScanner.kt:134)
	at java.base/java.lang.Thread.run(Thread.java:1474)
[FAIL] 334 imagefilter_transformed_image (38ms) unsupported.image.alpha_interpretation: Prepared Surface operation could not be lowered.
Exception in thread "Thread-337" java.lang.InterruptedException: sleep interrupted
	at java.base/java.lang.Thread.sleepNanos0(Native Method)
	at java.base/java.lang.Thread.sleepNanos(Thread.java:509)
	at java.base/java.lang.Thread.sleep(Thread.java:540)
	at org.graphiks.kanvas.skia.SkiaGmScannerKt.main$lambda$2(SkiaGmScanner.kt:134)
	at java.base/java.lang.Thread.run(Thread.java:1474)
[FAIL] 335 imagefilterscropexpand (11ms) unsupported.composite.paint: Prepared Surface composite could not be lowered.
Exception in thread "Thread-338" java.lang.InterruptedException: sleep interrupted
	at java.base/java.lang.Thread.sleepNanos0(Native Method)
	at java.base/java.lang.Thread.sleepNanos(Thread.java:509)
	at java.base/java.lang.Thread.sleep(Thread.java:540)
	at org.graphiks.kanvas.skia.SkiaGmScannerKt.main$lambda$2(SkiaGmScanner.kt:134)
	at java.base/java.lang.Thread.run(Thread.java:1474)
[FAIL] 336 imagefiltersgraph (48ms) unsupported.image.native_binding: Prepared Surface operation could not be lowered.
Exception in thread "Thread-339" java.lang.InterruptedException: sleep interrupted
	at java.base/java.lang.Thread.sleepNanos0(Native Method)
	at java.base/java.lang.Thread.sleepNanos(Thread.java:509)
	at java.base/java.lang.Thread.sleep(Thread.java:540)
	at org.graphiks.kanvas.skia.SkiaGmScannerKt.main$lambda$2(SkiaGmScanner.kt:134)
	at java.base/java.lang.Thread.run(Thread.java:1474)
[FAIL] 337 image-surface (6ms) unsupported.geometry.path_key_nondeterministic: unsupported.geometry.path_key_nondeterministic
Exception in thread "Thread-340" java.lang.InterruptedException: sleep interrupted
	at java.base/java.lang.Thread.sleepNanos0(Native Method)
	at java.base/java.lang.Thread.sleepNanos(Thread.java:509)
	at java.base/java.lang.Thread.sleep(Thread.java:540)
	at org.graphiks.kanvas.skia.SkiaGmScannerKt.main$lambda$2(SkiaGmScanner.kt:134)
	at java.base/java.lang.Thread.run(Thread.java:1474)
[FAIL] 338 imagemagnifier_bounds (49ms) unsupported.composite.operation: Prepared Surface composite could not be lowered.
Exception in thread "Thread-341" java.lang.InterruptedException: sleep interrupted
	at java.base/java.lang.Thread.sleepNanos0(Native Method)
	at java.base/java.lang.Thread.sleepNanos(Thread.java:509)
	at java.base/java.lang.Thread.sleep(Thread.java:540)
	at org.graphiks.kanvas.skia.SkiaGmScannerKt.main$lambda$2(SkiaGmScanner.kt:134)
	at java.base/java.lang.Thread.run(Thread.java:1474)
[FAIL] 339 imagemagnifier_cropped (12ms) unsupported.composite.paint: Prepared Surface composite could not be lowered.
Exception in thread "Thread-342" java.lang.InterruptedException: sleep interrupted
	at java.base/java.lang.Thread.sleepNanos0(Native Method)
	at java.base/java.lang.Thread.sleepNanos(Thread.java:509)
	at java.base/java.lang.Thread.sleep(Thread.java:540)
	at org.graphiks.kanvas.skia.SkiaGmScannerKt.main$lambda$2(SkiaGmScanner.kt:134)
	at java.base/java.lang.Thread.run(Thread.java:1474)
[FAIL] 340 imagemagnifier (5ms) unsupported.composite.paint: Prepared Surface composite could not be lowered.
Exception in thread "Thread-343" java.lang.InterruptedException: sleep interrupted
	at java.base/java.lang.Thread.sleepNanos0(Native Method)
	at java.base/java.lang.Thread.sleepNanos(Thread.java:509)
	at java.base/java.lang.Thread.sleep(Thread.java:540)
	at org.graphiks.kanvas.skia.SkiaGmScannerKt.main$lambda$2(SkiaGmScanner.kt:134)
	at java.base/java.lang.Thread.run(Thread.java:1474)
[FAIL] 341 imagemakewithfilter (1ms) unsupported.image.alpha_interpretation: Prepared Surface operation could not be lowered.
Exception in thread "Thread-344" java.lang.InterruptedException: sleep interrupted
	at java.base/java.lang.Thread.sleepNanos0(Native Method)
	at java.base/java.lang.Thread.sleepNanos(Thread.java:509)
	at java.base/java.lang.Thread.sleep(Thread.java:540)
	at org.graphiks.kanvas.skia.SkiaGmScannerKt.main$lambda$2(SkiaGmScanner.kt:134)
	at java.base/java.lang.Thread.run(Thread.java:1474)
[FAIL] 342 imagemasksubset (1ms) unsupported.image.alpha_interpretation: Prepared Surface operation could not be lowered.
Exception in thread "Thread-345" java.lang.InterruptedException: sleep interrupted
	at java.base/java.lang.Thread.sleepNanos0(Native Method)
	at java.base/java.lang.Thread.sleepNanos(Thread.java:509)
	at java.base/java.lang.Thread.sleep(Thread.java:540)
	at org.graphiks.kanvas.skia.SkiaGmScannerKt.main$lambda$2(SkiaGmScanner.kt:134)
	at java.base/java.lang.Thread.run(Thread.java:1474)
[FAIL] 343 image_out_of_gamut (0ms) unsupported.image.alpha_interpretation: Prepared Surface operation could not be lowered.
Exception in thread "Thread-346" java.lang.InterruptedException: sleep interrupted
	at java.base/java.lang.Thread.sleepNanos0(Native Method)
	at java.base/java.lang.Thread.sleepNanos(Thread.java:509)
	at java.base/java.lang.Thread.sleep(Thread.java:540)
	at org.graphiks.kanvas.skia.SkiaGmScannerKt.main$lambda$2(SkiaGmScanner.kt:134)
	at java.base/java.lang.Thread.run(Thread.java:1474)
[FAIL] 344 image-picture (0ms) unsupported.geometry.path_key_nondeterministic: unsupported.geometry.path_key_nondeterministic
Exception in thread "Thread-347" java.lang.InterruptedException: sleep interrupted
	at java.base/java.lang.Thread.sleepNanos0(Native Method)
	at java.base/java.lang.Thread.sleepNanos(Thread.java:509)
	at java.base/java.lang.Thread.sleep(Thread.java:540)
	at org.graphiks.kanvas.skia.SkiaGmScannerKt.main$lambda$2(SkiaGmScanner.kt:134)
	at java.base/java.lang.Thread.run(Thread.java:1474)
[FAIL] 345 imageresizetiled (6ms) unsupported.composite.operation: Prepared Surface composite could not be lowered.
Exception in thread "Thread-348" java.lang.InterruptedException: sleep interrupted
	at java.base/java.lang.Thread.sleepNanos0(Native Method)
	at java.base/java.lang.Thread.sleepNanos(Thread.java:509)
	at java.base/java.lang.Thread.sleep(Thread.java:540)
	at org.graphiks.kanvas.skia.SkiaGmScannerKt.main$lambda$2(SkiaGmScanner.kt:134)
	at java.base/java.lang.Thread.run(Thread.java:1474)
[FAIL] 346 image-shader (0ms) unsupported.geometry.path_key_nondeterministic: unsupported.geometry.path_key_nondeterministic
Exception in thread "Thread-349" java.lang.InterruptedException: sleep interrupted
	at java.base/java.lang.Thread.sleepNanos0(Native Method)
	at java.base/java.lang.Thread.sleepNanos(Thread.java:509)
	at java.base/java.lang.Thread.sleep(Thread.java:540)
	at org.graphiks.kanvas.skia.SkiaGmScannerKt.main$lambda$2(SkiaGmScanner.kt:134)
	at java.base/java.lang.Thread.run(Thread.java:1474)
[FAIL] 347 imagesource (49ms) unsupported.surface.prepared.image-clip: Prepared Surface operation could not be lowered.
Exception in thread "Thread-350" java.lang.InterruptedException: sleep interrupted
	at java.base/java.lang.Thread.sleepNanos0(Native Method)
	at java.base/java.lang.Thread.sleepNanos(Thread.java:509)
	at java.base/java.lang.Thread.sleep(Thread.java:540)
	at org.graphiks.kanvas.skia.SkiaGmScannerKt.main$lambda$2(SkiaGmScanner.kt:134)
	at java.base/java.lang.Thread.run(Thread.java:1474)
[FAIL] 348 image_subset (1ms) unsupported.core_primitive.stencil_edge_fan_budget: Core primitive geometry cannot be lowered exactly by the current canonical route.
Exception in thread "Thread-351" java.lang.InterruptedException: sleep interrupted
	at java.base/java.lang.Thread.sleepNanos0(Native Method)
	at java.base/java.lang.Thread.sleepNanos(Thread.java:509)
	at java.base/java.lang.Thread.sleep(Thread.java:540)
	at org.graphiks.kanvas.skia.SkiaGmScannerKt.main$lambda$2(SkiaGmScanner.kt:134)
	at java.base/java.lang.Thread.run(Thread.java:1474)
[DONE] 349 imageshader_tinyscale (20ms)
Exception in thread "Thread-352" java.lang.InterruptedException: sleep interrupted
	at java.base/java.lang.Thread.sleepNanos0(Native Method)
	at java.base/java.lang.Thread.sleepNanos(Thread.java:509)
	at java.base/java.lang.Thread.sleep(Thread.java:540)
	at org.graphiks.kanvas.skia.SkiaGmScannerKt.main$lambda$2(SkiaGmScanner.kt:134)
	at java.base/java.lang.Thread.run(Thread.java:1474)
[TIMEOUT] 350 jpg-color-cube 30s

> Task :integration-tests:skia:generateSkiaScan FAILED

[Incubating] Problems report is available at: file:///Users/chaos/.local/share/opencode/worktree/b0ac68aba2977c8e330962597a21babf616d6567/quick-sailor/build/reports/problems/problems-report.html

FAILURE: Build failed with an exception.

* What went wrong:
Execution failed for task ':integration-tests:skia:generateSkiaScan'.
> Process 'command '/Users/chaos/.sdkman/candidates/java/25.0.1-tem/bin/java'' finished with non-zero exit value 124

* Try:
> Run with --stacktrace option to get the stack trace.
> Run with --info or --debug option to get more log output.
> Run with --scan to generate a Build Scan (powered by Develocity).
> Get more help at https://help.gradle.org.

Deprecated Gradle features were used in this build, making it incompatible with Gradle 10.

You can use '--warning-mode all' to show the individual deprecation warnings and determine if they come from your own scripts or plugins.

For more on this, please refer to https://docs.gradle.org/9.2.0/userguide/command_line_interface.html#sec:command_line_warnings in the Gradle documentation.

BUILD FAILED in 1m 22s
84 actionable tasks: 2 executed, 82 up-to-date
